,title,index,discipline,year,context,files,correctAlternative,alternativesIntroduction,alternatives,dificuldade,tema,subassunto
0,Questão 136 - ENEM 2023,136,matematica,2023,"Um artista plástico esculpe uma escultura a partir de um bloco de madeira de lei, em etapas. Inicialmente, esculpe um cone reto com 36 cm de altura e diâmetro da base medindo 18 cm. Em seguida, remove desse cone um cone menor, cujo diâmetro da base mede 6 cm, obtendo, assim, um tronco de cone, conforme ilustrado na figura.

![](https://enem.dev/2023/questions/136/565c2d5a-96a0-4468-9bb1-2710707a40fd.png)

Em seguida, perfura esse tronco de cone, removendo um cilindro reto, de diâmetro 6 cm, cujo eixo de simetria é o mesmo do cone original. Dessa forma, ao final, a escultura tem a forma de um tronco de cone com uma perfuração cilíndrica de base a base.  
O tipo de madeira utilizada para produzir essa escultura tem massa igual a 0,6 g por centímetro cúbico de volume. Utilize 3 como aproximação para π.",['https://enem.dev/2023/questions/136/565c2d5a-96a0-4468-9bb1-2710707a40fd.png'],B,"Qual é a massa, em grama, dessa escultura?","[{'letter': 'A', 'text': '1.198,8', 'file': None, 'isCorrect': False}, {'letter': 'B', 'text': '1.296,0', 'file': None, 'isCorrect': True}, {'letter': 'C', 'text': '1.360,8', 'file': None, 'isCorrect': False}, {'letter': 'D', 'text': '4.665,6', 'file': None, 'isCorrect': False}, {'letter': 'E', 'text': '4.860,0', 'file': None, 'isCorrect': False}]",Média,Geometria Espacial,Volume de Cone e Cilindro / Tronco de Cone
1,Questão 137 - ENEM 2023,137,matematica,2023,"Os 100 funcionários de uma empresa estão distribuídos em dois setores: Produção e Administração.

Os funcionários de um mesmo setor recebem salários com valores iguais. O quadro apresenta a quantidade de funcionários por setor e seus respectivos salários.

![](https://enem.dev/2023/questions/137/fc161c5c-10e9-46d8-a75d-09c59b21d5a4.png)",['https://enem.dev/2023/questions/137/fc161c5c-10e9-46d8-a75d-09c59b21d5a4.png'],C,"A média dos salários dos 100 funcionários dessa empresa, em real, é","[{'letter': 'A', 'text': '2.000,00.', 'file': None, 'isCorrect': False}, {'letter': 'B', 'text': '2.500,00.', 'file': None, 'isCorrect': False}, {'letter': 'C', 'text': '3.250,00.', 'file': None, 'isCorrect': True}, {'letter': 'D', 'text': '4.500,00.', 'file': None, 'isCorrect': False}, {'letter': 'E', 'text': '9.000,00.', 'file': None, 'isCorrect': False}]",Média,Estatística e Probabilidade,Média Aritmética / Análise de Tabelas
2,Questão 138 - ENEM 2023,138,matematica,2023,"Visando atrair mais clientes, o gerente de uma loja anunciou uma promoção em que cada cliente que realizar uma compra pode ganhar um voucher para ser usado em sua próxima compra. Para ganhar seu voucher, o cliente precisa retirar, ao acaso, uma bolinha de dentro de cada uma das duas urnas A e B disponibilizadas pelo gerente, nas quais há apenas bolinhas pretas e brancas. Atualmente, a probabilidade de se escolher, ao acaso, uma bolinha preta na urna A é igual a 20% e a probabilidade de se escolher uma bolinha preta na urna B é 25%. Ganha o voucher o cliente que retirar duas bolinhas pretas, uma de cada urna.

Com o passar dos dias, o gerente percebeu que, para a promoção ser viável aos negócios, era preciso alterar a probabilidade de acerto do cliente sem alterar a regra da promoção. Para isso, resolveu alterar a quantidade de bolinhas brancas na urna B de forma que a probabilidade de um cliente ganhar o voucher passasse a ser menor ou igual a 1%. Sabe-se que a urna B tem 4 bolinhas pretas e que, em ambas as urnas, todas as bolinhas têm a mesma probabilidade de serem retiradas.",[],C,Qual é o número mínimo de bolinhas brancas que o gerente deve adicionar à urna B?,"[{'letter': 'A', 'text': '20', 'file': None, 'isCorrect': False}, {'letter': 'B', 'text': '60', 'file': None, 'isCorrect': False}, {'letter': 'C', 'text': '64', 'file': None, 'isCorrect': True}, {'letter': 'D', 'text': '68', 'file': None, 'isCorrect': False}, {'letter': 'E', 'text': '80', 'file': None, 'isCorrect': False}]",Difícil,Estatística e Probabilidade,Probabilidade Simples e Condicional
3,Questão 139 - ENEM 2023,139,matematica,2023,"O gerente de uma fábrica pretende comparar a evolução das vendas de dois produtos similares (I e II). Para isso, passou a verificar o número de unidades vendidas de cada um desses produtos em cada mês. Os resultados dessa verificação, para os meses de abril a junho, são apresentados na tabela.

![](https://enem.dev/2023/questions/139/abba5cb1-da9d-4899-bda7-97099ca51147.png)

O gerente estava decidido a cessar a produção do produto II no mês seguinte àquele em que as vendas do produto I superassem as do produto II.  
Suponha que a variação na quantidade de unidades vendidas dos produtos I e II se manteve, mês a mês, como no período representado na tabela.",['https://enem.dev/2023/questions/139/abba5cb1-da9d-4899-bda7-97099ca51147.png'],D,Em qual mês o produto II parou de ser produzido?,"[{'letter': 'A', 'text': 'Junho.', 'file': None, 'isCorrect': False}, {'letter': 'B', 'text': 'Julho.', 'file': None, 'isCorrect': False}, {'letter': 'C', 'text': 'Agosto.', 'file': None, 'isCorrect': False}, {'letter': 'D', 'text': 'Setembro.', 'file': None, 'isCorrect': True}, {'letter': 'E', 'text': 'Outubro.', 'file': None, 'isCorrect': False}]",Média,Álgebra e Funções,Progressão Aritmética (PA) / Análise de Gráficos e Tabelas
4,Questão 140 - ENEM 2023,140,matematica,2023,"Uma empresa de transporte faz regularmente um levantamento do número de viagens realizadas durante o dia por todos os 160 motoristas cadastrados em seu aplicativo. Em um certo dia, foi gerado um relatório, por meio de um gráfico de barras, no qual se relacionaram a quantidade de motoristas com a quantidade de viagens realizadas até aquele instante do dia.

![](https://enem.dev/2023/questions/140/846c1155-c9f0-48ad-a862-f9bf883c3935.png)",['https://enem.dev/2023/questions/140/846c1155-c9f0-48ad-a862-f9bf883c3935.png'],E,"Comparando os valores da média, da mediana e da moda da distribuição das quantidades de viagens realizadas pelos motoristas cadastrados nessa empresa, obtém-se","[{'letter': 'A', 'text': 'Mediana = média < moda.', 'file': None, 'isCorrect': False}, {'letter': 'B', 'text': 'Mediana = moda < média.', 'file': None, 'isCorrect': False}, {'letter': 'C', 'text': 'Mediana < média < moda.', 'file': None, 'isCorrect': False}, {'letter': 'D', 'text': 'Moda < média < mediana.', 'file': None, 'isCorrect': False}, {'letter': 'E', 'text': 'Moda < mediana < média.', 'file': None, 'isCorrect': True}]",Média,Estatística e Probabilidade,Média (Aritmética/Ponderada) / Mediana / Moda / Análise de Gráficos/Tabelas
5,Questão 141 - ENEM 2023,141,matematica,2023,,[],E,Qual a probabilidade de o vencedor do sorteio ser um estudante do terceiro ano?,"[{'letter': 'A', 'text': None, 'file': 'https://enem.dev/2023/questions/141/e698edb1-adc0-416b-9370-c20a7e878259.jpg', 'isCorrect': False}, {'letter': 'B', 'text': None, 'file': 'https://enem.dev/2023/questions/141/b5f5bdf5-2251-4326-9877-ce9c2d831600.jpg', 'isCorrect': False}, {'letter': 'C', 'text': None, 'file': 'https://enem.dev/2023/questions/141/d241fadb-6516-4ca8-aa9b-e72fff314881.jpg', 'isCorrect': False}, {'letter': 'D', 'text': None, 'file': 'https://enem.dev/2023/questions/141/1dcce683-4ef7-4862-b554-3e3c66de54c3.jpg', 'isCorrect': False}, {'letter': 'E', 'text': None, 'file': 'https://enem.dev/2023/questions/141/7b4de18d-92ca-488f-8419-ec95d852a135.jpg', 'isCorrect': True}]",Fácil,Estatística e Probabilidade,Probabilidade Simples e Condicional
6,Questão 142 - ENEM 2023,142,matematica,2023,,[],A,"Qual é a quantidade mínima de água, em litro, que cada morador, em média, deverá economizar por dia, de modo que o reservatório não fique sem água nos próximos 10 dias?","[{'letter': 'A', 'text': '50', 'file': None, 'isCorrect': True}, {'letter': 'B', 'text': '60', 'file': None, 'isCorrect': False}, {'letter': 'C', 'text': '80', 'file': None, 'isCorrect': False}, {'letter': 'D', 'text': '140', 'file': None, 'isCorrect': False}, {'letter': 'E', 'text': '150', 'file': None, 'isCorrect': False}]",Média,Matematica Básica,Razão e Proporção
7,Questão 143 - ENEM 2023,143,matematica,2023,"Em janeiro do ano passado, a direção de uma fábrica abriu uma creche para os filhos de seus funcionários, com 10 salas, cada uma com capacidade para atender 10 crianças a cada ano. As vagas são sorteadas entre os filhos dos funcionários inscritos, enquanto os não contemplados pelo sorteio formam uma lista de espera. No ano passado, a lista de espera teve 400 nomes e, neste ano, esse número cresceu 10%. A direção da fábrica realizou uma pesquisa e constatou que a lista de espera para o próximo ano terá a mesma quantidade de nomes da lista de espera deste ano. Decidiu, então, construir, ao longo desse ano, novas salas para a creche, também com capacidade de atendimento para 10 crianças cada, de modo que o número de nomes na lista de espera no próximo ano seja 25% menor que o deste ano.",[],B,O número mínimo de salas que deverão ser construídas é,"[{'letter': 'A', 'text': '10', 'file': None, 'isCorrect': False}, {'letter': 'B', 'text': '11', 'file': None, 'isCorrect': True}, {'letter': 'C', 'text': '12', 'file': None, 'isCorrect': False}, {'letter': 'D', 'text': '30', 'file': None, 'isCorrect': False}, {'letter': 'E', 'text': '33', 'file': None, 'isCorrect': False}]",Média,Matemática Básica,Porcentagem / Regra de Três
8,Questão 144 - ENEM 2023,144,matematica,2023,"A foto mostra a construção de uma cisterna destinada ao armazenamento de água. Uma cisterna como essa, na forma de cilindro circular reto com 3 m² de área da base, foi abastecida por um curso-d’água com vazão constante. O seu proprietário registrou a altura do nível da água no interior da cisterna durante o abastecimento em diferentes momentos de um mesmo dia, conforme o quadro.

![](https://enem.dev/2023/questions/144/c606403f-fd10-4c02-8e46-736fece94b85.png)

![](https://enem.dev/2023/questions/144/2107cabc-64d0-4a1f-9eab-fa7dce0e9ac2.png)

Disponível em: www.paraibamix.com. Acesso em: 3 dez. 2012.","['https://enem.dev/2023/questions/144/c606403f-fd10-4c02-8e46-736fece94b85.png', 'https://enem.dev/2023/questions/144/2107cabc-64d0-4a1f-9eab-fa7dce0e9ac2.png']",C,"Qual foi a vazão, em metro cúbico por hora, do curso-d’água que abasteceu a cisterna?","[{'letter': 'A', 'text': '0,3', 'file': None, 'isCorrect': False}, {'letter': 'B', 'text': '0,5', 'file': None, 'isCorrect': False}, {'letter': 'C', 'text': '0,9', 'file': None, 'isCorrect': True}, {'letter': 'D', 'text': '1,8', 'file': None, 'isCorrect': False}, {'letter': 'E', 'text': '2,7', 'file': None, 'isCorrect': False}]",Média,Geometria Espacial,"Volume e Área de Prismas, Cilindros, Cones, Pirâmides e Esferas / Unidades de Medida e Vazão"
9,Questão 145 - ENEM 2023,145,matematica,2023,"Num certo momento de um jogo digital, a tela apresenta a imagem representada na figura. O ponto Q1 representa a posição de um jogador que está com a bola, os pontos Q2, Q3, Q4 , Q5 e Q6  
também indicam posições de jogadores da mesma equipe, e os pontos A e B indicam os dois pés da trave mais próxima deles. No momento da partida retratado, o jogador Q1 tem a posse da bola, que será passada para um dos outros jogadores das posições Qn, n ∈ {2, 3, 4, 5, 6}, cujo ângulo AQnB tenha a mesma medida do ângulo AQ1 B.

![](https://enem.dev/2023/questions/145/f338280e-33fe-4896-b296-cfb94ca78430.png)",['https://enem.dev/2023/questions/145/f338280e-33fe-4896-b296-cfb94ca78430.png'],B,Qual é o jogador que receberá a bola?,"[{'letter': 'A', 'text': None, 'file': 'https://enem.dev/2023/questions/145/b794885b-0519-4e72-87e0-93de02461252.png', 'isCorrect': False}, {'letter': 'B', 'text': None, 'file': 'https://enem.dev/2023/questions/145/57b5461f-1924-4599-9914-4b148b722d7c.png', 'isCorrect': True}, {'letter': 'C', 'text': None, 'file': 'https://enem.dev/2023/questions/145/d7e46a12-9912-4fad-8d9d-225859b42312.png', 'isCorrect': False}, {'letter': 'D', 'text': None, 'file': 'https://enem.dev/2023/questions/145/7a03bf64-9ae1-4137-924d-e1c6110fd1a3.png', 'isCorrect': False}, {'letter': 'E', 'text': None, 'file': 'https://enem.dev/2023/questions/145/5be53460-7a9a-4138-8d62-ac01b26993d6.png', 'isCorrect': False}]",Difícil,Geometria Plana,Áreas de Figuras Planas
10,Questão 146 - ENEM 2023,146,matematica,2023,![](https://enem.dev/2023/questions/146/74e0c851-b2af-410d-9f19-3348dd8f883a.jpg),['https://enem.dev/2023/questions/146/74e0c851-b2af-410d-9f19-3348dd8f883a.jpg'],E,"Considere que os números colocados nos vértices do triângulo estejam em progressão aritmética de razão igual a 2.
Nas condições propostas, quais as possíveis soluções para as somas dos números que formam os lados do triângulo?","[{'letter': 'A', 'text': 'Há somente uma solução possível, e as somas em cada lado do triângulo são iguais a 7.', 'file': None, 'isCorrect': False}, {'letter': 'B', 'text': 'Há somente uma solução possível, e as somas em cada lado do triângulo são iguais a 9.', 'file': None, 'isCorrect': False}, {'letter': 'C', 'text': 'Há somente duas soluções possíveis, uma em que as somas em cada lado do triângulo são iguais a 7 e outra em que as somas são iguais a 9.', 'file': None, 'isCorrect': False}, {'letter': 'D', 'text': 'Há somente duas soluções possíveis, uma em que as somas em cada lado do triângulo são iguais a 9 e outra em que as somas são iguais a 12.', 'file': None, 'isCorrect': False}, {'letter': 'E', 'text': 'Há somente duas soluções possíveis, uma em que as somas em cada lado do triângulo são iguais a 10 e outra em que as somas são iguais a 11.', 'file': None, 'isCorrect': True}]",Difícil,Álgebra e Funções,Progressão Aritmética (PA) e Geométrica (PG)
11,Questão 147 - ENEM 2023,147,matematica,2023,,[],D,"Alguns estudos comprovam que os carboidratos fornecem energia ao corpo, preservam as proteínas estruturais dos músculos durante a prática de atividade física e ainda dão força para o cérebro coordenar os movimentos, o que de fato tem impacto positivo no desenvolvimento do praticante. O ideal é consumir 1 grama de carboidrato para cada minuto de caminhada.
CIRINO, C. Boa pergunta: consumir carboidratos antes dos exercícios melhora o desempenho do atleta? Revista Saúde! É Vital, n. 330, nov. 2010 (adaptado).
Um casal realizará diariamente 30 minutos de caminhada, ingerindo, antes dessa atividade, a quantidade ideal de carboidratos recomendada. Para ter o consumo ideal apenas por meio do consumo de pão de fôrma integral, o casal planeja garantir o suprimento de pães para um período de 30 dias ininterruptos. Sabe-se que cada pacote desse pão vem com 18 fatias, e que cada uma delas tem 15 gramas de carboidratos.
A quantidade mínima de pacotes de pão de fôrma necessários para prover o suprimento a esse casal é","[{'letter': 'A', 'text': '1', 'file': None, 'isCorrect': False}, {'letter': 'B', 'text': '4', 'file': None, 'isCorrect': False}, {'letter': 'C', 'text': '6', 'file': None, 'isCorrect': False}, {'letter': 'D', 'text': '7', 'file': None, 'isCorrect': True}, {'letter': 'E', 'text': '8', 'file': None, 'isCorrect': False}]",Média,Matemática Básica,Razão e Proporção
12,Questão 148 - ENEM 2023,148,ciencias-humanas,2023,"O mastro de uma bandeira foi instalado perpendicularmente ao solo em uma região plana. Devido aos fortes ventos, três cabos de aço, de mesmo comprimento, serão instalados para dar sustentação ao mastro. Cada cabo de aço ficará perfeitamente esticado, com uma extremidade num ponto P do mastro, a uma altura h do solo, e a outra extremidade, num ponto no chão, como mostra a figura.

![](https://enem.dev/2023/questions/148/c6c6b6c4-3fba-4a68-99c6-014bb190c456.png)",['https://enem.dev/2023/questions/148/c6c6b6c4-3fba-4a68-99c6-014bb190c456.png'],C,"Os cabos de aço formam um ângulo a com o plano do chão. Por medida de segurança, há apenas três opções de instalação:
• opção I: h = 11 m e a = 30°
• opção II: h = 12 m e a = 45°
• opção III: h = 18 m e a = 60°
A opção a ser escolhida é aquela em que a medida dos cabos seja a menor possível.
Qual será a medida, em metro, de cada um dos cabos a serem instalados?","[{'letter': 'A', 'text': None, 'file': 'https://enem.dev/2023/questions/148/5caf269a-1856-41a0-8c13-b8ad7c53b935.png', 'isCorrect': False}, {'letter': 'B', 'text': None, 'file': 'https://enem.dev/2023/questions/148/43a6cfb3-4059-4789-b8cc-5c60dc86d06c.png', 'isCorrect': False}, {'letter': 'C', 'text': None, 'file': 'https://enem.dev/2023/questions/148/16d931ae-49d5-4a30-9acf-8c5ad6e8eabb.png', 'isCorrect': True}, {'letter': 'D', 'text': None, 'file': 'https://enem.dev/2023/questions/148/5de1f078-227d-45d8-9c32-d593632fbd05.png', 'isCorrect': False}, {'letter': 'E', 'text': None, 'file': 'https://enem.dev/2023/questions/148/a642bb31-dc04-4195-beb4-3a3dfbade22c.png', 'isCorrect': False}]",Média,Combinatória e Trigonometria,Razões Trigonométricas no Triângulo Retângulo
13,Questão 149 - ENEM 2023,149,ciencias-humanas,2023,"Um controlador de voo dispõe de um instrumento que descreve a altitude de uma aeronave em voo, em função da distância em solo. Essa distância em solo é a medida na horizontal entre o ponto de origem do voo até o ponto que representa a projeção ortogonal da posição da aeronave, em voo, no solo. Essas duas grandezas são dadas numa mesma unidade de medida.

A tela do instrumento representa proporcionalmente as dimensões reais das distâncias associadas ao voo. A figura apresenta a tela do instrumento depois de concluída a viagem de um avião, sendo a medida do lado de cada quadradinho da malha igual a 1 cm.

![](https://enem.dev/2023/questions/149/a88a534d-3ee0-4b70-aba7-1b3e7c46b5f3.png)",['https://enem.dev/2023/questions/149/a88a534d-3ee0-4b70-aba7-1b3e7c46b5f3.png'],E,"Essa tela apresenta os dados de um voo cuja maior altitude alcançada foi de 5 km.
A escala em que essa tela representa as medidas reais é","[{'letter': 'A', 'text': '1 : 5.', 'file': None, 'isCorrect': False}, {'letter': 'B', 'text': '1 : 11.', 'file': None, 'isCorrect': False}, {'letter': 'C', 'text': '1 : 55.', 'file': None, 'isCorrect': False}, {'letter': 'D', 'text': '1 : 5000.', 'file': None, 'isCorrect': False}, {'letter': 'E', 'text': '1 : 500 000.', 'file': None, 'isCorrect': True}]",Média,Matemática Básica,Escala
14,Questão 150 - ENEM 2023,150,matematica,2023,"Dirigir após ingerir bebidas alcoólicas é uma atitude extremamente perigosa, uma vez que, a partir da primeira dose, a pessoa já começa a ter perda de sensibilidade de movimentos e de reflexos. Apesar de a eliminação e absorção do álcool depender de cada pessoa e de como o organismo consegue metabolizar a substância, ao final da primeira hora após a ingestão, a concentração de álcool (C) no sangue corresponde a aproximadamente 90% da quantidade (q) de álcool ingerida, e a eliminação total dessa concentração pode demorar até 12 horas.

Disponível em: http://g1.globo.com. Acesso em: 1 dez. 2018 (adaptado).",[],A,"Nessas condições, ao final da primeira hora após a ingestão da quantidade q de álcool, a concentração C dessa substância no sangue é expressa algebricamente por","[{'letter': 'A', 'text': 'C = 0,9q', 'file': None, 'isCorrect': True}, {'letter': 'B', 'text': 'C = 0,1q', 'file': None, 'isCorrect': False}, {'letter': 'C', 'text': 'C = 1 − 0,1q', 'file': None, 'isCorrect': False}, {'letter': 'D', 'text': 'C = 1 − 0,9q', 'file': None, 'isCorrect': False}, {'letter': 'E', 'text': 'C = q − 10', 'file': None, 'isCorrect': False}]",Fácil,Matemática Básica,Porcentagem
15,Questão 151 - ENEM 2023,151,matematica,2023,"Um investidor iniciante observou o gráfico que apresenta a evolução dos valores de duas criptomoedas A e B em relação ao tempo.

![](https://enem.dev/2023/questions/151/276495a3-e5f2-4e4c-83b0-3473512a5274.png)

Durante horas consecutivas, esses valores foram observados em nove instantes, representados por horas exatas.",['https://enem.dev/2023/questions/151/276495a3-e5f2-4e4c-83b0-3473512a5274.png'],B,Em quantos desses instantes a criptomoeda A estava mais valorizada do que a criptomoeda B?,"[{'letter': 'A', 'text': '3', 'file': None, 'isCorrect': False}, {'letter': 'B', 'text': '4', 'file': None, 'isCorrect': True}, {'letter': 'C', 'text': '6', 'file': None, 'isCorrect': False}, {'letter': 'D', 'text': '7', 'file': None, 'isCorrect': False}, {'letter': 'E', 'text': '9', 'file': None, 'isCorrect': False}]",Fácil,Estatística e Probabilidade,Análise de Gráficos/Tabelas
16,Questão 152 - ENEM 2023,152,matematica,2023,"A exposição a alguns níveis sonoros pode causar lesões auditivas. Por isso, em uma indústria, são adotadas medidas preventivas de acordo com a máquina que o funcionário opera e o nível _N_ de intensidade do som, medido em decibel (dB), a que o operário é exposto, sendo ![](https://enem.dev/2023/questions/152/30b0ee85-ac44-4eca-a7c9-54bd70f9c069.png), _I_ a intensidade do som e ![](https://enem.dev/2023/questions/152/40f43a4f-f8da-44a9-a02c-f20ba89a48ce.png).

Disponível em: www.sofisica.com.br. Acesso em: 8 jul. 2015 (adaptado).

Quando o som é considerado baixo, ou seja, _N_ = 48 dB ou menos, deve ser utilizada a medida preventiva I. No caso de o som ser moderado, quando _N_ está no intervalo (48 dB, 55 dB), deve ser utilizada a medida preventiva II. Quando o som é moderado alto, que equivale a _N_ no intervalo (55 dB, 80 dB), a medida preventiva a ser usada é a III. Se _N_ estiver no intervalo (80 dB, 115 dB), quando o som é considerado alto, deve ser utilizada a medida preventiva IV. E se o som é considerado muito alto, com _N_ maior que 115 dB, deve-se utilizar a medida preventiva V.  
Uma nova máquina, com ![](https://enem.dev/2023/questions/152/13f26008-1dcf-404f-b3cf-aae104a036c1.png), foi adquirida e será classificada de acordo com o nível de ruído que produz.  
Considere 0,3 como aproximação para ![](https://enem.dev/2023/questions/152/717fdd2f-5eef-48c9-9211-8f62bdb2639c.png).","['https://enem.dev/2023/questions/152/30b0ee85-ac44-4eca-a7c9-54bd70f9c069.png', 'https://enem.dev/2023/questions/152/40f43a4f-f8da-44a9-a02c-f20ba89a48ce.png', 'https://enem.dev/2023/questions/152/13f26008-1dcf-404f-b3cf-aae104a036c1.png', 'https://enem.dev/2023/questions/152/717fdd2f-5eef-48c9-9211-8f62bdb2639c.png']",B,O funcionário que operará a nova máquina deverá adotar a medida preventiva,"[{'letter': 'A', 'text': 'I.', 'file': None, 'isCorrect': False}, {'letter': 'B', 'text': 'II.', 'file': None, 'isCorrect': True}, {'letter': 'C', 'text': 'III.', 'file': None, 'isCorrect': False}, {'letter': 'D', 'text': 'IV.', 'file': None, 'isCorrect': False}, {'letter': 'E', 'text': 'V.', 'file': None, 'isCorrect': False}]",Difícil,Álgebra e Funções,Funções Exponenciais e Logarítmicas
17,Questão 153 - ENEM 2023,153,ciencias-humanas,2023,"Um supermercado conta com cinco caixas disponíveis para pagamento. Foram instaladas telas que apresentam o tempo médio gasto por cada caixa para iniciar e finalizar o atendimento de cada cliente, e o número de pessoas presentes na fila de cada caixa em tempo real. Um cliente, na hora de passar sua compra, sabendo que cada um dos cinco caixas iniciará um novo atendimento naquele momento, pretende gastar o menor tempo possível de espera na fila. Ele observa que as telas apresentavam as informações a seguir.  
• Caixa I: atendimento 12 minutos, 5 pessoas na fila.  
• Caixa II: atendimento 6 minutos, 9 pessoas na fila.  
• Caixa III: atendimento 5 minutos, 6 pessoas na fila.  
• Caixa IV: atendimento 15 minutos, 2 pessoas na fila.  
• Caixa V: atendimento 9 minutos, 3 pessoas na fila.",[],E,"Para alcançar seu objetivo, o cliente deverá escolher o caixa","[{'letter': 'A', 'text': 'I.', 'file': None, 'isCorrect': False}, {'letter': 'B', 'text': 'II.', 'file': None, 'isCorrect': False}, {'letter': 'C', 'text': 'III.', 'file': None, 'isCorrect': False}, {'letter': 'D', 'text': 'IV.', 'file': None, 'isCorrect': False}, {'letter': 'E', 'text': 'V.', 'file': None, 'isCorrect': True}]",Fácil,Matemática Básica,Operações com Frações / Razão e Proporção
18,Questão 154 - ENEM 2023,154,ciencias-humanas,2023,"As figuras pintadas no quadro da sala de estar de uma residência representam as silhuetas de parte das torres de um castelo e, ao fundo, a de uma lua cheia. A lua foi pintada na forma de um círculo, e o telhado da torre mais alta, na forma de triângulo equilátero, foi pintado sobrepondo parte da lua. O centro da lua coincide com um dos vértices do telhado da torre mais alta.

![](https://enem.dev/2023/questions/154/d39268bf-82aa-4063-8bcf-dfdafa4a3aa8.png)",['https://enem.dev/2023/questions/154/d39268bf-82aa-4063-8bcf-dfdafa4a3aa8.png'],B,"Nesse quadro, a parte da lua escondida atrás da torre mais alta do castelo pode ser representada por um","[{'letter': 'A', 'text': 'Cone.', 'file': None, 'isCorrect': False}, {'letter': 'B', 'text': 'Setor circular.', 'file': None, 'isCorrect': True}, {'letter': 'C', 'text': 'Segmento circular.', 'file': None, 'isCorrect': False}, {'letter': 'D', 'text': 'Triângulo isósceles.', 'file': None, 'isCorrect': False}, {'letter': 'E', 'text': 'Arco de circunferência.', 'file': None, 'isCorrect': False}]",Média,Geometria Plana,Áreas de Figuras Planas
19,Questão 155 - ENEM 2023,155,matematica,2023,"Na planta baixa de um clube, a piscina é representada por um quadrado cuja área real mede 400 m². Ao redor dessa piscina, será construída uma calçada, de largura constante igual a 5 m.

![](https://enem.dev/2023/questions/155/05746583-c107-4dd6-8a3b-7e7d0da99377.png)",['https://enem.dev/2023/questions/155/05746583-c107-4dd6-8a3b-7e7d0da99377.png'],D,"Qual é a medida da área, em metro quadrado, ocupada pela calçada?","[{'letter': 'A', 'text': '1.000', 'file': None, 'isCorrect': False}, {'letter': 'B', 'text': '900', 'file': None, 'isCorrect': False}, {'letter': 'C', 'text': '600', 'file': None, 'isCorrect': False}, {'letter': 'D', 'text': '500', 'file': None, 'isCorrect': True}, {'letter': 'E', 'text': '400', 'file': None, 'isCorrect': False}]",Média,Geometria Plana,Áreas de Figuras Planas
20,Questão 156 - ENEM 2023,156,matematica,2023,"Uma pessoa caminha por 30 minutos e utiliza um aplicativo instalado em seu celular para monitorar a variação da intensidade do sinal de internet recebido pelo aparelho durante o deslocamento. Chegando ao seu destino, o aplicativo forneceu este gráfico:

![](https://enem.dev/2023/questions/156/e9e0b793-5535-48e6-87c6-5516e6d7c8cd.png)",['https://enem.dev/2023/questions/156/e9e0b793-5535-48e6-87c6-5516e6d7c8cd.png'],A,"Por quantos minutos, durante essa caminhada, o celular dessa pessoa ficou sem receber sinal de internet?","[{'letter': 'A', 'text': '6', 'file': None, 'isCorrect': True}, {'letter': 'B', 'text': '8', 'file': None, 'isCorrect': False}, {'letter': 'C', 'text': '10', 'file': None, 'isCorrect': False}, {'letter': 'D', 'text': '14', 'file': None, 'isCorrect': False}, {'letter': 'E', 'text': '24', 'file': None, 'isCorrect': False}]",Fácil,Estatística e Probabilidade,Análise de Gráficos/Tabelas
21,Questão 157 - ENEM 2023,157,matematica,2023,"Um professor, para promover a aprendizagem dos estudantes em estatística, propôs uma atividade. O objetivo era verificar o percentual de estudantes com massa corporal abaixo da média e altura acima da média de um grupo de estudantes. Para isso, usando uma balança e uma fita métrica, avaliou uma amostra de dez estudantes, anotando as medidas observadas. O gráfico apresenta a massa corporal, em quilograma, e a altura, em metro, obtidas na atividade

![](https://enem.dev/2023/questions/157/13cfbc97-0034-4904-9100-ff5ca3f6504e.png)

Após a coleta dos dados, os estudantes calcularam a média dos valores obtidos, referentes à massa corporal e à altura, obtendo, respectivamente, 80 kg e 1,65 m.",['https://enem.dev/2023/questions/157/13cfbc97-0034-4904-9100-ff5ca3f6504e.png'],B,Qual é o percentual de estudantes dessa amostra com massa corporal abaixo da média e altura acima da média?,"[{'letter': 'A', 'text': '10', 'file': None, 'isCorrect': False}, {'letter': 'B', 'text': '20', 'file': None, 'isCorrect': True}, {'letter': 'C', 'text': '30', 'file': None, 'isCorrect': False}, {'letter': 'D', 'text': '50', 'file': None, 'isCorrect': False}, {'letter': 'E', 'text': '70', 'file': None, 'isCorrect': False}]",Média,Estatística e Probabilidade,Média (Aritmética/Ponderada) / Análise de Gráficos/Tabelas
22,Questão 158 - ENEM 2023,158,matematica,2023,"Um pescador tem um custo fixo diário de R$ 900,00 com combustível, iscas, manutenção de seu barco e outras pequenas despesas. Ele vende cada quilograma de peixe por R$ 5,00. Sua meta é obter um lucro mínimo de R$ 800,00 por dia. Sozinho, ele consegue, ao final de um dia de trabalho, pescar 180 kg de peixe, o que é suficiente apenas para cobrir o custo fixo diário. Portanto, precisa contratar ajudantes, pagando para cada um R$ 250,00 por dia de trabalho. Além desse valor, 4%dareceita obtida pela venda de peixe é repartida igualmente entre os ajudantes. Considerando o tamanho de seu barco, ele pode contratar até 5 ajudantes. Ele sabe que com um ajudante a pesca diária é de 300 kg e que, a partir do segundo ajudante contratado, aumenta-se em 100 kg a quantidade de peixe pescada por ajudante em um dia de trabalho.",[],D,A quantidade mínima de ajudantes que esse pescador precisa contratar para conseguir o lucro diário pretendido é,"[{'letter': 'A', 'text': '1', 'file': None, 'isCorrect': False}, {'letter': 'B', 'text': '2', 'file': None, 'isCorrect': False}, {'letter': 'C', 'text': '3', 'file': None, 'isCorrect': False}, {'letter': 'D', 'text': '4', 'file': None, 'isCorrect': True}, {'letter': 'E', 'text': '5', 'file': None, 'isCorrect': False}]",Difícil,Álgebra e Funções,Equações e Funções de 1º Grau
23,Questão 159 - ENEM 2023,159,matematica,2023,"Um agricultor é informado sobre um método de proteção para sua lavoura que consiste em inserir larvas específicas, de rápida reprodução. A reprodução dessas larvas faz com que sua população multiplique-se por 10 a cada 3 dias e, para evitar eventuais desequilíbrios, é possível cessar essa reprodução aplicando-se um produto X. O agricultor decide iniciar esse método com 100 larvas e dispõe de 5 litros do produto X, cuja aplicação recomendada é de exatamente 1 litro para cada população de 200 000 larvas. A quantidade total do produto X de que ele dispõe deverá ser aplicada de uma única vez.",[],D,Quantos dias após iniciado esse método o agricultor deverá aplicar o produto X?,"[{'letter': 'A', 'text': '2', 'file': None, 'isCorrect': False}, {'letter': 'B', 'text': '4', 'file': None, 'isCorrect': False}, {'letter': 'C', 'text': '6', 'file': None, 'isCorrect': False}, {'letter': 'D', 'text': '12', 'file': None, 'isCorrect': True}, {'letter': 'E', 'text': '18', 'file': None, 'isCorrect': False}]",Difícil,Álgebra e Funções,Funções Exponenciais e Logarítmicas
24,Questão 160 - ENEM 2023,160,matematica,2023,"Ao realizar o cadastro em um aplicativo de investimentos, foi solicitado ao usuário que criasse uma senha, sendo permitido o uso somente dos seguintes caracteres:

• algarismos de 0 a 9;

• 26 letras minúsculas do alfabeto;

• 26 letras maiúsculas do alfabeto;

• 6 caracteres especiais !, @, #, $, \*, &.

Três tipos de estruturas para senha foram apresentadas ao usuário:

• tipo I: formada por quaisquer quatro caracteres distintos, escolhidos dentre os permitidos;

• tipo II: formada por cinco caracteres distintos, iniciando por três letras, seguidas por um algarismo e, ao final, um caractere especial;

• tipo III: formada por seis caracteres distintos, iniciando por duas letras, seguidas por dois algarismos e, ao final, dois caracteres especiais.

Considere ![](https://enem.dev/2023/questions/160/a2d565c2-f39f-4b43-b261-087e349850fe.png) as probabilidades de se descobrirem ao acaso, na primeira tentativa, as senhas dos tipos I, II e III, respectivamente.",['https://enem.dev/2023/questions/160/a2d565c2-f39f-4b43-b261-087e349850fe.png'],A,"Nessas condições, o tipo de senha que apresenta a menor probabilidade de ser descoberta ao acaso, na primeira tentativa, é o","[{'letter': 'A', 'text': 'Tipo I, pois p1 < p2 < p3.', 'file': None, 'isCorrect': True}, {'letter': 'B', 'text': 'Tipo I, pois tem menor quantidade de caracteres.', 'file': None, 'isCorrect': False}, {'letter': 'C', 'text': 'Tipo II, pois tem maior quantidade de letras.', 'file': None, 'isCorrect': False}, {'letter': 'D', 'text': 'Tipo III, pois p3 < p2 < p1', 'file': None, 'isCorrect': False}, {'letter': 'E', 'text': 'Tipo III, pois tem maior quantidade de caracteres.', 'file': None, 'isCorrect': False}]",Difícil,Combinatória e Trigonometria,Princípio Fundamental da Contagem
25,Questão 161 - ENEM 2023,161,matematica,2023,"Uma loja vende seus produtos de duas formas: à vista ou financiado em três parcelas mensais iguais. Para definir o valor dessas parcelas nas vendas financiadas, a loja aumenta em 20% o valor do produto à vista e divide esse novo valor por 3. A primeira parcela deve ser paga no ato da compra, e as duas últimas, em 30 e 60 dias após a compra.

Um cliente da loja decidiu comprar, de forma financiada, um produto cujo valor à vista é R$ 1 500,00.

Utilize 5,29 como aproximação para 28.",[],D,A taxa mensal de juros compostos praticada nesse financiamento é de,"[{'letter': 'A', 'text': '6,7%', 'file': None, 'isCorrect': False}, {'letter': 'B', 'text': '10%', 'file': None, 'isCorrect': False}, {'letter': 'C', 'text': '20%', 'file': None, 'isCorrect': False}, {'letter': 'D', 'text': '21,5%', 'file': None, 'isCorrect': True}, {'letter': 'E', 'text': '23,3%', 'file': None, 'isCorrect': False}]",Difícil,Matemática Básica,Porcentagem / Operações com Frações
26,Questão 162 - ENEM 2023,162,matematica,2023,"Para concretar a laje de sua residência, uma pessoa contratou uma construtora. Tal empresa informa que o preço _y_ do concreto bombeado é composto de duas partes: uma fixa, chamada de taxa de bombeamento, e uma variável, que depende do volume _x_ de concreto utilizado. Sabe-se que a taxa de bombeamento custa R$ 500,00 e que o metro cúbico do concreto bombeado é de R$ 250,00.",[],D,"A expressão que representa o preço y em função do volume x, em metro cúbico, é","[{'letter': 'A', 'text': 'Y = 250x', 'file': None, 'isCorrect': False}, {'letter': 'B', 'text': 'Y = 500x', 'file': None, 'isCorrect': False}, {'letter': 'C', 'text': 'Y = 750x', 'file': None, 'isCorrect': False}, {'letter': 'D', 'text': 'Y = 250x + 500', 'file': None, 'isCorrect': True}, {'letter': 'E', 'text': 'Y = 500x + 250', 'file': None, 'isCorrect': False}]",Fácil,Álgebra e Funções,Equações e Funções de 1º e 2º Grau
27,Questão 163 - ENEM 2023,163,matematica,2023,"Uma empresa de segurança domiciliar oferece o serviço de patrulha noturna, no qual vigilantes em motocicletas fazem o monitoramento periódico de residências. A empresa conta com uma base, de onde acompanha o trajeto realizado pelos vigilantes durante as patrulhas e orienta o deslocamento de equipes de reforço quando necessário. Numa patrulha rotineira, sem ocorrências, um vigilante conduziu sua motocicleta a uma velocidade constante durante todo o itinerário estabelecido, levando 30 minutos para conclusão. De acordo com os registros do GPS alocado na motocicleta, a distância da posição do vigilante à base, ao longo do tempo de realização do trajeto, é descrita pelo gráfico.

![](https://enem.dev/2023/questions/163/ff0caefb-56e7-4c17-bae7-b65b91037e9c.png)",['https://enem.dev/2023/questions/163/ff0caefb-56e7-4c17-bae7-b65b91037e9c.png'],A,A vista superior da trajetória realizada pelo vigilante durante a patrulha registrada no gráfico é descrita pela representação,"[{'letter': 'A', 'text': None, 'file': 'https://enem.dev/2023/questions/163/71c51165-c400-4d10-bb4b-c03ed19ff5ad.png', 'isCorrect': True}, {'letter': 'B', 'text': None, 'file': 'https://enem.dev/2023/questions/163/e04c3016-712a-4e6b-a9e5-be3505a57d41.png', 'isCorrect': False}, {'letter': 'C', 'text': None, 'file': 'https://enem.dev/2023/questions/163/1706f84a-c72a-48c1-982b-708ed91bcc8a.png', 'isCorrect': False}, {'letter': 'D', 'text': None, 'file': 'https://enem.dev/2023/questions/163/d49e3db4-31ee-4123-9a19-599e0b473503.png', 'isCorrect': False}, {'letter': 'E', 'text': None, 'file': 'https://enem.dev/2023/questions/163/7f6e3bbf-ef4c-4a6f-9fdb-407513158e78.png', 'isCorrect': False}]",Média,Estatística e Probabilidade,Análise de Gráficos/Tabelas
28,Questão 164 - ENEM 2023,164,matematica,2023,"O gráfico expõe alguns números da gripe A-H1N1. Entre as categorias que estão em processo de imunização, uma já está completamente imunizada, a dos trabalhadores da saúde.

![](https://enem.dev/2023/questions/164/194cf28a-b40d-493d-b106-8f71aee57f51.png)

Época, 26 abr. 2010 (adaptado).",['https://enem.dev/2023/questions/164/194cf28a-b40d-493d-b106-8f71aee57f51.png'],D,"De acordo com o gráfico, entre as demais categorias, a que está mais exposta ao vírus da gripe A-H1N1 é a categoria de","[{'letter': 'A', 'text': 'Indígenas.', 'file': None, 'isCorrect': False}, {'letter': 'B', 'text': 'Gestantes.', 'file': None, 'isCorrect': False}, {'letter': 'C', 'text': 'Doentes crônicos.', 'file': None, 'isCorrect': False}, {'letter': 'D', 'text': 'Adultos entre 20 e 29 anos.', 'file': None, 'isCorrect': True}, {'letter': 'E', 'text': 'Crianças de 6 meses a 2 anos.', 'file': None, 'isCorrect': False}]",Fácil,Estatística e Probabilidade,Análise de Gráficos/Tabelas
29,Questão 165 - ENEM 2023,165,matematica,2023,"A figura representa uma escada com três degraus, construída em concreto maciço, com suas medidas especificadas.

![](https://enem.dev/2023/questions/165/bf369224-eb93-4bba-98c4-ff7d1e17df36.png)

Nessa escada, pisos e espelhos têm formato retangular, e as paredes laterais têm formato de um polígono cujos lados adjacentes são perpendiculares. Pisos, espelhos e paredes laterais serão revestidos em cerâmica.",['https://enem.dev/2023/questions/165/bf369224-eb93-4bba-98c4-ff7d1e17df36.png'],E,"A área a ser revestida em cerâmica, em metro quadrado, mede","[{'letter': 'A', 'text': '1,20.', 'file': None, 'isCorrect': False}, {'letter': 'B', 'text': '1,35.', 'file': None, 'isCorrect': False}, {'letter': 'C', 'text': '1,65.', 'file': None, 'isCorrect': False}, {'letter': 'D', 'text': '1,80.', 'file': None, 'isCorrect': False}, {'letter': 'E', 'text': '1,95.', 'file': None, 'isCorrect': True}]",Média,Geometria Plana,"Áreas de Figuras Planas (Quadrados, Retângulos, Triângulos, Círculos)"
30,Questão 166 - ENEM 2023,166,matematica,2023,"Uma pessoa pratica quatro atividades físicas — caminhar, correr, andar de bicicleta e jogar futebol — como parte de seu programa de emagrecimento. Essas atividades são praticadas semanalmente de acordo com o quadro, que apresenta o número de horas diárias por atividade.

![](https://enem.dev/2023/questions/166/80863c14-e426-4ae6-9ff0-03f5b3c71160.png)

Ela deseja comemorar seu aniversário e escolhe o dia da semana em que o gasto calórico com as atividades físicas  praticadas for o maior. Para tanto, considera que os valores dos gastos calóricos das atividades por hora (cal/h) são os seguintes:

![](https://enem.dev/2023/questions/166/e3d70b62-2929-4694-ba58-cf45c0ac1374.png)","['https://enem.dev/2023/questions/166/80863c14-e426-4ae6-9ff0-03f5b3c71160.png', 'https://enem.dev/2023/questions/166/e3d70b62-2929-4694-ba58-cf45c0ac1374.png']",C,O dia da semana em que será comemorado o aniversário é,"[{'letter': 'A', 'text': 'Segunda-feira.', 'file': None, 'isCorrect': False}, {'letter': 'B', 'text': 'Terça-feira.', 'file': None, 'isCorrect': False}, {'letter': 'C', 'text': 'Quarta-feira.', 'file': None, 'isCorrect': True}, {'letter': 'D', 'text': 'Quinta-feira.', 'file': None, 'isCorrect': False}, {'letter': 'E', 'text': 'Sexta-feira.', 'file': None, 'isCorrect': False}]",Média,Estatística e Probabilidade,Análise de Gráficos/Tabelas
31,Questão 167 - ENEM 2023,167,matematica,2023,"A cada bimestre, a diretora de uma escola compra uma quantidade de folhas de papel ofício proporcional ao número de alunos matriculados. No bimestre passado, ela comprou 6 000 folhas para serem utilizadas pelos 1 200 alunos matriculados. Neste bimestre, alguns alunos cancelaram suas matrículas e a escola tem, agora, 1 150 alunos. A diretora só pode gastar R$ 220,00 nessa compra, e sabe que o fornecedor da escola vende as folhas de papel ofício em embalagens de 100 unidades a R$ 4,00 a embalagem. Assim, será preciso convencer o fornecedor a dar um desconto à escola, de modo que seja possível comprar a quantidade total de papel ofício necessária para o bimestre.",[],A,"O desconto necessário no preço final da compra, em porcentagem, pertence ao intervalo","[{'letter': 'A', 'text': '(5,0 ; 5,5).', 'file': None, 'isCorrect': True}, {'letter': 'B', 'text': '(8,0 ; 8,5).', 'file': None, 'isCorrect': False}, {'letter': 'C', 'text': '(11,5 ; 12,5).', 'file': None, 'isCorrect': False}, {'letter': 'D', 'text': '(19,5 ; 20,5).', 'file': None, 'isCorrect': False}, {'letter': 'E', 'text': '(3,5 ; 4,0).', 'file': None, 'isCorrect': False}]",Média,Matemática Básica,Razão e Proporção / Porcentagem
32,Questão 168 - ENEM 2023,168,matematica,2023,"Em um colégio público, a admissão no primeiro ano se dá por sorteio. Neste ano há 55 candidatos, cujas inscrições são numeradas de 01 a 55. O sorteio de cada número de inscrição será realizado em etapas, utilizando-se duas urnas. Da primeira urna será sorteada uma bola, dentre bolas numeradas de 0 a 9, que representará o algarismo das unidades do número de inscrição a ser sorteado e, em seguida, da segunda urna, será sorteada uma bola para representar o algarismo das dezenas desse número. Depois do primeiro sorteio, e antes de se sortear o algarismo das dezenas, as bolas que estarão presentes na segunda urna serão apenas aquelas cujos números formam, com o algarismo já sorteado, um número de 01 a 55.",[],A,"As probabilidades de os candidatos de inscrição número 50 e 02 serem sorteados são, respectivamente,","[{'letter': 'A', 'text': None, 'file': 'https://enem.dev/2023/questions/168/a5689a77-7cbd-4f5f-b548-eef2a3fee87f.png', 'isCorrect': True}, {'letter': 'B', 'text': None, 'file': 'https://enem.dev/2023/questions/168/67248715-8948-439d-9770-a652c76ac110.png', 'isCorrect': False}, {'letter': 'C', 'text': None, 'file': 'https://enem.dev/2023/questions/168/4d9a67e0-9136-42e4-855e-c72b0b876d28.png', 'isCorrect': False}, {'letter': 'D', 'text': None, 'file': 'https://enem.dev/2023/questions/168/24184847-9c76-40d3-9c78-44a35f0600e8.png', 'isCorrect': False}, {'letter': 'E', 'text': None, 'file': 'https://enem.dev/2023/questions/168/adeb932f-030f-4190-9b20-33a4a5f968f5.png', 'isCorrect': False}]",Difícil,Estatística e Probabilidade,Probabilidade Simples e Condicional
33,Questão 169 - ENEM 2023,169,matematica,2023,"O esquema mostra como a intensidade luminosa decresce com o aumento da profundidade em um rio, sendo ![](https://enem.dev/2023/questions/169/76239f15-d46d-4067-bb38-bb40ca2f87c0.png) a intensidade na sua superfície.

![](https://enem.dev/2023/questions/169/3af229c8-e385-4ca2-891a-22bdf6b2d593.png)

Considere que a intensidade luminosa diminui, a cada metro acrescido na profundidade, segundo o mesmo padrão do esquema.","['https://enem.dev/2023/questions/169/76239f15-d46d-4067-bb38-bb40ca2f87c0.png', 'https://enem.dev/2023/questions/169/3af229c8-e385-4ca2-891a-22bdf6b2d593.png']",D,A intensidade luminosa correspondente à profundidade de 6 m é igual a,"[{'letter': 'A', 'text': None, 'file': 'https://enem.dev/2023/questions/169/0ad62fa9-ccdd-40b7-95e6-024319a5c9bc.png', 'isCorrect': False}, {'letter': 'B', 'text': None, 'file': 'https://enem.dev/2023/questions/169/74afb699-867b-4b47-8fa9-9c0fddd6db14.png', 'isCorrect': False}, {'letter': 'C', 'text': None, 'file': 'https://enem.dev/2023/questions/169/23fe5ab4-dc1d-4693-8a62-c17abdd5c5cb.png', 'isCorrect': False}, {'letter': 'D', 'text': None, 'file': 'https://enem.dev/2023/questions/169/9394f679-b291-4e10-9384-b1f2c2dba975.png', 'isCorrect': True}, {'letter': 'E', 'text': None, 'file': 'https://enem.dev/2023/questions/169/5037e73b-aa7f-43fd-baa8-4f70d9f0f498.png', 'isCorrect': False}]",Média,Álgebra e Funções,Funções Exponenciais e Logarítmicas
34,Questão 170 - ENEM 2023,170,matematica,2023,"Analisando as vendas de uma empresa, o gerente concluiu que o montante diário arrecadado, em milhar de real, poderia ser calculado pela expressão ![](https://enem.dev/2023/questions/170/369b24e4-258e-4faf-b7df-0c2e3da3c22a.png) , em que os valores de x representam os dias do mês, variando de 1 a 30.

Um dos fatores para avaliar o desempenho mensal da empresa é verificar qual é o menor montante diário ![](https://enem.dev/2023/questions/170/b158b079-eaf5-4f8c-84b1-99db8076a950.png) arrecadado ao longo do mês e classificar o desempenho conforme as categorias apresentadas a seguir, em que as quantidades estão expressas em milhar de real.

![](https://enem.dev/2023/questions/170/e7404490-a2b4-46e1-b1e6-3a8c828050fe.png)","['https://enem.dev/2023/questions/170/369b24e4-258e-4faf-b7df-0c2e3da3c22a.png', 'https://enem.dev/2023/questions/170/b158b079-eaf5-4f8c-84b1-99db8076a950.png', 'https://enem.dev/2023/questions/170/e7404490-a2b4-46e1-b1e6-3a8c828050fe.png']",D,"No caso analisado, qual seria a classificação do desempenho da empresa?","[{'letter': 'A', 'text': 'Ótimo.', 'file': None, 'isCorrect': False}, {'letter': 'B', 'text': 'Bom.', 'file': None, 'isCorrect': False}, {'letter': 'C', 'text': 'Normal.', 'file': None, 'isCorrect': False}, {'letter': 'D', 'text': 'Ruim.', 'file': None, 'isCorrect': True}, {'letter': 'E', 'text': 'Péssimo.', 'file': None, 'isCorrect': False}]",Média,Álgebra e Funções,Equações e Funções de 1º e 2º Grau
35,Questão 171 - ENEM 2023,171,matematica,2023,"O calendário maia apresenta duas contagens simultâneas de anos, o chamado ano Tzolkim, composto por 260 dias e que determinava o calendário religioso, e o ano Haab, composto por 365 dias e que determinava o calendário agrícola. Um historiador encontrou evidências de que gerações de uma mesma família governaram certa comunidade maia pelo período de 20 ciclos, sendo cada ciclo formado por 52 anos Haab.

Disponível em: www.suapesquisa.com. Acesso em: 20 ago. 2014.",[],C,"De acordo com as informações fornecidas, durante quantos anos Tzolkim aquela comunidade maia foi governada por tal família?","[{'letter': 'A', 'text': '741', 'file': None, 'isCorrect': False}, {'letter': 'B', 'text': '1 040', 'file': None, 'isCorrect': False}, {'letter': 'C', 'text': '1 460', 'file': None, 'isCorrect': True}, {'letter': 'D', 'text': '2 100', 'file': None, 'isCorrect': False}, {'letter': 'E', 'text': '5 200', 'file': None, 'isCorrect': False}]",Fácil,Matematica Basica,Razao e Proporcao
36,Questão 172 - ENEM 2023,172,matematica,2023,"Sejam _a_, _b_ e _c_ as medidas dos lados de um triângulo retângulo, tendo a como medida da hipotenusa. Esses valores _a_, _b_ e _c_ são, respectivamente, os diâmetros dos círculos _C1_ , _C2_ e _C3_, como apresentados na figura.

![](https://enem.dev/2023/questions/172/dcdd2743-6ad6-44e8-94ae-d2adec3a3400.png)

Observe que essa construção assegura, pelo teorema de Pitágoras, que área (C1) = área (C2) + área (C3).

Um professor de matemática era conhecedor dessa construção e, confraternizando com dois amigos em uma pizzaria onde são vendidas pizzas somente em formato de círculo, lançou um desafio: mesmo sem usar um instrumento de medição, poderia afirmar com certeza se a área do círculo correspondente à pizza que ele pedisse era maior, igual ou menor do que a soma das áreas das pizzas dos dois amigos. Assim, foram pedidas três pizzas. O professor as dividiu ao meio e formou um triângulo com os diâmetros das pizzas, conforme indicado na figura.

![](https://enem.dev/2023/questions/172/8bd02f79-d5fb-4b8d-9321-c57434be3374.png)

A partir da medida do ângulo a, o professor afirmou que a área de sua pizza é maior do que a soma das áreas das outras duas pizzas.","['https://enem.dev/2023/questions/172/dcdd2743-6ad6-44e8-94ae-d2adec3a3400.png', 'https://enem.dev/2023/questions/172/8bd02f79-d5fb-4b8d-9321-c57434be3374.png']",C,"A área da pizza do professor de matemática é maior do que a soma das áreas das outras duas pizzas, pois","[{'letter': 'A', 'text': '0° < a < 90°', 'file': None, 'isCorrect': False}, {'letter': 'B', 'text': 'A = 90°', 'file': None, 'isCorrect': False}, {'letter': 'C', 'text': '90° < a < 180°', 'file': None, 'isCorrect': True}, {'letter': 'D', 'text': 'A = 180°', 'file': None, 'isCorrect': False}, {'letter': 'E', 'text': '180° < a < 360°', 'file': None, 'isCorrect': False}]",Difícil,Geometria Plana,"Áreas de Figuras Planas (Quadrados, Retângulos, Triângulos, Círculos)"
37,Questão 173 - ENEM 2023,173,matematica,2023,"Entre maratonistas, um parâmetro utilizado é o de economia de corrida (EC). O valor desse parâmetro é calculado pela razão entre o consumo de oxigênio, em mililitro (mL) por minuto (min), e a massa, em quilograma (kg), do atleta correndo a uma velocidade constante.

Disponível em: www.treinamentoonline.com.br. Acesso em: 23 out. 2019 (adaptado).",[],B,"Um maratonista, visando melhorar sua performance, auxiliado por um médico, mensura o seu consumo de oxigênio por minuto a velocidade constante. Com base nesse consumo e na massa do atleta, o médico calcula o EC do atleta.
A unidade de medida da grandeza descrita pelo parâmetro EC é","[{'letter': 'A', 'text': None, 'file': 'https://enem.dev/2023/questions/173/58763f45-39e0-4355-b932-75233adbdf21.png', 'isCorrect': False}, {'letter': 'B', 'text': None, 'file': 'https://enem.dev/2023/questions/173/81adc538-3ad2-4ced-9a2f-9a7f5f247c20.png', 'isCorrect': True}, {'letter': 'C', 'text': None, 'file': 'https://enem.dev/2023/questions/173/5d5d774d-009d-44a6-a774-55719c5547bf.png', 'isCorrect': False}, {'letter': 'D', 'text': None, 'file': 'https://enem.dev/2023/questions/173/3464da35-f15a-4506-b75a-168a26ff4664.png', 'isCorrect': False}, {'letter': 'E', 'text': None, 'file': 'https://enem.dev/2023/questions/173/146d0f23-94de-4fd7-ae01-2d31285103d3.png', 'isCorrect': False}]",Fácil,Matemática Básica,Razão e Proporção
38,Questão 175 - ENEM 2023,175,matematica,2023,"O metrô de um município oferece dois tipos de tíquetes com colorações diferentes, azul e vermelha, sendo vendidos em cartelas, cada qual com nove tíquetes da mesma cor e mesmo valor unitário. Duas cartelas de tíquetes azuis e uma cartela de tíquetes vermelhos são vendidas por R$ 32,40. Sabe-se que o preço de um tíquete azul menos o preço de um tíquete vermelho é igual ao preço de um tíquete vermelho mais cinco centavos.",[],B,"Qual o preço, em real, de uma cartela de tíquetes vermelhos?","[{'letter': 'A', 'text': '4,68', 'file': None, 'isCorrect': False}, {'letter': 'B', 'text': '6,30', 'file': None, 'isCorrect': True}, {'letter': 'C', 'text': '9,30', 'file': None, 'isCorrect': False}, {'letter': 'D', 'text': '10,50', 'file': None, 'isCorrect': False}, {'letter': 'E', 'text': '10,65', 'file': None, 'isCorrect': False}]",Média,Álgebra e Funções,Equações e Funções de 1º Grau
39,Questão 176 - ENEM 2023,176,matematica,2023,"Os números figurados pentagonais provavelmente foram introduzidos pelos pitagóricos por volta do século V a.C. As figuras ilustram como obter os seis primeiros deles, sendo os demais obtidos seguindo o mesmo padrão geométrico.

![](https://enem.dev/2023/questions/176/d21e916b-a5fc-441e-b782-d2d4aca3522b.png)",['https://enem.dev/2023/questions/176/d21e916b-a5fc-441e-b782-d2d4aca3522b.png'],E,O oitavo número pentagonal é,"[{'letter': 'A', 'text': '59', 'file': None, 'isCorrect': False}, {'letter': 'B', 'text': '83', 'file': None, 'isCorrect': False}, {'letter': 'C', 'text': '86', 'file': None, 'isCorrect': False}, {'letter': 'D', 'text': '89', 'file': None, 'isCorrect': False}, {'letter': 'E', 'text': '92', 'file': None, 'isCorrect': True}]",Média,Álgebra e Funções,Equações e Funções de 1º e 2º Grau
40,Questão 177 - ENEM 2023,177,matematica,2023,"A figura ilustra uma roda-gigante no exato instante em que a cadeira onde se encontra a pessoa P está no ponto mais alto dessa roda-gigante.

![](https://enem.dev/2023/questions/177/27c49bd5-ad8c-450c-9f56-970b9ca9c53c.png)

Com o passar do tempo, à medida que a roda-gigante gira, com velocidade angular constante e no sentido horário, a altura da cadeira onde se encontra a pessoa P, em relação ao solo, vai se alterando.",['https://enem.dev/2023/questions/177/27c49bd5-ad8c-450c-9f56-970b9ca9c53c.png'],A,"O gráfico que melhor representa a variação dessa altura, em função do tempo, contado a partir do instante em que a cadeira da pessoa P se encontra na posição mais alta da roda-gigante, é","[{'letter': 'A', 'text': None, 'file': 'https://enem.dev/2023/questions/177/3837d9d0-2ff6-49d7-affa-9bb60aacb00a.png', 'isCorrect': True}, {'letter': 'B', 'text': None, 'file': 'https://enem.dev/2023/questions/177/262c33a1-0c7b-494c-9bd4-92d308154b59.png', 'isCorrect': False}, {'letter': 'C', 'text': None, 'file': 'https://enem.dev/2023/questions/177/b9b5c23e-3ae9-4f92-9500-a1bda3ed5638.png', 'isCorrect': False}, {'letter': 'D', 'text': None, 'file': 'https://enem.dev/2023/questions/177/03cd2618-be50-4803-b159-da8033fdeb8d.png', 'isCorrect': False}, {'letter': 'E', 'text': None, 'file': 'https://enem.dev/2023/questions/177/0624eace-e934-40dc-895c-a505c0c9f183.png', 'isCorrect': False}]",Difícil,Álgebra e Funções,Equações e Funções de 1º e 2º Grau
41,Questão 178 - ENEM 2023,178,matematica,2023,"Estudantes trabalhando com robótica criaram uma “torneira inteligente” que automatiza sua abertura e seu fechamento durante a limpeza das mãos. A tecnologia funciona da seguinte forma: ao se colocarem as mãos sob a torneira, ela libera água durante 3 segundos para que a pessoa possa molhá-las. Em seguida, interrompe o fornecimento de água por 5 segundos, enquanto a pessoa ensaboa suas mãos, e finaliza o ciclo liberando água para o enxágue por mais 3 segundos. Considere o tempo (_t_), em segundo, contado a partir do instante em que se inicia o ciclo. A vazão de água nessa torneira é constante.",[],B,"Um esboço de gráfico que descreve o volume de água acumulado, em litro, liberado por essa torneira durante um ciclo de lavagem das mãos, em função do tempo (t), em segundo, é","[{'letter': 'A', 'text': None, 'file': 'https://enem.dev/2023/questions/178/ad5cc202-0c4f-44fb-aa1a-ec86c2f86da4.png', 'isCorrect': False}, {'letter': 'B', 'text': None, 'file': 'https://enem.dev/2023/questions/178/c3b0946f-0e59-4928-858d-3f0a8887fb80.png', 'isCorrect': True}, {'letter': 'C', 'text': None, 'file': 'https://enem.dev/2023/questions/178/f9e8ae9f-c9d6-4b83-9376-55b5ecba8a38.png', 'isCorrect': False}, {'letter': 'D', 'text': None, 'file': 'https://enem.dev/2023/questions/178/46326c50-0f0b-42cf-a1d5-65299d39a4fd.png', 'isCorrect': False}, {'letter': 'E', 'text': None, 'file': 'https://enem.dev/2023/questions/178/7ebc0f53-95db-497b-bc23-30cf64649c3a.png', 'isCorrect': False}]",Média,Álgebra e Funções,Equações e Funções de 1º Grau
42,Questão 179 - ENEM 2023,179,matematica,2023,"As características culturais variam de povo para povo. Há notícias de um povo que possuía formas de contar diferentes das nossas, como indicado no quadrinho a seguir.

![](https://enem.dev/2023/questions/179/d2b83dd3-33ef-40d6-944a-b98d17f6411b.png)",['https://enem.dev/2023/questions/179/d2b83dd3-33ef-40d6-944a-b98d17f6411b.png'],C,"Segundo o padrão de contagem indicado na figura, as representações dos numerais cinco e sete, nessa cultura, devem ser, respectivamente,","[{'letter': 'A', 'text': 'Okosa urapum urapum urapum e okosa okosa urapum urapum urapum.', 'file': None, 'isCorrect': False}, {'letter': 'B', 'text': 'Okosa okosa urapum e okosa okosa okosa okosa urapum.', 'file': None, 'isCorrect': False}, {'letter': 'C', 'text': 'Okosa okosa urapum e okosa okosa okosa urapum.', 'file': None, 'isCorrect': True}, {'letter': 'D', 'text': 'Okosa urapum urapum e okosa urapum okosa urapum urapum.', 'file': None, 'isCorrect': False}, {'letter': 'E', 'text': 'Okosa okosa urapum e okosa okosa okosa okosa.', 'file': None, 'isCorrect': False}]",Fácil,Matemática Básica,Razão e Proporção
43,Questão 180 - ENEM 2023,180,matematica,2023,"Um tipo de semente necessita de bastante água nos dois primeiros meses após o plantio. Um produtor pretende estabelecer o melhor momento para o plantio desse tipo de semente, nos meses de outubro a março. Após consultar a previsão do índice mensal de precipitação de chuva (ImPC) da região onde ocorrerá o plantio, para o período chuvoso de 2020-2021, ele obteve os seguintes dados:  
• outubro/2020: ImPC = 250 mm;  
• novembro/2020: ImPC = 150 mm;  
• dezembro/2020: ImPC = 200 mm;  
• janeiro/2021: ImPC = 450 mm;  
• fevereiro/2021: ImPC = 100 mm;  
• março/2021: ImPC = 200 mm.

Com base nessas previsões, ele precisa escolher dois meses consecutivos em que a média mensal de precipitação seja a maior possível.",[],C,No início de qual desses meses o produtor deverá plantar esse tipo de semente?,"[{'letter': 'A', 'text': 'Outubro.', 'file': None, 'isCorrect': False}, {'letter': 'B', 'text': 'Novembro.', 'file': None, 'isCorrect': False}, {'letter': 'C', 'text': 'Dezembro.', 'file': None, 'isCorrect': True}, {'letter': 'D', 'text': 'Janeiro.', 'file': None, 'isCorrect': False}, {'letter': 'E', 'text': 'Fevereiro.', 'file': None, 'isCorrect': False}]",Fácil,Estatística e Probabilidade,Média (Aritmética/Ponderada)
44,Questão 136 - ENEM 2022,136,matematica,2022,"Uma máquina em operação tem sua temperatura T monitorada por meio de um registro gráfico, ao longo do tempo t. Essa máquina possui um pistão cuja velocidade V varia com a temperatura T da máquina, de acordo com a expressão V=T²−4. Após a máquina funcionar durante o intervalo de tempo de 10 horas, o seu operador analisa o registro gráfico, apresentado na figura, para avaliar a necessidade de eventuais ajustes, sabendo que a máquina apresenta falhas de funcionamento quando a velocidade do pistão se anula.

![](https://enem.dev/2022/questions/136/44fff3b7-9ad8-4f02-8262-5b4c015a8228.png)",['https://enem.dev/2022/questions/136/44fff3b7-9ad8-4f02-8262-5b4c015a8228.png'],E,Quantas vezes a velocidade do pistão se anulou durante as 10 horas de funcionamento?,"[{'letter': 'A', 'text': '1', 'file': None, 'isCorrect': False}, {'letter': 'B', 'text': '2', 'file': None, 'isCorrect': False}, {'letter': 'C', 'text': '3', 'file': None, 'isCorrect': False}, {'letter': 'D', 'text': '4', 'file': None, 'isCorrect': False}, {'letter': 'E', 'text': '5', 'file': None, 'isCorrect': True}]",Média,Álgebra e Funções,Equações e Funções de 1º e 2º Grau
45,Questão 137 - ENEM 2022,137,matematica,2022,"A World Series é a decisão do campeonato norte-americano de beisebol. Os dois times que chegam  
a essa fase jogam, entre si, até sete partidas. O primeiro desses times que completar quatro vitórias é declarado campeão.

Considere que, em todas as partidas, a probabilidade de qualquer um dos dois times vencer é sempre ![](https://enem.dev/2022/questions/137/091aafba-f2dd-4f19-9655-73e6bd1599b6.png)",['https://enem.dev/2022/questions/137/091aafba-f2dd-4f19-9655-73e6bd1599b6.png'],C,Qual é a probabilidade de o time campeão ser aquele que venceu a primeira partida da World Series?,"[{'letter': 'A', 'text': None, 'file': 'https://enem.dev/2022/questions/137/a62b92ab-65a1-4608-a3ac-3a1e08008845.png', 'isCorrect': False}, {'letter': 'B', 'text': None, 'file': 'https://enem.dev/2022/questions/137/bcc4e92c-3d8c-40e8-8651-b1829f138eb3.png', 'isCorrect': False}, {'letter': 'C', 'text': None, 'file': 'https://enem.dev/2022/questions/137/b783250d-3cdc-48c4-b60a-44d5b2ccc932.png', 'isCorrect': True}, {'letter': 'D', 'text': None, 'file': 'https://enem.dev/2022/questions/137/ccd84f4e-31eb-4dfe-85be-202683fe5af7.png', 'isCorrect': False}, {'letter': 'E', 'text': None, 'file': 'https://enem.dev/2022/questions/137/1cb4062d-0ed1-45ac-a1f7-ce783f591515.png', 'isCorrect': False}]",Difícil,Estatística e Probabilidade,Probabilidade Simples e Condicional
46,Questão 138 - ENEM 2022,138,matematica,2022,"O gráfico apresenta os totais de receitas e despesas de uma empresa, expressos em milhão de reais, no  
decorrer dos meses de um determinado ano. A empresa obtém lucro quando a diferença entre receita e despesa é positiva e tem prejuízo quando essa diferença é negativa.

![](https://enem.dev/2022/questions/138/d738a15a-a083-4720-af91-80d2b3259c9f.png)",['https://enem.dev/2022/questions/138/d738a15a-a083-4720-af91-80d2b3259c9f.png'],D,"Qual é a mediana, em milhão de reais, dos valores dos lucros apurados pela empresa nesse ano?","[{'letter': 'A', 'text': '1,5', 'file': None, 'isCorrect': False}, {'letter': 'B', 'text': '2,0', 'file': None, 'isCorrect': False}, {'letter': 'C', 'text': '2,9', 'file': None, 'isCorrect': False}, {'letter': 'D', 'text': '3,0', 'file': None, 'isCorrect': True}, {'letter': 'E', 'text': '5,5', 'file': None, 'isCorrect': False}]",Média,Estatística e Probabilidade,Mediana / Análise de Gráficos/Tabelas
47,Questão 139 - ENEM 2022,139,matematica,2022,"Um casal está reformando a cozinha de casa e decidiu comprar um refrigerador novo. Observando a planta da nova cozinha, desenhada na escala de 1: 50, notaram que o espaço destinado ao refrigerador tinha 3,8 cm de altura e 1,6 cm de largura. Eles sabem que os fabricantes de refrigeradores indicam que, para um bom funcionamento e fácil manejo na limpeza, esses eletrodomésticos devem ser colocados em espaços que permitam uma distância de, pelo menos, 10 cm de outros móveis ou paredes, tanto na parte superior quanto nas laterais. O casal comprou um refrigerador que caberia no local a ele destinado na nova cozinha, seguindo as instruções do fabricante.",[],A,"Esse refrigerador tem altura e largura máximas, em metro, respectivamente, iguais a","[{'letter': 'A', 'text': '1,80 e 0,60.', 'file': None, 'isCorrect': True}, {'letter': 'B', 'text': '1,80 e 0,70.', 'file': None, 'isCorrect': False}, {'letter': 'C', 'text': '1,90 e 0,80.', 'file': None, 'isCorrect': False}, {'letter': 'D', 'text': '2,00 e 0,90.', 'file': None, 'isCorrect': False}, {'letter': 'E', 'text': '2,00 e 1,00.', 'file': None, 'isCorrect': False}]",Média,Matematica Básica,Escala / Regra de Três
48,Questão 140 - ENEM 2022,140,matematica,2022,"Foram convidadas 32 equipes para um torneio de futebol, que foram divididas em 8 grupos com 4 equipes, sendo que, dentro de um grupo, cada equipe disputa uma única partida contra cada uma das demais equipes de seu grupo. A primeira e a segunda colocadas de cada grupo seguem para realizar as 8 partidas da próxima fase do torneio, chamada oitavas de final. Os vencedores das partidas das oitavas de final seguem para jogar as 4 partidas das quartas de final. Os vencedores das quartas de final disputam as 2 partidas das semifinais, e os vencedores avançam para a grande final, que define a campeã do torneio.

Pelas regras do torneio, cada equipe deve ter um período de descanso de, no mínimo, 3 dias entre dois jogos por ela disputados, ou seja, se um time disputar uma partida, por exemplo, num domingo, só poderá disputar a partida seguinte a partir da quinta-feira da mesma semana.",[],B,O número mínimo de dias necessários para a realização desse torneio é,"[{'letter': 'A', 'text': '22.', 'file': None, 'isCorrect': False}, {'letter': 'B', 'text': '25.', 'file': None, 'isCorrect': True}, {'letter': 'C', 'text': '28.', 'file': None, 'isCorrect': False}, {'letter': 'D', 'text': '48.', 'file': None, 'isCorrect': False}, {'letter': 'E', 'text': '64.', 'file': None, 'isCorrect': False}]",Difícil,Combinatória e Trigonometria,Princípio Fundamental da Contagem
49,Questão 141 - ENEM 2022,141,matematica,2022,"Em um jogo de bingo, as cartelas contêm 16 quadrículas dispostas em linhas e colunas. Cada quadrícula tem impresso um número, dentre os inteiros de 1 a 50, sem repetição de número. Na primeira rodada, um número é sorteado, aleatoriamente, dentre os 50 possíveis. Em todas as rodadas, o número sorteado é descartado e não participa dos sorteios das rodadas seguintes. Caso o jogador tenha em sua cartela o número sorteado, ele o assinala na cartela. Ganha o jogador que primeiro conseguir preencher quatro quadrículas que formam uma linha, uma coluna ou uma diagonal, conforme os tipos de situações ilustradas na Figura 1.

![](https://enem.dev/2022/questions/141/e8e788ea-4e28-4ceb-b928-494d2ca68033.png)

O jogo inicia e, nas quatro primeiras rodadas, foram sorteados os seguintes números: 03, 27, 07 e 48. Ao final da quarta rodada, somente Pedro possuía uma cartela que continha esses quatro números sorteados, sendo que todos os demais jogadores conseguiram assinalar, no máximo, um desses números em suas cartelas. Observe na Figura 2 o cartão de Pedro após as quatro primeiras rodadas.

![](https://enem.dev/2022/questions/141/1e77b1bf-38e6-4145-b78b-91be4088bc11.png)","['https://enem.dev/2022/questions/141/e8e788ea-4e28-4ceb-b928-494d2ca68033.png', 'https://enem.dev/2022/questions/141/1e77b1bf-38e6-4145-b78b-91be4088bc11.png']",E,A probabilidade de Pedro ganhar o jogo em uma das duas próximas rodadas é,"[{'letter': 'A', 'text': None, 'file': 'https://enem.dev/2022/questions/141/cd5a2722-63ec-4baf-bb68-20df7b0342b6.png', 'isCorrect': False}, {'letter': 'B', 'text': None, 'file': 'https://enem.dev/2022/questions/141/3098c816-0b2d-4a41-bd93-48a7103007d3.png', 'isCorrect': False}, {'letter': 'C', 'text': None, 'file': 'https://enem.dev/2022/questions/141/f1b1ddb0-011b-422f-ad9c-be16c2322ab9.png', 'isCorrect': False}, {'letter': 'D', 'text': None, 'file': 'https://enem.dev/2022/questions/141/182be64f-689b-4ab6-b35b-f0dfae3b5a54.png', 'isCorrect': False}, {'letter': 'E', 'text': None, 'file': 'https://enem.dev/2022/questions/141/3d293613-50b5-494a-b8f3-52e16ae9f866.png', 'isCorrect': True}]",Difícil,Estatística e Probabilidade,Probabilidade Simples e Condicional
50,Questão 142 - ENEM 2022,142,matematica,2022,"Uma montadora de automóveis divulgou que oferta a seus clientes mais de 1 000 configurações diferentes de carro, variando o modelo, a motorização, os opcionais e a cor do veículo. Atualmente, ela oferece 7 modelos de carros com 2 tipos de motores: 1.0 e 1.6. Já em relação aos opcionais, existem 3 escolhas possíveis: central multimídia, rodas de liga leve e bancos de couro, podendo o cliente optar por incluir um, dois, três ou nenhum dos opcionais disponíveis.",[],B,"Para ser fiel à divulgação feita, a quantidade mínima de cores que a montadora deverá disponibilizar a seus clientes é","[{'letter': 'A', 'text': '8.', 'file': None, 'isCorrect': False}, {'letter': 'B', 'text': '9.', 'file': None, 'isCorrect': True}, {'letter': 'C', 'text': '11.', 'file': None, 'isCorrect': False}, {'letter': 'D', 'text': '18.', 'file': None, 'isCorrect': False}, {'letter': 'E', 'text': '24.', 'file': None, 'isCorrect': False}]",Difícil,Combinatória e Trigonometria,Princípio Fundamental da Contagem
51,Questão 143 - ENEM 2022,143,matematica,2022,"Dentre as diversas planificações possíveis para o cubo, uma delas é a que se encontra apresentada na Figura 1.

![](https://enem.dev/2022/questions/143/4da64c40-da53-4205-b673-aa5b6274e3e2.jpg)

Em um cubo, foram pintados, em três de suas faces, quadrados de cor cinza escura, que ocupam um quarto dessas faces, tendo esses três quadrados um vértice em comum, conforme ilustrado na Figura 2.

![](https://enem.dev/2022/questions/143/a05cd294-5321-4c85-a081-a86ed7aa3e39.jpg)","['https://enem.dev/2022/questions/143/4da64c40-da53-4205-b673-aa5b6274e3e2.jpg', 'https://enem.dev/2022/questions/143/a05cd294-5321-4c85-a081-a86ed7aa3e39.jpg']",A,"A planificação do cubo da Figura 2, conforme o tipo de planificação apresentada na Figura 1, é","[{'letter': 'A', 'text': None, 'file': 'https://enem.dev/2022/questions/143/37b0d8a0-5992-4fac-8f58-93924c6877e2.jpg', 'isCorrect': True}, {'letter': 'B', 'text': None, 'file': 'https://enem.dev/2022/questions/143/c2a2bae5-e20a-4bdb-af9e-b6d37b0cdc81.jpg', 'isCorrect': False}, {'letter': 'C', 'text': None, 'file': 'https://enem.dev/2022/questions/143/bfd0a9ed-5ff2-444f-b297-e2f37eba789b.jpg', 'isCorrect': False}, {'letter': 'D', 'text': None, 'file': 'https://enem.dev/2022/questions/143/b76f04c7-e485-4c93-8e57-60d5ce9f5623.jpg', 'isCorrect': False}, {'letter': 'E', 'text': None, 'file': 'https://enem.dev/2022/questions/143/2e478466-a3b6-4a44-8c04-a6187dc164df.jpg', 'isCorrect': False}]",Média,Geometria Espacial,"Volume e Área de Prismas, Cilindros, Cones, Pirâmides e Esferas"
52,Questão 144 - ENEM 2022,144,ciencias-humanas,2022,"Cada número que identifica uma agência bancária tem quatro dígitos: ![](https://enem.dev/2022/questions/144/2c8c344f-3729-4f6b-bbb9-24097d77f58a.jpg),![](https://enem.dev/2022/questions/144/6af5740b-feed-4fd4-bde9-486ad2f96240.jpg),![](https://enem.dev/2022/questions/144/4af33750-a0d5-4acc-abe1-c004f5d8451e.jpg),![](https://enem.dev/2022/questions/144/ea762333-b644-495d-bd01-3c0bf752599a.jpg) mais um dígito verificador ![](https://enem.dev/2022/questions/144/f4712f57-56ec-4a65-9e2e-f7c34f4b775f.jpg).

![](https://enem.dev/2022/questions/144/f88bc2d5-7b64-49cf-bd9d-28ddde048358.jpg)

Todos esses dígitos são números naturais pertencentes ao conjunto {0, 1, 2, 3, 4, 5, 6, 7, 8, 9}. Para a determinação de N5, primeiramente multiplica-se  
ordenadamente os quatro primeiros dígitos do número da agência por 5, 4, 3 e 2, respectivamente, somam-se os resultados e obtém-se S = 5 ![](https://enem.dev/2022/questions/144/981157e8-d269-4be5-8aba-f496109d3f31.jpg)\+ 4 ![](https://enem.dev/2022/questions/144/89772d85-6273-49c5-95e4-569b4014ca22.jpg)\+ 3 ![](https://enem.dev/2022/questions/144/164c2b6f-8be5-4ca3-88f7-12fe5a5e872c.jpg)\+ 2 ![](https://enem.dev/2022/questions/144/ad29c509-a515-4ae6-9d86-451780d68e14.jpg). Posteriormente, encontra-se o resto da divisão de S por 11, denotando por R esse resto. Dessa forma, N5 é a diferença 11 − R.  
Considere o número de uma agência bancária cujos quatro primeiros dígitos são 0100.","['https://enem.dev/2022/questions/144/2c8c344f-3729-4f6b-bbb9-24097d77f58a.jpg', 'https://enem.dev/2022/questions/144/6af5740b-feed-4fd4-bde9-486ad2f96240.jpg', 'https://enem.dev/2022/questions/144/4af33750-a0d5-4acc-abe1-c004f5d8451e.jpg', 'https://enem.dev/2022/questions/144/ea762333-b644-495d-bd01-3c0bf752599a.jpg', 'https://enem.dev/2022/questions/144/f4712f57-56ec-4a65-9e2e-f7c34f4b775f.jpg', 'https://enem.dev/2022/questions/144/f88bc2d5-7b64-49cf-bd9d-28ddde048358.jpg', 'https://enem.dev/2022/questions/144/981157e8-d269-4be5-8aba-f496109d3f31.jpg', 'https://enem.dev/2022/questions/144/89772d85-6273-49c5-95e4-569b4014ca22.jpg', 'https://enem.dev/2022/questions/144/164c2b6f-8be5-4ca3-88f7-12fe5a5e872c.jpg', 'https://enem.dev/2022/questions/144/ad29c509-a515-4ae6-9d86-451780d68e14.jpg']",C,Qual é o dígito verificador N5 dessa agência bancária?,"[{'letter': 'A', 'text': '6', 'file': None, 'isCorrect': False}, {'letter': 'B', 'text': '7', 'file': None, 'isCorrect': False}, {'letter': 'C', 'text': '8', 'file': None, 'isCorrect': True}, {'letter': 'D', 'text': '9', 'file': None, 'isCorrect': False}]",Fácil,Matemática Básica,Operações com Frações / Operações Básicas
53,Questão 145 - ENEM 2022,145,matematica,2022,"O pacote básico de um jogo para smartphone, que é vendido a R$ 50,00, contém 2 000 gemas e 100 000 moedas de ouro, que são itens utilizáveis nesse jogo.  
A empresa que comercializa esse jogo decidiu criar um pacote especial que será vendido a R$ 100,00 e que se diferenciará do pacote básico por apresentar maiores quantidades de gemas e moedas de ouro. Para estimular as vendas desse novo pacote, a empresa decidiu inserir nele 6 000 gemas a mais, em relação ao que o cliente teria caso optasse por comprar, com a mesma quantia, dois pacotes básicos.",[],E,"A quantidade de moedas de ouro que a empresa deverá inserir ao pacote especial, para que seja mantida a mesma proporção existente entre as quantidades de gemas e de moedas de ouro contidas no pacote básico, é","[{'letter': 'A', 'text': '50 000.', 'file': None, 'isCorrect': False}, {'letter': 'B', 'text': '100 000.', 'file': None, 'isCorrect': False}, {'letter': 'C', 'text': '200 000.', 'file': None, 'isCorrect': False}, {'letter': 'D', 'text': '300 000.', 'file': None, 'isCorrect': False}, {'letter': 'E', 'text': '400 000.', 'file': None, 'isCorrect': True}]",Média,Matemática Básica,Razão e Proporção
54,Questão 146 - ENEM 2022,146,matematica,2022,"Um parque tem dois circuitos de tamanhos diferentes para corridas. Um corredor treina nesse parque e, no primeiro dia, inicia seu treino percorrendo  
3 voltas em torno do circuito maior e 2 voltas em torno do menor, perfazendo um total de 1 800 m. Em seguida, dando continuidade a seu treino, corre mais 2 voltas em torno do circuito maior e 1 volta em torno do menor,  
percorrendo mais 1 100 m.

No segundo dia, ele pretende percorrer 5 000 m nos circuitos do parque, fazendo um número inteiro de voltas em torno deles e de modo que o número de voltas seja o maior possível.",[],E,"A soma do número de voltas em torno dos dois circuitos, no segundo dia, será","[{'letter': 'A', 'text': '10.', 'file': None, 'isCorrect': False}, {'letter': 'B', 'text': '13.', 'file': None, 'isCorrect': False}, {'letter': 'C', 'text': '14.', 'file': None, 'isCorrect': False}, {'letter': 'D', 'text': '15.', 'file': None, 'isCorrect': False}, {'letter': 'E', 'text': '16', 'file': None, 'isCorrect': True}]",Média,Álgebra e Funções,Equações e Funções de 1º Grau
55,Questão 147 - ENEM 2022,147,matematica,2022,"Uma equipe de marketing digital foi contratada para aumentar as vendas de um produto ofertado em um site de comércio eletrônico. Para isso, elaborou um anúncio que, quando o cliente clica sobre ele, é direcionado  
para a página de vendas do produto. Esse anúncio foi divulgado em duas redes sociais, A e B, e foram obtidos os seguintes resultados:

• rede social A: o anúncio foi visualizado por 3 000 pessoas; 10% delas clicaram sobre o anúncio e foram redirecionadas para o site; 3% das que clicaram sobre o anúncio compraram o produto. O investimento feito para a publicação do anúncio nessa rede foi de R$ 100,00;

• rede social B: o anúncio foi visualizado por 1 000 pessoas; 30% delas clicaram sobre o anúncio e foram redirecionadas para o site; 2% das que  
clicaram sobre o anúncio compraram o produto. O investimento feito para a publicação do anúncio nessa rede foi de R$ 200,00.

Por experiência, o pessoal da equipe de marketing considera que a quantidade de novas pessoas que verão o anúncio é diretamente proporcional ao investimento realizado, e que a quantidade de pessoas que comprarão o produto também se manterá proporcional à quantidade de pessoas que clicarão sobre o anúncio.  
O responsável pelo produto decidiu, então, investir mais R$ 300,00 em cada uma das duas redes sociais para a divulgação desse anúncio e obteve, de fato, o aumento proporcional esperado na quantidade de clientes que compraram esse produto. Para classificar o aumento obtido na quantidade (Q) de compradores desse produto, em consequência dessa segunda divulgação, em relação aos resultados observados na primeira divulgação, o  
responsável pelo produto adotou o seguinte critério:

• Q ≤ 60%: não satisfatório;  
• 60% < Q ≤ 100%: regular;  
• 100% < Q ≤ 150%: bom;  
• 150% < Q ≤ 190%: muito bom;  
• 190% < Q ≤ 200%: excelente",[],C,"O aumento na quantidade de compradores, em consequência dessa segunda divulgação, em relação
ao que foi registrado com a primeira divulgação, foi classificado como","[{'letter': 'A', 'text': 'Não satisfatório.', 'file': None, 'isCorrect': False}, {'letter': 'B', 'text': 'Regular.', 'file': None, 'isCorrect': False}, {'letter': 'C', 'text': 'Bom.', 'file': None, 'isCorrect': True}, {'letter': 'D', 'text': 'Muito bom.', 'file': None, 'isCorrect': False}, {'letter': 'E', 'text': 'Excelente.', 'file': None, 'isCorrect': False}]",Difícil,Matemática Básica,Porcentagem / Razão e Proporção
56,Questão 148 - ENEM 2022,148,matematica,2022,"A luminosidade _L_ de uma estrela está relacionada com o raio _R_ e com a temperatura _T_ dessa estrela segundo a Lei de Stefan-Boltzmann: ![](https://enem.dev/2022/questions/148/00e98ef8-6901-4d38-91f1-1fa1afda8b14.png) em que c é uma constante igual para todas as estrelas.

Disponível em: http://ciencia.hsw.uol.com.br. Acesso em: 22 nov. 2013 (adaptado)

Considere duas estrelas _E_ e _F_, sendo que a estrela _E_ tem metade do raio da estrela _F_ e o dobro da temperatura de _F_.",['https://enem.dev/2022/questions/148/00e98ef8-6901-4d38-91f1-1fa1afda8b14.png'],D,"Indique por LE  e LF suas respectivas luminosidades.
A relação entre as luminosidades dessas duas estrelas é dada por","[{'letter': 'A', 'text': None, 'file': 'https://enem.dev/2022/questions/148/623219f3-b839-4f65-b990-99e2416e78ac.png', 'isCorrect': False}, {'letter': 'B', 'text': None, 'file': 'https://enem.dev/2022/questions/148/ac0ff64f-89bb-4e7c-a004-f3a22719d728.png', 'isCorrect': False}, {'letter': 'C', 'text': None, 'file': 'https://enem.dev/2022/questions/148/282300db-f32c-4e24-b4ec-da66e734e9c4.png', 'isCorrect': False}, {'letter': 'D', 'text': None, 'file': 'https://enem.dev/2022/questions/148/2e2fa9f3-4c51-4920-8048-790d9f42ed80.png', 'isCorrect': True}, {'letter': 'E', 'text': None, 'file': 'https://enem.dev/2022/questions/148/c37d4dda-0f9a-4756-a282-99e7ddd27c64.png', 'isCorrect': False}]",Média,Matemática Básica,Potenciação/Radiciação
57,Questão 149 - ENEM 2022,149,matematica,2022,"Uma das informações que pode auxiliar no dimensionamento do número de pediatras que devem atender em uma Unidade Básica de Saúde (UBS) é o número que representa a mediana da quantidade de crianças por família existente na região sob sua responsabilidade. O quadro mostra a distribuição das frequências do número de crianças por família na região de responsabilidade de uma UBS.

![](https://enem.dev/2022/questions/149/d92eba46-c91d-43d9-accf-ec06c4506ac1.png)",['https://enem.dev/2022/questions/149/d92eba46-c91d-43d9-accf-ec06c4506ac1.png'],B,O número que representa a mediana da quantidade de crianças por família nessa região é,"[{'letter': 'A', 'text': '1,0.', 'file': None, 'isCorrect': False}, {'letter': 'B', 'text': '1,5.', 'file': None, 'isCorrect': True}, {'letter': 'C', 'text': '1,9.', 'file': None, 'isCorrect': False}, {'letter': 'D', 'text': '2,1.', 'file': None, 'isCorrect': False}, {'letter': 'E', 'text': '2,5.', 'file': None, 'isCorrect': False}]",Média,Estatística e Probabilidade,Mediana
58,Questão 150 - ENEM 2022,150,matematica,2022,"Em jogos de voleibol, um saque é invalidado se a bola atingir o teto do ginásio onde ocorre o jogo. Um jogador de uma equipe tem um saque que atinge uma grande altura. Seu recorde foi quando a batida do saque se iniciou a uma altura de 1,5 m do piso da quadra, e a trajetória da bola foi descrita pela parábola ![](https://enem.dev/2022/questions/150/764fcc6a-f737-404f-867b-7caacf69134e.png) , em que y representa a altura da bola em relação ao eixo x (das abscissas) que está localizado a 1,5 m do piso da quadra, como representado na figura. Suponha que em todas as partidas algum saque desse jogador atinja a mesma altura do seu recorde.

![](https://enem.dev/2022/questions/150/0964fd1c-cef0-4132-981d-c148bd70f0aa.png)

A equipe desse jogador participou de um torneio de voleibol no qual jogou cinco partidas, cada uma delas  
em um ginásio diferente. As alturas dos tetos desses ginásios, em relação aos pisos das quadras, são:  
• ginásio I: 17 m;  
• ginásio II: 18 m;  
• ginásio III: 19 m;  
• ginásio IV: 21 m;  
• ginásio V: 40 m.","['https://enem.dev/2022/questions/150/764fcc6a-f737-404f-867b-7caacf69134e.png', 'https://enem.dev/2022/questions/150/0964fd1c-cef0-4132-981d-c148bd70f0aa.png']",D,O saque desse atleta foi invalidado,"[{'letter': 'A', 'text': 'Apenas no ginásio I.', 'file': None, 'isCorrect': False}, {'letter': 'B', 'text': 'Apenas nos ginásios I e II.', 'file': None, 'isCorrect': False}, {'letter': 'C', 'text': 'Apenas nos ginásios I, II e III.', 'file': None, 'isCorrect': False}, {'letter': 'D', 'text': 'Apenas nos ginásios I, II, III e IV.', 'file': None, 'isCorrect': True}, {'letter': 'E', 'text': 'Em todos os ginásios.', 'file': None, 'isCorrect': False}]",Média,Álgebra e Funções,Equações e Funções de 2º Grau
59,Questão 151 - ENEM 2022,151,matematica,2022,"Um médico faz o acompanhamento clínico de um grupo de pessoas que realizam atividades físicas diariamente. Ele observou que a perda média de massa dessas pessoas para cada hora de atividade física era de 1,5 kg. Sabendo que a massa de 1 L de água é de 1 kg, ele recomendou que ingerissem, ao longo das 3 horas seguintes ao final da atividade, uma quantidade total de água correspondente a 40% a mais do que a massa perdida na atividade física, para evitar desidratação.

Seguindo a recomendação médica, uma dessas pessoas ingeriu, certo dia, um total de 1,7 L de água após  
terminar seus exercícios físicos.",[],C,"Para que a recomendação médica tenha efetivamente sido respeitada, a atividade física dessa pessoa, nesse dia, durou","[{'letter': 'A', 'text': '30 minutos ou menos.', 'file': None, 'isCorrect': False}, {'letter': 'B', 'text': 'Mais de 35 e menos de 45 minutos.', 'file': None, 'isCorrect': False}, {'letter': 'C', 'text': 'Mais de 45 e menos de 55 minutos.', 'file': None, 'isCorrect': True}, {'letter': 'D', 'text': 'Mais de 60 e menos de 70 minutos.', 'file': None, 'isCorrect': False}, {'letter': 'E', 'text': '70 minutos ou mais.', 'file': None, 'isCorrect': False}]",Média,Matemática Básica,Porcentagem / Razão e Proporção
60,Questão 152 - ENEM 2022,152,matematica,2022,"Em uma sala de cinema, para garantir que os espectadores vejam toda a imagem projetada na tela, a disposição das poltronas deve obedecer à norma técnica da Associação Brasileira de Normas Técnicas (ABNT), que faz as seguintes indicações:  
• Distância mínima (Dmín) entre a tela de projeção e o encosto da poltrona da primeira fileira deve ser de, pelo menos, 60% da largura (L) da tela.  
• Distância máxima (Dmáx) entre a tela de projeção e o encosto da poltrona da última fileira deve ser o dobro da largura (L) da tela, sendo aceitável uma distância de até 2,9 vezes a largura (L) da tela.  
Para o espaçamento entre as fileiras de poltronas, é considerada a distância de 1 metro entre os encostos de poltronas em duas fileiras consecutivas.

Disponível em: www.ctav.gov.br. Acesso em: 14 nov. 2013.

Disponível em: www.ctav.gov.br. Acesso em: 14 nov. 2013.

![](https://enem.dev/2022/questions/152/f182fb95-a05f-4d8d-bd7d-bbf7adf3d95b.png)

Pretende-se ampliar essa sala, mantendo-se na mesma posição a tela e todas as poltronas já instaladas,  
ampliando-se ao máximo a sala para os fundos (área de instalação de novas poltronas), respeitando-se o limite aceitável da norma da ABNT. A intenção é aumentar, ao máximo, a quantidade de poltronas da sala, instalando-se novas unidades, iguais às já instaladas.",['https://enem.dev/2022/questions/152/f182fb95-a05f-4d8d-bd7d-bbf7adf3d95b.png'],C,Quantas fileiras de poltronas a sala comportará após essa ampliação?,"[{'letter': 'A', 'text': '26', 'file': None, 'isCorrect': False}, {'letter': 'B', 'text': '27', 'file': None, 'isCorrect': False}, {'letter': 'C', 'text': '28', 'file': None, 'isCorrect': True}, {'letter': 'D', 'text': '29', 'file': None, 'isCorrect': False}, {'letter': 'E', 'text': '35', 'file': None, 'isCorrect': False}]",Média,Matemática Básica,Razão e Proporção
61,Questão 153 - ENEM 2022,153,matematica,2022,"![](https://enem.dev/2022/questions/153/f85bbaf3-e20e-48e7-8a5f-143804fa1743.png)

Uma empresa produz e vende um tipo de chocolate, maciço, em formato de cone circular reto com as medidas do diâmetro da base e da altura iguais a 8 cm e 10 cm, respectivamente, como apresenta a figura.

Devido a um aumento de preço dos ingredientes utilizados na produção desse chocolate, a empresa  
decide produzir esse mesmo tipo de chocolate com um volume 19% menor, no mesmo formato de cone circular reto com altura de 10 cm.",['https://enem.dev/2022/questions/153/f85bbaf3-e20e-48e7-8a5f-143804fa1743.png'],C,"Para isso, a empresa produzirá esses novos chocolates com medida do raio da base, em centímetro, igual a","[{'letter': 'A', 'text': '1,52.', 'file': None, 'isCorrect': False}, {'letter': 'B', 'text': '3,24.', 'file': None, 'isCorrect': False}, {'letter': 'C', 'text': '3,60.', 'file': None, 'isCorrect': True}, {'letter': 'D', 'text': '6,48.', 'file': None, 'isCorrect': False}, {'letter': 'E', 'text': '7,20.', 'file': None, 'isCorrect': False}]",Média,Geometria Espacial,"Volume e Área de Prismas, Cilindros, Cones, Pirâmides e Esferas"
62,Questão 154 - ENEM 2022,154,matematica,2022,"Em janeiro de 2013, foram declaradas 1 794 272 admissões e 1 765 372 desligamentos no Brasil, ou seja,  
foram criadas 28 900 vagas de emprego, segundo dados do Cadastro Geral de Empregados e Desempregados (Caged), divulgados pelo Ministério do Trabalho e Emprego (MTE). Segundo o Caged, o número de vagas criadas em janeiro de 2013 sofreu uma queda de 75%, quando comparado com o mesmo período de 2012.

Disponível em: http://portal.mte.gov.br. Acesso em: 23 fev. 2013 (adaptado).",[],C,"De acordo com as informações dadas, o número de vagas criadas em janeiro de 2012 foi","[{'letter': 'A', 'text': '16 514.', 'file': None, 'isCorrect': False}, {'letter': 'B', 'text': '86 700.', 'file': None, 'isCorrect': False}, {'letter': 'C', 'text': '115 600.', 'file': None, 'isCorrect': True}, {'letter': 'D', 'text': '441 343.', 'file': None, 'isCorrect': False}, {'letter': 'E', 'text': '448 568.', 'file': None, 'isCorrect': False}]",Média,Matemática Básica,Porcentagem
63,Questão 155 - ENEM 2022,155,matematica,2022,"Um prédio, com 9 andares e 8 apartamentos de 2 quartos por andar, está com todos os seus apartamentos à venda. Os apartamentos são identificados por números formados por dois algarismos, sendo que a dezena indica o andar onde se encontra o apartamento, e a unidade, um algarismo de 1 a 8, que diferencia os apartamentos de um mesmo andar. Quanto à incidência de sol nos quartos desses apartamentos, constatam-se as seguintes características, em função de seus números de identificação:  
• naqueles que finalizam em 1 ou 2, ambos os quartos recebem sol apenas na parte da manhã;  
• naqueles que finalizam em 3, 4, 5 ou 6, apenas um dos quartos recebe sol na parte da manhã;  
• naqueles que finalizam em 7 ou 8, ambos os quartos recebem sol apenas na parte da tarde.

Uma pessoa pretende comprar 2 desses apartamentos em um mesmo andar, mas quer que, em ambos, pelo menos um dos quartos receba sol na parte da manhã.",[],B,De quantas maneiras diferentes essa pessoa poderá escolher 2 desses apartamentos para compra nas condições desejadas?,"[{'letter': 'A', 'text': None, 'file': 'https://enem.dev/2022/questions/155/4e4d5692-b3ea-4434-aaef-74309d2d3b2a.png', 'isCorrect': False}, {'letter': 'B', 'text': None, 'file': 'https://enem.dev/2022/questions/155/2b0fcee8-c3b1-4c03-ac2a-342792f7ab28.png', 'isCorrect': True}, {'letter': 'C', 'text': None, 'file': 'https://enem.dev/2022/questions/155/e2dfe176-9a1a-49e7-aee5-62794ac8242b.png', 'isCorrect': False}, {'letter': 'D', 'text': None, 'file': 'https://enem.dev/2022/questions/155/0681d716-28d4-4521-801f-5a20871829e5.png', 'isCorrect': False}, {'letter': 'E', 'text': None, 'file': 'https://enem.dev/2022/questions/155/027b58bd-d5b6-4ab1-afb6-a17dd85e31c8.png', 'isCorrect': False}]",Média,Combinatória e Trigonometria,Combinação
64,Questão 156 - ENEM 2022,156,matematica,2022,"O professor de artes orientou seus estudantes a realizarem a seguinte sequência de atividades:  
• Dobrar uma folha de papel em formato quadrado duas vezes, em sequência, ao longo das linhas tracejadas, conforme ilustrado nas figuras 1 e 2, para obter o papel dobrado, conforme Figura 3.

![](https://enem.dev/2022/questions/156/2b1f4d30-ed72-40af-824d-6d394c9d948d.png)

• Em seguida, no papel dobrado da Figura 3, considerar o ponto _R_, sobre o segmento _OM_, sendo  o ponto médio do lado do quadrado original, de modo que ![](https://enem.dev/2022/questions/156/2a89a0e4-1a8b-4b3f-a678-97fa60066bcc.png), traçar um arco de circunferência de raio medindo ![](https://enem.dev/2022/questions/156/1665e780-8437-449e-b389-8d9729b2980c.png) com centro no ponto _R_, obtendo a Figura 4. Por último, recortar o papel ao longo do arco de circunferência e excluir a parte que contém o setor circular, obtendo o papel dobrado, conforme Figura 5.

![](https://enem.dev/2022/questions/156/bf9a172b-bd1e-4e83-9d95-6bc3fd29eadc.png)","['https://enem.dev/2022/questions/156/2b1f4d30-ed72-40af-824d-6d394c9d948d.png', 'https://enem.dev/2022/questions/156/2a89a0e4-1a8b-4b3f-a678-97fa60066bcc.png', 'https://enem.dev/2022/questions/156/1665e780-8437-449e-b389-8d9729b2980c.png', 'https://enem.dev/2022/questions/156/bf9a172b-bd1e-4e83-9d95-6bc3fd29eadc.png']",C,"Após desdobrado o papel que restou na Figura 5, a figura plana que os estudantes obterão será","[{'letter': 'A', 'text': None, 'file': 'https://enem.dev/2022/questions/156/538392d5-583a-4aa5-a47c-61ee0bc6b98d.png', 'isCorrect': False}, {'letter': 'B', 'text': None, 'file': 'https://enem.dev/2022/questions/156/78436952-5965-4c7f-80c3-ca2eee79bb4e.png', 'isCorrect': False}, {'letter': 'C', 'text': None, 'file': 'https://enem.dev/2022/questions/156/ddf97279-7187-4bc2-be7b-25bd70510a73.png', 'isCorrect': True}, {'letter': 'D', 'text': None, 'file': 'https://enem.dev/2022/questions/156/b09ad37a-893e-4709-8b48-bded413fc77f.png', 'isCorrect': False}, {'letter': 'E', 'text': None, 'file': 'https://enem.dev/2022/questions/156/c3221442-88b6-455d-bf9f-5097c75188a2.png', 'isCorrect': False}]",Média,Geometria Plana,Áreas de Figuras Planas
65,Questão 157 - ENEM 2022,157,matematica,2022,"O funcionário de uma loja tem seu salário mensal formado por uma parcela fixa de 675 reais mais uma comissão que depende da quantidade de peças vendidas por ele no mês. O cálculo do valor dessa comissão é feito de acordo com estes critérios:  
• até a quinquagésima peça vendida, paga-se 5 reais por peça;  
• a partir da quinquagésima primeira peça vendida, o valor pago é de 7 reais por peça.  
Represente por q a quantidade de peças vendidas no mês por esse funcionário, e por S(q) o seu salário mensal, em real, nesse mês.",[],E,A expressão algébrica que descreve S(q) em função de q é,"[{'letter': 'A', 'text': None, 'file': 'https://enem.dev/2022/questions/157/fc471085-2399-4726-8cde-a72bae7ac9c5.png', 'isCorrect': False}, {'letter': 'B', 'text': None, 'file': 'https://enem.dev/2022/questions/157/e90bf791-5ee8-4ecf-8c11-34988750ed2b.png', 'isCorrect': False}, {'letter': 'C', 'text': None, 'file': 'https://enem.dev/2022/questions/157/693a22d0-61e8-4f3b-ad77-5b73fc16bc0f.png', 'isCorrect': False}, {'letter': 'D', 'text': None, 'file': 'https://enem.dev/2022/questions/157/62e359c4-eecb-4120-861f-eb5af04c9fec.png', 'isCorrect': False}, {'letter': 'E', 'text': None, 'file': 'https://enem.dev/2022/questions/157/af3c085b-7eb0-4462-a0b1-f79fd1291f67.png', 'isCorrect': True}]",Média,Álgebra e Funções,Equações e Funções de 1º Grau
66,Questão 158 - ENEM 2022,158,matematica,2022,"Ao analisar os dados de uma epidemia em uma cidade, peritos obtiveram um modelo que avalia a quantidade de pessoas infectadas a cada mês, ao longo de um ano. O modelo é dado por ![](https://enem.dev/2022/questions/158/94d1c253-bab8-44b6-aa7a-7bd9552dc398.png), sendo t um número natural, variando de 1 a 12, que representa os meses do ano, e p(t) a quantidade de pessoas infectadas no mês t do ano. Para tentar diminuir o número de infectados no próximo ano, a Secretaria Municipal de Saúde decidiu intensificar a propaganda oficial sobre os cuidados com a epidemia. Foram apresentadas cinco propostas (I, II, III, IV e V), com diferentes períodos de intensificação das propagandas:

![](https://enem.dev/2022/questions/158/e0b502d3-500e-42da-8e2b-431e83be58ff.png)

A sugestäo dos peritos é que seja escolhida a proposta cujo período de intensificação da propaganda englobe o mês em que, sequndo o modelo, há a maior quantidade de infectados. A sugestão foi aceita.","['https://enem.dev/2022/questions/158/94d1c253-bab8-44b6-aa7a-7bd9552dc398.png', 'https://enem.dev/2022/questions/158/e0b502d3-500e-42da-8e2b-431e83be58ff.png']",C,A proposta escolhida foi a,"[{'letter': 'A', 'text': 'I.', 'file': None, 'isCorrect': False}, {'letter': 'B', 'text': 'II.', 'file': None, 'isCorrect': False}, {'letter': 'C', 'text': 'III.', 'file': None, 'isCorrect': True}, {'letter': 'D', 'text': 'IV.', 'file': None, 'isCorrect': False}, {'letter': 'E', 'text': 'V.', 'file': None, 'isCorrect': False}]",Difícil,Álgebra e Funções,Equações e Funções de 1º e 2º Grau
67,Questão 159 - ENEM 2022,159,matematica,2022,"Um atleta iniciou seu treinamento visando as competições de fim de ano. Seu treinamento consiste em cinco tipos diferentes de treinos: treino ![](https://enem.dev/2022/questions/159/1de0b45e-d38b-4536-8661-c1c388ecd03d.png),  treino ![](https://enem.dev/2022/questions/159/0ab1a35f-7889-478e-a862-0edb86d335e6.png), treino  ![](https://enem.dev/2022/questions/159/8b00bc00-9af3-465a-89f2-3345b604b54b.png), treino ![](https://enem.dev/2022/questions/159/14be4d1d-8e19-41a5-bb02-cec32e90d007.png) e treino ![](https://enem.dev/2022/questions/159/136e1c72-59e2-41e7-95d7-b55e4ae92da3.png). A sequência dos treinamentos deve seguir esta ordem:

![](https://enem.dev/2022/questions/159/1c8945f7-b377-4bf6-9eb8-2a44c3c69e2a.png)

A letra R significa repouso. Após completar a sequência de treinamentos, o atleta começa novamente a sequência a partir do treino ![](https://enem.dev/2022/questions/159/660fa349-2c52-41aa-adae-bcd4adaad92e.png), e segue a ordem descrita. Após 24 semanas completas de treinamento, se dará o inicio das competições.

Please select text to grab.

Copyfish

estöes20112Fonteestões2011

OCR successful

##### OCR Result(Auto-Detect)

N/A

##### Translated(English)

Redo OCR Recapture Re-Translate Copy to clipboard","['https://enem.dev/2022/questions/159/1de0b45e-d38b-4536-8661-c1c388ecd03d.png', 'https://enem.dev/2022/questions/159/0ab1a35f-7889-478e-a862-0edb86d335e6.png', 'https://enem.dev/2022/questions/159/8b00bc00-9af3-465a-89f2-3345b604b54b.png', 'https://enem.dev/2022/questions/159/14be4d1d-8e19-41a5-bb02-cec32e90d007.png', 'https://enem.dev/2022/questions/159/136e1c72-59e2-41e7-95d7-b55e4ae92da3.png', 'https://enem.dev/2022/questions/159/1c8945f7-b377-4bf6-9eb8-2a44c3c69e2a.png', 'https://enem.dev/2022/questions/159/660fa349-2c52-41aa-adae-bcd4adaad92e.png']",B,A sequência de treinamentos que o atleta realizará na 24ª semana de treinos é,"[{'letter': 'A', 'text': None, 'file': 'https://enem.dev/2022/questions/159/63615e39-7138-4ae8-9e1b-5096335cc20f.png', 'isCorrect': False}, {'letter': 'B', 'text': None, 'file': 'https://enem.dev/2022/questions/159/cd6feba8-05d7-401f-87d8-c35ddbc366ef.png', 'isCorrect': True}, {'letter': 'C', 'text': None, 'file': 'https://enem.dev/2022/questions/159/f321765a-d92c-4247-b7eb-941db32d9552.png', 'isCorrect': False}, {'letter': 'D', 'text': None, 'file': 'https://enem.dev/2022/questions/159/0a5dac06-c82a-415a-9ab0-311e0d2138cf.png', 'isCorrect': False}, {'letter': 'E', 'text': None, 'file': 'https://enem.dev/2022/questions/159/a9fa3b63-1dae-4542-9b0f-4338e80df580.png', 'isCorrect': False}]",Média,Álgebra e Funções,Progressão Aritmética (PA) e Geométrica (PG)
68,Questão 160 - ENEM 2022,160,matematica,2022,"Um robô, que tem um ímã em sua base, se desloca sobre a superfície externa de um cubo metálico, ao longo de segmentos de reta cujas extremidades são pontos médios de arestas e centros de faces. Ele inicia seu deslocamento no ponto **P**, centro da face superior do cubo, segue para o centro da próxima face, converte à esquerda e segue para o centro da face seguinte, converte à direita e continua sua movimentação, sempre alternando entre conversões à esquerda e à direita quando alcança o centro de uma face. O robô só termina sua movimentação quando retorna ao ponto **P**. A figura apresenta os deslocamentos iniciais desse robô.

![](https://enem.dev/2022/questions/160/c9e8168c-5f91-45a5-82a3-c5a2948bf0a9.png)",['https://enem.dev/2022/questions/160/c9e8168c-5f91-45a5-82a3-c5a2948bf0a9.png'],A,"A projeção ortogonal do trajeto descrito por esse robô sobre o plano da base, após terminada sua movimentação, visualizada da posição em que se está enxergando esse cubo, é","[{'letter': 'A', 'text': None, 'file': 'https://enem.dev/2022/questions/160/5d7821fa-37c8-4d86-b71d-4b70a0e1d096.png', 'isCorrect': True}, {'letter': 'B', 'text': None, 'file': 'https://enem.dev/2022/questions/160/6a4daa1c-7f24-439f-b2a3-43eddb2b2400.png', 'isCorrect': False}, {'letter': 'C', 'text': None, 'file': 'https://enem.dev/2022/questions/160/41ab922d-57a6-428b-a207-4dc213ec6481.png', 'isCorrect': False}, {'letter': 'D', 'text': None, 'file': 'https://enem.dev/2022/questions/160/79a7fd8e-7800-4a2f-86d6-33dcbe3aef84.png', 'isCorrect': False}, {'letter': 'E', 'text': None, 'file': 'https://enem.dev/2022/questions/160/2dacf59f-b682-45fb-bd03-29f25ba41487.png', 'isCorrect': False}]",Difícil,Geometria Espacial,Projeção Ortogonal
69,Questão 161 - ENEM 2022,161,matematica,2022,"Uma empresa de engenharia projetou uma casa com a forma de um retângulo para um de seus clientes. Esse cliente solicitou a inclusão de uma varanda em forma de L. A figura apresenta a planta baixa desenhada pela empresa, já com a varanda incluída, cujas medidas, indicadas em centímetro, representam os valores das dimensões da varanda na escala de 1 : 50.

![](https://enem.dev/2022/questions/161/e1e86e81-76dc-4763-a118-273941076831.png)",['https://enem.dev/2022/questions/161/e1e86e81-76dc-4763-a118-273941076831.png'],A,"A medida real da área da varanda, em metro quadrado, é","[{'letter': 'A', 'text': '33,40', 'file': None, 'isCorrect': True}, {'letter': 'B', 'text': '66,80', 'file': None, 'isCorrect': False}, {'letter': 'C', 'text': '89,24', 'file': None, 'isCorrect': False}, {'letter': 'D', 'text': '133,60', 'file': None, 'isCorrect': False}, {'letter': 'E', 'text': '534,40', 'file': None, 'isCorrect': False}]",Média,Matemática Básica,Escala / Áreas de Figuras Planas
70,Questão 162 - ENEM 2022,162,matematica,2022,"Uma loja de roupas fixou uma meta de vendas de 77 000 reais para um determinado mês de 30 dias. O gráfico mostra o volume de vendas dessa loja, em real, nos dez primeiros dias do mês e entre o dia dez e o dia vinte desse mês, nos seus dois únicos setores (infantil e adulto). Suponha que a variação no volume de vendas, para o período registrado, tenha se dado de forma linear, como mostrado no gráfico, e que essa tendência se mantenha a mesma para os próximos dez dias.

![](https://enem.dev/2022/questions/162/0942383a-b8ee-4c44-a9ad-ae50d4204c0c.png)",['https://enem.dev/2022/questions/162/0942383a-b8ee-4c44-a9ad-ae50d4204c0c.png'],C,"Ao final do trigésimo dia, quanto faltará no volume de vendas, em real, para que a meta fixada para o mês seja alcançada?","[{'letter': 'A', 'text': '5 000', 'file': None, 'isCorrect': False}, {'letter': 'B', 'text': '7 000', 'file': None, 'isCorrect': False}, {'letter': 'C', 'text': '11 000', 'file': None, 'isCorrect': True}, {'letter': 'D', 'text': '18 000', 'file': None, 'isCorrect': False}, {'letter': 'E', 'text': '29 000', 'file': None, 'isCorrect': False}]",Média,Álgebra e Funções,Equações e Funções de 1º Grau
71,Questão 163 - ENEM 2022,163,matematica,2022,"Em uma universidade, atuam professores que estão enquadrados funcionalmente pela sua maior titulação: mestre ou doutor. Nela há, atualmente, 60 mestres e 40 doutores. Os salários mensais dos professores mestres e dos doutores são, respectivamente, R$ 8 000,00 e  
R$ 12 000,00.  
A diretoria da instituição pretende proporcionar um aumento salarial diferenciado para o ano seguinte, de tal forma que o salário médio mensal dos professores dessa instituição não ultrapasse R$ 12 240,00. A universidade já estabeleceu que o aumento salarial será de 25% para os mestres e precisa ainda definir o percentual de reajuste para os doutores.",[],D,"Mantido o número atual de professores com suas atuais titulações, o aumento salarial, em porcentagem, a ser concedido aos doutores deverá ser de, no máximo,","[{'letter': 'A', 'text': '14,4.', 'file': None, 'isCorrect': False}, {'letter': 'B', 'text': '20,7.', 'file': None, 'isCorrect': False}, {'letter': 'C', 'text': '22,0.', 'file': None, 'isCorrect': False}, {'letter': 'D', 'text': '30,0.', 'file': None, 'isCorrect': True}, {'letter': 'E', 'text': '37,5', 'file': None, 'isCorrect': False}]",Difícil,Estatística e Probabilidade,Média (Aritmética/Ponderada)
72,Questão 164 - ENEM 2022,164,matematica,2022,"Um borrifador de atuação automática libera, a cada acionamento, uma mesma quantidade de inseticida. O recipiente desse produto, quando cheio, contém 360 mL de inseticida, que duram 60 dias se o borrifador permanecer ligado ininterruptamente e for acionado a cada 48 minutos.",[],B,"A quantidade de inseticida que é liberada a cada acionamento do borrifador, em mililitro, é","[{'letter': 'A', 'text': '0,125.', 'file': None, 'isCorrect': False}, {'letter': 'B', 'text': '0,200.', 'file': None, 'isCorrect': True}, {'letter': 'C', 'text': '4,800.', 'file': None, 'isCorrect': False}, {'letter': 'D', 'text': '6,000.', 'file': None, 'isCorrect': False}, {'letter': 'E', 'text': '12,000.', 'file': None, 'isCorrect': False}]",Média,Matemática Básica,Razão e Proporção / Unidades de Medida
73,Questão 165 - ENEM 2022,165,matematica,2022,"Definem-se o dia e o ano de um planeta de um sistema solar como sendo, respectivamente, o tempo que o planeta leva para dar 1 volta completa em torno de seu próprio eixo de rotação e o tempo para dar 1 volta completa em torno de seu Sol.  
Suponha que exista um planeta Z, em algum sistema solar, onde um dia corresponda a 73 dias terrestres e que 2 de seus anos correspondam a 1 ano terrestre. Considere que 1 ano terrestre tem 365 de seus dias.",[],A,"No planeta Z, seu ano corresponderia a quantos de seus dias?","[{'letter': 'A', 'text': '2,5', 'file': None, 'isCorrect': True}, {'letter': 'B', 'text': '10,0', 'file': None, 'isCorrect': False}, {'letter': 'C', 'text': '730,0', 'file': None, 'isCorrect': False}, {'letter': 'D', 'text': '13 322,5', 'file': None, 'isCorrect': False}, {'letter': 'E', 'text': '53 290,0', 'file': None, 'isCorrect': False}]",Média,Matemática Básica,Razão e Proporção
74,Questão 166 - ENEM 2022,166,matematica,2022,"Em uma competição de velocidade, diz-se que há uma ultrapassagem quando um veículo que está atrás de outro passa à sua frente, com ambos se deslocando no mesmo sentido. Considere uma competição automobilística entre cinco carros em uma pista com 100 m de comprimento, onde todos largam no mesmo instante e da mesma linha.  
O gráfico mostra a variação da distância percorrida por cada  
veículo, em função do tempo, durante toda a competição.

![](https://enem.dev/2022/questions/166/efa5ccf4-a844-4c87-b110-7a675585a779.png)",['https://enem.dev/2022/questions/166/efa5ccf4-a844-4c87-b110-7a675585a779.png'],A,"Qual o número de ultrapassagens, após o início da competição, efetuadas pelo veículo que chegou em
último lugar?","[{'letter': 'A', 'text': '1', 'file': None, 'isCorrect': True}, {'letter': 'B', 'text': '2', 'file': None, 'isCorrect': False}, {'letter': 'C', 'text': '3', 'file': None, 'isCorrect': False}, {'letter': 'D', 'text': '4', 'file': None, 'isCorrect': False}]",Média,Estatística e Probabilidade,Análise de Gráficos/Tabelas
75,Questão 167 - ENEM 2022,167,matematica,2022,"Em uma loja, o preço promocional de uma geladeira é de R$ 1 000,00 para pagamento somente em dinheiro. Seu preço normal, fora da promoção, é 10% maior. Para pagamento feito com o cartão de crédito da loja, é dado um desconto de 2% sobre o preço normal.  
Uma cliente decidiu comprar essa geladeira, optando pelo pagamento com o cartão de crédito da loja. Ela calculou que o valor a ser pago seria o preço promocional acrescido de 8%. Ao ser informada pela loja do valor a  
pagar, segundo sua opção, percebeu uma diferença entre seu cálculo e o valor que lhe foi apresentado",[],A,"O valor apresentado pela loja, comparado ao valor calculado pela cliente, foi","[{'letter': 'A', 'text': 'R$ 2,00 menor.', 'file': None, 'isCorrect': True}, {'letter': 'B', 'text': 'R$ 100,00 menor.', 'file': None, 'isCorrect': False}, {'letter': 'C', 'text': 'R$ 200,00 menor.', 'file': None, 'isCorrect': False}, {'letter': 'D', 'text': 'R$ 42,00 maior.', 'file': None, 'isCorrect': False}, {'letter': 'E', 'text': 'R$ 80,00 maior.', 'file': None, 'isCorrect': False}]",Média,Matemática Básica,Porcentagem
76,Questão 168 - ENEM 2022,168,matematica,2022,"Uma pessoa precisa se deslocar de automóvel do ponto P para o ponto Q, indicados na figura, na qual as linhas verticais e horizontais simbolizam ruas

![](https://enem.dev/2022/questions/168/5c7c6e9a-c900-4910-a9d0-af84f8f5b8c4.png)

Por causa do sentido de tráfego nessas ruas, o caminho poligonal destacado é a possibilidade mais curta de efetuar esse deslocamento. Para descrevê-lo, deve-se especificar qual o sentido a ser tomado em cada cruzamento de ruas, em relação à direção de deslocamento do automóvel, que se movimentará continuamente. Para isso, empregam-se as letras E, F e D para indicar  
“vire à esquerda”, “siga em frente” e “vire à direita”, respectivamente.",['https://enem.dev/2022/questions/168/5c7c6e9a-c900-4910-a9d0-af84f8f5b8c4.png'],C,A sequência de letras que descreve o caminho poligonal destacado é,"[{'letter': 'A', 'text': 'DDEFDDEEFFD.', 'file': None, 'isCorrect': False}, {'letter': 'B', 'text': 'DFEFDDDEFFD.', 'file': None, 'isCorrect': False}, {'letter': 'C', 'text': 'DFEFDDEEFFD.', 'file': None, 'isCorrect': True}, {'letter': 'D', 'text': 'EFDFEEDDFFE.', 'file': None, 'isCorrect': False}, {'letter': 'E', 'text': 'EFDFEEEDFFE.', 'file': None, 'isCorrect': False}]",Fácil,Matemática Básica,Análise de Gráficos/Tabelas
77,Questão 169 - ENEM 2022,169,matematica,2022,"Uma loja comercializa cinco modelos de caixas-d’água (I, II, III, IV e V), todos em formato de cilindro reto de base circular. Os modelos II, III, IV e V têm as especificações de suas dimensões dadas em relação às dimensões do modelo I, cuja profundidade é P e área da base é Ab, como segue:

• modelo II: o dobro da profundidade e a metade da  
área da base do modelo I;  
• modelo III: o dobro da profundidade e a metade do  
raio da base do modelo I;  
• modelo IV: a metade da profundidade e o dobro da  
área da base do modelo I;  
• modelo V: a metade da profundidade e o dobro do  
raio da base do modelo I.

Uma pessoa pretende comprar nessa loja o modelo  
de caixa-d’água que ofereça a maior capacidade  
volumétrica",[],E,O modelo escolhido deve ser o,"[{'letter': 'A', 'text': 'I.', 'file': None, 'isCorrect': False}, {'letter': 'B', 'text': 'II.', 'file': None, 'isCorrect': False}, {'letter': 'C', 'text': 'III.', 'file': None, 'isCorrect': False}, {'letter': 'D', 'text': 'IV.', 'file': None, 'isCorrect': False}, {'letter': 'E', 'text': 'V.', 'file': None, 'isCorrect': True}]",Média,Geometria Espacial,"Volume e Área de Prismas, Cilindros, Cones, Pirâmides e Esferas"
78,Questão 170 - ENEM 2022,170,matematica,2022,"No período de 2005 a 2013, o valor de venda dos imóveis em uma cidade apresentou alta, o que resultou no aumento dos aluguéis. Os gráficos apresentam a evolução desses valores, para um mesmo imóvel, no  
mercado imobiliário dessa cidade.

![](https://enem.dev/2022/questions/170/be397d74-899b-444a-b587-931e9c3505ca.png)

A rentabilidade do aluguel de um imóvel é calculada pela razão entre o valor mensal de aluguel e o valor de mercado desse imóvel.",['https://enem.dev/2022/questions/170/be397d74-899b-444a-b587-931e9c3505ca.png'],B,"Com base nos dados fornecidos, em que ano a rentabilidade do aluguel foi maior?","[{'letter': 'A', 'text': '2005', 'file': None, 'isCorrect': False}, {'letter': 'B', 'text': '2007', 'file': None, 'isCorrect': True}, {'letter': 'C', 'text': '2009', 'file': None, 'isCorrect': False}, {'letter': 'D', 'text': '2011', 'file': None, 'isCorrect': False}, {'letter': 'E', 'text': '2013', 'file': None, 'isCorrect': False}]",Média,Estatística e Probabilidade,Análise de Gráficos/Tabelas
79,Questão 171 - ENEM 2022,171,matematica,2022,"Nos cinco jogos finais da última temporada, com uma média de 18 pontos por jogo, um jogador foi eleito o melhor do campeonato de basquete. Na atual temporada, cinco jogadores têm a chance de igualar ou melhorar essa média. No quadro estão registradas as pontuações desses cinco jogadores nos quatro primeiros jogos das finais deste ano.

![](https://enem.dev/2022/questions/171/45b098d3-26d2-49c5-a129-40e85febb05b.png)

O quinto e último jogo será realizado para decidir a equipe campeã e qual o melhor jogador da temporada.",['https://enem.dev/2022/questions/171/45b098d3-26d2-49c5-a129-40e85febb05b.png'],A,"O jogador que precisa fazer a menor quantidade de pontos no quinto jogo, para igualar a média de pontos do melhor jogador da temporada passada, é o","[{'letter': 'A', 'text': 'I.', 'file': None, 'isCorrect': True}, {'letter': 'B', 'text': 'II.', 'file': None, 'isCorrect': False}, {'letter': 'C', 'text': 'III.', 'file': None, 'isCorrect': False}, {'letter': 'D', 'text': 'IV.', 'file': None, 'isCorrect': False}, {'letter': 'E', 'text': 'V.', 'file': None, 'isCorrect': False}]",Média,Estatística e Probabilidade,Média (Aritmética/Ponderada)
80,Questão 172 - ENEM 2022,172,matematica,2022,"Um casal planeja construir em sua chácara uma piscina com o formato de um paralelepípedo reto retângulo com capacidade para 90 000 L de água. O casal contratou uma empresa de construções que apresentou cinco projetos com diferentes combinações nas dimensões internas de profundidade, largura e comprimento. A piscina a ser construída terá revestimento interno em suas paredes e fundo com uma mesma cerâmica, e o casal irá escolher o projeto que exija a menor área de revestimento.

As dimensões internas de profundidade, largura e comprimento, respectivamente, para cada um dos projetos, são:

• projeto I: 1,8 m, 2,0 m e 25,0 m;  
• projeto II: 2,0 m, 5,0 m e 9,0 m;  
• projeto III: 1,0 m, 6,0 m e 15,0 m;  
• projeto IV: 1,5 m, 15,0 m e 4,0 m;  
• projeto V: 2,5 m, 3,0 m e 12,0 m.",[],B,O projeto que o casal deverá escolher será o,"[{'letter': 'A', 'text': 'I.', 'file': None, 'isCorrect': False}, {'letter': 'B', 'text': 'II.', 'file': None, 'isCorrect': True}, {'letter': 'C', 'text': 'III.', 'file': None, 'isCorrect': False}, {'letter': 'D', 'text': 'IV.', 'file': None, 'isCorrect': False}, {'letter': 'E', 'text': 'V.', 'file': None, 'isCorrect': False}]",Média,Geometria Espacial,Volume e Área de Prismas
81,Questão 173 - ENEM 2022,173,matematica,2022,"Uma instituição de ensino superior ofereceu vagas em um processo seletivo de acesso a seus cursos. Finalizadas as inscrições, foi divulgada a relação do número de candidatos por vaga em cada um dos cursos oferecidos. Esses dados são apresentados no quadro.

![](https://enem.dev/2022/questions/173/0e6a9a19-bb58-4f93-bcb9-b7f26f5df5e7.png)",['https://enem.dev/2022/questions/173/0e6a9a19-bb58-4f93-bcb9-b7f26f5df5e7.png'],D,Qual foi o número total de candidatos inscritos nesse processo seletivo?,"[{'letter': 'A', 'text': '200', 'file': None, 'isCorrect': False}, {'letter': 'B', 'text': '400', 'file': None, 'isCorrect': False}, {'letter': 'C', 'text': '1200', 'file': None, 'isCorrect': False}, {'letter': 'D', 'text': '1235', 'file': None, 'isCorrect': True}, {'letter': 'E', 'text': '7200', 'file': None, 'isCorrect': False}]",Fácil,Matemática Básica,Razão e Proporção
82,Questão 174 - ENEM 2022,174,matematica,2022,"Peças metálicas de aeronaves abandonadas em aeroportos serão recicladas. Uma dessas peças é maciça e tem o formato cilíndrico, com a medida do raio da base igual a 4 cm e a da altura igual a 50 cm. Ela será derretida, e o volume de metal resultante será utilizado para a fabricação de esferas maciças com diâmetro de 1 cm, a serem usadas para confeccionar rolamentos. Para estimar a quantidade de esferas que poderão ser produzidas a partir de cada uma das peças cilíndricas, admite-se que não ocorre perda de material durante o processo de derretimento.",[],D,Quantas dessas esferas poderão ser obtidas a partir de cada peça cilíndrica?,"[{'letter': 'A', 'text': '800', 'file': None, 'isCorrect': False}, {'letter': 'B', 'text': '1200', 'file': None, 'isCorrect': False}, {'letter': 'C', 'text': '2400', 'file': None, 'isCorrect': False}, {'letter': 'D', 'text': '4800', 'file': None, 'isCorrect': True}, {'letter': 'E', 'text': '6400', 'file': None, 'isCorrect': False}]",Média,Geometria Espacial,"Volume e Área de Prismas, Cilindros, Cones, Pirâmides e Esferas"
83,Questão 175 - ENEM 2022,175,matematica,2022,"Ao escutar a notícia de que um filme recém-lançado arrecadou, no primeiro mês de lançamento, R$ 1,35 bilhão em bilheteria, um estudante escreveu corretamente o número que representa essa quantia, com todos os seus  
algarismos.",[],E,O número escrito pelo estudante foi,"[{'letter': 'A', 'text': '135 000,00.', 'file': None, 'isCorrect': False}, {'letter': 'B', 'text': '1 350 000,00.', 'file': None, 'isCorrect': False}, {'letter': 'C', 'text': '13 500 000,00.', 'file': None, 'isCorrect': False}, {'letter': 'D', 'text': '135 000 000,00.', 'file': None, 'isCorrect': False}, {'letter': 'E', 'text': '1 350 000 000,00', 'file': None, 'isCorrect': True}]",Fácil,Matematica Básica,Operações com Frações / Notação Decimal
84,Questão 176 - ENEM 2022,176,matematica,2022,![](https://enem.dev/2022/questions/176/eebeabf5-0dec-4070-abd5-f803bb370dd9.png),['https://enem.dev/2022/questions/176/eebeabf5-0dec-4070-abd5-f803bb370dd9.png'],D,"Pretende-se que a distância percorrida entre as duas cidades, pelas Rodovias 001 e 002, passando pelo ponto de conexão, seja a menor possível.
Dadas as exigências do projeto, qual das localizações sugeridas deve ser a escolhida para o ponto de conexão?","[{'letter': 'A', 'text': 'I', 'file': None, 'isCorrect': False}, {'letter': 'B', 'text': 'II', 'file': None, 'isCorrect': False}, {'letter': 'C', 'text': 'III', 'file': None, 'isCorrect': False}, {'letter': 'D', 'text': 'IV', 'file': None, 'isCorrect': True}, {'letter': 'E', 'text': 'V', 'file': None, 'isCorrect': False}]",Média,Geometria Plana,Áreas de Figuras Planas
85,Questão 177 - ENEM 2022,177,matematica,2022,"Uma pessoa precisa contratar um operário para fazer um serviço em sua casa. Para isso, ela postou um anúncio em uma rede social.  
Cinco pessoas responderam informando preços por hora trabalhada, gasto diário com transporte e tempo necessário para conclusão do serviço, conforme valores apresentados no quadro.

![](https://enem.dev/2022/questions/177/fb1d11e4-76d3-4657-b78f-84e7bcd81f6c.png)",['https://enem.dev/2022/questions/177/fb1d11e4-76d3-4657-b78f-84e7bcd81f6c.png'],A,"Se a pessoa pretende gastar o mínimo possível com essa contratação, irá contratar o operário","[{'letter': 'A', 'text': 'I.', 'file': None, 'isCorrect': True}, {'letter': 'B', 'text': 'II.', 'file': None, 'isCorrect': False}, {'letter': 'C', 'text': 'III.', 'file': None, 'isCorrect': False}, {'letter': 'D', 'text': 'IV.', 'file': None, 'isCorrect': False}, {'letter': 'E', 'text': 'V.', 'file': None, 'isCorrect': False}]",Média,Matemática Básica,Razão e Proporção / Operações Básicas
86,Questão 178 - ENEM 2022,178,matematica,2022,"Uma cozinheira produz docinhos especiais por encomenda. Usando uma receita-base de massa, ela prepara uma porção, com a qual produz 50 docinhos maciços de formato esférico, com 2 cm de diâmetro. Um cliente encomenda 150 desses docinhos, mas pede que cada um tenha formato esférico com 4 cm de diâmetro.  
A cozinheira pretende preparar o número exato de porções da receita-base de massa necessário para produzir os docinhos dessa encomenda",[],E,Quantas porções da receita-base de massa ela deve preparar para atender esse cliente?,"[{'letter': 'A', 'text': '2', 'file': None, 'isCorrect': False}, {'letter': 'B', 'text': '3', 'file': None, 'isCorrect': False}, {'letter': 'C', 'text': '6', 'file': None, 'isCorrect': False}, {'letter': 'D', 'text': '12', 'file': None, 'isCorrect': False}, {'letter': 'E', 'text': '24', 'file': None, 'isCorrect': True}]",Média,Geometria Espacial,"Volume e Área de Prismas, Cilindros, Cones, Pirâmides e Esferas"
87,Questão 179 - ENEM 2022,179,matematica,2022,"A esperança de vida ao nascer é o número médio de anos que um indivíduo tende a viver a partir de seu nascimento, considerando dados da população. No Brasil, esse número vem aumentando consideravelmente, como mostra o gráfico.

![](https://enem.dev/2022/questions/179/08b6ac03-1a1c-4a0d-b246-dc37098794ad.png)

Disponível em: http://cod.ibge.gov.br. Acesso em: 6 mar. 2014 (adaptado).

Pode-se observar que a esperança de vida ao nascer em 2012 foi exatamente a média das registradas nos anos de 2011 e 2013. Suponha que esse fato também ocorreu com a esperança de vida ao nascer em 2013, em relação às esperanças de vida de 2012 e de 2014.",['https://enem.dev/2022/questions/179/08b6ac03-1a1c-4a0d-b246-dc37098794ad.png'],B,"Caso a suposição feita tenha sido confirmada, a esperança de vida ao nascer no Brasil no ano de 2014 terá sido, em ano, igual a","[{'letter': 'A', 'text': '74,23.', 'file': None, 'isCorrect': False}, {'letter': 'B', 'text': '74,51.', 'file': None, 'isCorrect': True}, {'letter': 'C', 'text': '75,07.', 'file': None, 'isCorrect': False}, {'letter': 'D', 'text': '75,23.', 'file': None, 'isCorrect': False}, {'letter': 'E', 'text': '78,49.', 'file': None, 'isCorrect': False}]",Média,Matemática Básica,Média (Aritmética/Ponderada)
88,Questão 180 - ENEM 2022,180,matematica,2022,"Na figura estão destacadas duas trajetórias sobre a superfície do globo terrestre, descritas ao se percorrer parte dos meridianos 1, 2 e da Linha do Equador, sendo que os meridianos 1 e 2 estão contidos em planos perpendiculares entre si. O plano α é paralelo ao que contém a Linha do Equador.

![](https://enem.dev/2022/questions/180/f3e0feaa-a265-4d9f-894f-63135acff616.png)",['https://enem.dev/2022/questions/180/f3e0feaa-a265-4d9f-894f-63135acff616.png'],E,A vista superior da projeção ortogonal sobre o plano α dessas duas trajetórias é,"[{'letter': 'A', 'text': None, 'file': 'https://enem.dev/2022/questions/180/05cb2bb8-e0d9-4b65-b5cf-8b286af2b395.png', 'isCorrect': False}, {'letter': 'B', 'text': None, 'file': 'https://enem.dev/2022/questions/180/23fc7b65-ca58-4a35-967f-ac9c73b89e03.png', 'isCorrect': False}, {'letter': 'C', 'text': None, 'file': 'https://enem.dev/2022/questions/180/5be81d3b-c2c8-4856-a7b6-9f265a813436.png', 'isCorrect': False}, {'letter': 'D', 'text': None, 'file': 'https://enem.dev/2022/questions/180/c29e4144-4fce-43b2-a402-0ff7de72f3d0.png', 'isCorrect': False}, {'letter': 'E', 'text': None, 'file': 'https://enem.dev/2022/questions/180/5e135009-dbc9-4b08-bdf9-ad95f8f3d14f.png', 'isCorrect': True}]",Média,Geometria Espacial,Projeção Ortogonal
89,Questão 136 - ENEM 2021,136,matematica,2021,"Um segmento de reta está dividido em duas partes  
na proporção áurea quando o todo está para uma das  
partes na mesma razão em que essa parte está para a  
outra. Essa constante de proporcionalidade é comumente  
representada pela letra grega ρ, e seu valor é dado pela  
solução positiva da equação ρ²=ρ+1

Assim como a potência ρ², as potências superiores  
de ρ podem ser expressas da forma aρ + b, em que a e b  
são inteiros positivos, como apresentad0o no quadro.

![](https://enem.dev/2021/questions/136/291c6b71-3d02-4e67-af59-81f33cec15f5.png)",['https://enem.dev/2021/questions/136/291c6b71-3d02-4e67-af59-81f33cec15f5.png'],E,"A potência ρ7, escrita na forma aρ+b (a e b são inteiros positivos), é","[{'letter': 'A', 'text': '5ρ+3', 'file': None, 'isCorrect': False}, {'letter': 'B', 'text': '7ρ+2', 'file': None, 'isCorrect': False}, {'letter': 'C', 'text': '9ρ+6', 'file': None, 'isCorrect': False}, {'letter': 'D', 'text': '11ρ+7', 'file': None, 'isCorrect': False}, {'letter': 'E', 'text': '13ρ+8', 'file': None, 'isCorrect': True}]",Difícil,Álgebra e Funções,Equações e Funções de 1º e 2º Grau
90,Questão 137 - ENEM 2021,137,matematica,2021,"O Atomiuim, representado na imagem é um  
dos principais pontos turísticos de Bruxelas. Ele foi  
construído em 1958 para a primeira grande exposição  
mundial depois da Segunda Guerra Mundial, a Feira  
Mundial de Bruxelas.  
Trata-se de uma estrutura metálica construída no  
formato de um cubo. Essa estrutura está apoiada por um  
dos vértices sobre uma base paralela ao plano do solo,  
e a diagonal do cubo, contendo esse vértice, é ortogonal  
ao plano da base. Centradas nos vértices desse cubo,  
foram construídas oito esferas metálicas, e uma outra  
esfera foi construída centrada no ponto de interseção das  
diagonais do cubo. As oito esferas sobre os vértices são  
interligadas segundo suas arestas, e a esfera central se  
conecta a elas pelas diagonais do cubo.  
Todas essas interligações são feitas por tubos  
cilíndricos que possuem escadas em seu interior,  
permitindo o deslocamento de pessoas pela parte  
interna da estrutura. Na diagonal ortogonal à base, o  
deslocamento é feito por um elevador, que permite o  
deslocamento entre as esferas da base e a esfera do  
ponto mais alto, passando pela esfera central.

Considere um visitante que se deslocou pelo interior  
do Atomium sempre em linha reta e seguindo o menor trajeto entre dois vértices, passand0 por todas as arestas e todas as diagonais do cubo.

![](https://enem.dev/2021/questions/137/adb90310-f1c2-41fa-a3a4-a250c1141a16.png)",['https://enem.dev/2021/questions/137/adb90310-f1c2-41fa-a3a4-a250c1141a16.png'],E,A projeção ortogonal sobre o plano do solo do trajeto percorrido por esse visitante é representada por,"[{'letter': 'A', 'text': None, 'file': 'https://enem.dev/2021/questions/137/79821b1f-7009-4322-8af7-3ae58951064a.png', 'isCorrect': False}, {'letter': 'B', 'text': None, 'file': 'https://enem.dev/2021/questions/137/a5e4c57e-4230-4b52-b3ea-e1b06cb99fa8.png', 'isCorrect': False}, {'letter': 'C', 'text': None, 'file': 'https://enem.dev/2021/questions/137/035954ad-5098-40f0-91bd-d0e2946fc930.png', 'isCorrect': False}, {'letter': 'D', 'text': None, 'file': 'https://enem.dev/2021/questions/137/2110fe80-816b-4c42-841b-746be19abc6a.png', 'isCorrect': False}, {'letter': 'E', 'text': None, 'file': 'https://enem.dev/2021/questions/137/92f0272e-9fb9-4787-9fe3-fe0051a11e8e.png', 'isCorrect': True}]",Difícil,Geometria Espacial,Projeção Ortogonal
91,Questão 138 - ENEM 2021,138,ciencias-humanas,2021,"A Copa do Brasil teve, até a edição de 2018, 15 times diferentes como campeões da competição, conforme  
apresentado na imagem. Suponha que, como homenagem aos times campeões, a Confederação Brasileira de Futebol  
(CBF) pretenda colocar um painel na sua sede. Esse painel teria 6 linhas e, em cada uma delas, 5 placas, referentes  
a cada edição da competição, com o nome do time vencedor, o brasão e o ano do título. © painel deve ser fabricado  
de modo que a primeira linha só tenha clubes gaúchos (Internacional, Grêmio e Juventude); a segunda, apenas times  
cariocas (Flamengo, Vasco e Fluminense); a terceira, somente times mineiros (Cruzeiro e Atlético Mineiro);, a quarta,  
exclusivamente clubes paulistas (Corinthians, Palmeiras, Santos, Paulista FC, Santo André), e as duas últimas sem  
nenhuma restrição.

![](https://enem.dev/2021/questions/138/d0a6a844-fff4-400b-9b0c-d1afbc285b3c.png)",['https://enem.dev/2021/questions/138/d0a6a844-fff4-400b-9b0c-d1afbc285b3c.png'],A,Qual a expressão determina a quantidade de painéis diferentes que a CBF poderá montar,"[{'letter': 'A', 'text': None, 'file': 'https://enem.dev/2021/questions/138/280b031c-3cd8-44f6-b0fd-7fe30bc5d42a.png', 'isCorrect': True}, {'letter': 'B', 'text': None, 'file': 'https://enem.dev/2021/questions/138/bc565433-565f-4f16-bbca-6b1e693306ab.png', 'isCorrect': False}, {'letter': 'C', 'text': None, 'file': 'https://enem.dev/2021/questions/138/3425a80a-ef16-44bd-b66c-b689dc1c7cd2.png', 'isCorrect': False}, {'letter': 'D', 'text': None, 'file': 'https://enem.dev/2021/questions/138/1df14680-6d8b-4e0a-8421-afd3b0db18a3.png', 'isCorrect': False}, {'letter': 'E', 'text': None, 'file': 'https://enem.dev/2021/questions/138/7ab4be57-7af0-4722-b7c3-1b331c40830b.png', 'isCorrect': False}]",Difícil,Combinatória e Trigonometria,Princípio Fundamental da Contagem
92,Questão 139 - ENEM 2021,139,matematica,2021,"Uma rede de hamburgueria tem três franquias em  
cidades distintas. Visando incluir um novo tipo de lanche  
no cardápio, o gerente de marketing da rede sugeriu que  
fossem colocados à venda cinco novos tipos de lanche,  
em edições especiais. Os lanches foram oferecidos pelo  
mesmo período de tempo em todos os franqueados,  
O tipo que apresentasse a maior média por franquia  
seria incluído definitivamente no cardápio. Terminado o  
período de experiência, a gerência recebeu um relatório  
descrevendo as quantidades vendidas, em unidade, de  
cada um dos cinco tipos de lanche nas três franquias

![](https://enem.dev/2021/questions/139/0c2cb7d1-b950-436a-8eab-6051b344e8ab.png)",['https://enem.dev/2021/questions/139/0c2cb7d1-b950-436a-8eab-6051b344e8ab.png'],A,"Com base nessas informações, a gerência decidiu incluir no cardápio o lanche de tipo","[{'letter': 'A', 'text': 'I.', 'file': None, 'isCorrect': True}, {'letter': 'B', 'text': 'II.', 'file': None, 'isCorrect': False}, {'letter': 'C', 'text': 'III.', 'file': None, 'isCorrect': False}, {'letter': 'D', 'text': 'IV.', 'file': None, 'isCorrect': False}, {'letter': 'E', 'text': 'V.', 'file': None, 'isCorrect': False}]",Fácil,Estatística e Probabilidade,Média (Aritmética/Ponderada)
93,Questão 140 - ENEM 2021,140,ciencias-humanas,2021,"Uma grande rede de supermercados adota um sistema de avaliação dos faturamentos de suas filiais, considerando a média de faturamento mensal em milhão. A matriz da rede paga uma comissão para os representantes dos supermercados que atingirem uma média de faturamento mensal (_M_), conforme apresentado no quadro.

![](https://enem.dev/2021/questions/140/cbdf6628-0ce6-4923-adc0-4a603e947ba4.jpg)

Um supermercado da rede obteve os faturamentos num dado ano, conforme apresentado no quadro.

![](https://enem.dev/2021/questions/140/8211832d-2fa2-4b4f-b408-002d118ffe73.png)","['https://enem.dev/2021/questions/140/cbdf6628-0ce6-4923-adc0-4a603e947ba4.jpg', 'https://enem.dev/2021/questions/140/8211832d-2fa2-4b4f-b408-002d118ffe73.png']",B,"Nas condições apresentadas, os representantes desse supermercado avaliam que receberão, no ano seguinte a comissão de tipo","[{'letter': 'A', 'text': 'I.', 'file': None, 'isCorrect': False}, {'letter': 'B', 'text': 'II.', 'file': None, 'isCorrect': True}, {'letter': 'C', 'text': 'III.', 'file': None, 'isCorrect': False}, {'letter': 'D', 'text': 'IV.', 'file': None, 'isCorrect': False}, {'letter': 'E', 'text': 'V', 'file': None, 'isCorrect': False}]",Fácil,Estatística e Probabilidade,Média (Aritmética/Ponderada) / Análise de Gráficos/Tabelas
94,Questão 141 - ENEM 2021,141,matematica,2021,"Aplicativos que gerenciam serviços de hospedagem  
têm ganhado espaço no Brasil e no mundo por oferecer  
opções diferenciadas em termos de localização e valores  
de hospedagem. Em um desses aplicativos, o preço P a  
ser pago pela hospedagem é calculado considerando um  
preço por diária d, acrescido de uma taxa fixa de limpeza L  
e de uma taxa de serviço. Essa taxa de serviço é um valor  
percentual s calculado sobre o valor pago pelo total das  
diárias.",[],A,"Nessa situação, o preço a ser pago ao aplicativo para uma hospedagem de n diárias pode ser obtido pela expressão","[{'letter': 'A', 'text': 'P=d.n + L + d.n.s', 'file': None, 'isCorrect': True}, {'letter': 'B', 'text': 'P=d.n + L + d.s', 'file': None, 'isCorrect': False}, {'letter': 'C', 'text': 'P= d+ L +s', 'file': None, 'isCorrect': False}, {'letter': 'D', 'text': 'P= d.n.s + L', 'file': None, 'isCorrect': False}, {'letter': 'E', 'text': 'P= d.n + L +s', 'file': None, 'isCorrect': False}]",Fácil,Matemática Básica,Porcentagem
95,Questão 142 - ENEM 2021,142,matematica,2021,"O organizador de uma competição de lançamento de  
dados pretende tornar o campeonato mais competitivo.  
Pelas regras atuais da competição, numa rodada, o  
jogador lança 3 dardos e pontua caso acerte pelo menos um deles no alvo. O organizador considera que, em média, os jogadores tem, em cada lançamento, 1/2 de probabilidade de acertar um dardo no alvo.  
A fim de tornar o jogo mais atrativo, planeja modificar  
as regras de modo que a probabilidade de um jogador  
pontuar em uma rodada seja igual ou superior a 9/10. Para  
isso, decide aumentar a quantidade de dardos a serem  
lançados em cada rodada.",[],B,"Com base nos valores considerados pelo organizador da competição, a quantidade mínima de dardos que devem ser disponibilizados em uma rodada para tornar o jogo mais atrativo é","[{'letter': 'A', 'text': '2', 'file': None, 'isCorrect': False}, {'letter': 'B', 'text': '4', 'file': None, 'isCorrect': True}, {'letter': 'C', 'text': '6', 'file': None, 'isCorrect': False}, {'letter': 'D', 'text': '9', 'file': None, 'isCorrect': False}, {'letter': 'E', 'text': '10', 'file': None, 'isCorrect': False}]",Difícil,Estatística e Probabilidade,Probabilidade Simples e Condicional
96,Questão 143 - ENEM 2021,143,matematica,2021,"O gráfico apresenta o nível de ocupação dos cinco reservatórios de água que abasteciam uma cidade em 2 de Fevereiro de 2015.

![](https://enem.dev/2021/questions/143/6658b31a-c862-4622-87b2-28e09d19a6d0.png)",['https://enem.dev/2021/questions/143/6658b31a-c862-4622-87b2-28e09d19a6d0.png'],D,"Nessa data, o reservatório com o maior volume de água era o","[{'letter': 'A', 'text': 'I.', 'file': None, 'isCorrect': False}, {'letter': 'B', 'text': 'II.', 'file': None, 'isCorrect': False}, {'letter': 'C', 'text': 'III.', 'file': None, 'isCorrect': False}, {'letter': 'D', 'text': 'IV.', 'file': None, 'isCorrect': True}, {'letter': 'E', 'text': 'V.', 'file': None, 'isCorrect': False}]",Fácil,Estatística e Probabilidade,Análise de Gráficos/Tabelas
97,Questão 144 - ENEM 2021,144,matematica,2021,"Uma pessoa realizou uma pesquisa com alguns alunos de uma escola, coletando suas idades, e organizou esses dados no gráfico.

![](https://enem.dev/2021/questions/144/0f754876-c1f5-41b1-bea6-3935cb1a5304.png)",['https://enem.dev/2021/questions/144/0f754876-c1f5-41b1-bea6-3935cb1a5304.png'],D,"Qual é a média das idades, em ano, desses alunos?","[{'letter': 'A', 'text': '9', 'file': None, 'isCorrect': False}, {'letter': 'B', 'text': '12', 'file': None, 'isCorrect': False}, {'letter': 'C', 'text': '18', 'file': None, 'isCorrect': False}, {'letter': 'D', 'text': '19', 'file': None, 'isCorrect': True}, {'letter': 'E', 'text': '27', 'file': None, 'isCorrect': False}]",Fácil,Estatística e Probabilidade,Média (Aritmética/Ponderada) / Análise de Gráficos
98,Questão 145 - ENEM 2021,145,matematica,2021,"Em um estudo realizado pelo IBGE em quatro estados e no Distrito Federal, com mais de 5 mil pessoas com 10 anos ou mais, observou-se que a leitura ocupa, em média, apenas seis minutos do dia de cada pessoa.  
Na faixa de idade de 10 a 24 anos, a média diária é de três minutos. No entanto, no grupo de idades entre 24 e 60 anos, o tempo médio diário dedicado à leitura é de 5 minutos. Entre os mais velhos, com 60 anos ou mais, a média é de 12 minutos.  
A quantidade de pessoas entrevistadas de cada faixa de idade seguiu a distribuição percentual descrita no quadro.

![](https://enem.dev/2021/questions/145/9fa287d2-647c-4f7e-87a9-e58f5130bed7.png)",['https://enem.dev/2021/questions/145/9fa287d2-647c-4f7e-87a9-e58f5130bed7.png'],A,"Os valores de x e y do quadro são, respectivamente, iguais a","[{'letter': 'A', 'text': '10 e 80.', 'file': None, 'isCorrect': True}, {'letter': 'B', 'text': '10 e 90.', 'file': None, 'isCorrect': False}, {'letter': 'C', 'text': '20 e 60.', 'file': None, 'isCorrect': False}, {'letter': 'D', 'text': '20 e 80.', 'file': None, 'isCorrect': False}, {'letter': 'E', 'text': '25 e 5', 'file': None, 'isCorrect': False}]",Média,Estatística e Probabilidade,Média (Aritmética/Ponderada)
99,Questão 146 - ENEM 2021,146,matematica,2021,"Um zootecnista pretende testar se uma nova ração  
para coelhos é mais eficiente do que a que ele vem  
utilizando atualmente. A ração atual proporciona uma  
massa média de 10 kg por coelho, com um desvio padrão  
de 1 kg, alimentado com essa ração durante um período  
de três meses.  
O zootecnista selecionou uma amostra de coelhos e  
os alimentou com a nova ração pelo mesmo período de  
tempo. Ao final, anotou a massa de cada coelho, obtendo  
um desvio padrão de 1,5 kg para a distribuição das  
massas dos coelhos dessa amostra.  
Para avaliar a eficiência dessa ração, ele utilizará  
o coeficiente de variação (CV) que é uma medida de  
dispersão definida por CV =S/X, em que s representa o  
desvio padrão X, a média das massas dos coelhos que  
foram alimentados com uma determinada ração.  
O zootecnista substituirá a ração que vinha utilizando  
pela nova, caso o coeficiente de variação da distribuição  
das massas dos coelhos que foram alimentados com a  
nova ração for menor do que o coeficiente de variação  
da distribuição das massas dos coelhos que foram  
alimentados com a ração atual.",[],E,"A substituição da ração ocorrerá se a média da distribuição das massas dos coelhos da amostra, em quilograma, for superior","[{'letter': 'A', 'text': '5,0.', 'file': None, 'isCorrect': False}, {'letter': 'B', 'text': '9,5.', 'file': None, 'isCorrect': False}, {'letter': 'C', 'text': '10,0.', 'file': None, 'isCorrect': False}, {'letter': 'D', 'text': '10,5.', 'file': None, 'isCorrect': False}, {'letter': 'E', 'text': '15,0.', 'file': None, 'isCorrect': True}]",Difícil,Estatística e Probabilidade,Média (Aritmética/Ponderada)
100,Questão 147 - ENEM 2021,147,matematica,2021,"A Cifra de César é um exemplo de um método de codificação de mensagens usado por Júlio César para se comunicar com seus generais.  
No método, cada letra era trocada por uma letra que aparecia no alfabeto um número fixo de casas adiante (ou atrás) de forma cíclica. A seguir temos um exemplo em que cada letra é substituída pela que vem três posições à frente.

![](https://enem.dev/2021/questions/147/114ddf31-06d9-41cf-a588-a987226385e6.png)

Para quebrar um código como esse, a análise de frequências das letras de um texto é uma ferramenta importante.  
Uma análise do texto do romance O guarani, de José de Alencar, que é composto por 491 631 letras, gerou o seguinte gráfico de frequências:

![](https://enem.dev/2021/questions/147/a5256e30-3984-4503-aaa0-41b95d681d71.png)","['https://enem.dev/2021/questions/147/114ddf31-06d9-41cf-a588-a987226385e6.png', 'https://enem.dev/2021/questions/147/a5256e30-3984-4503-aaa0-41b95d681d71.png']",C,"Após codificar esse texto com a regra do exemplo fornecido, faz-se nova analise de frequência no texto codificado.
As quatro letras mais frequentes, em ordem decrescente de frequência, do texto codificado são","[{'letter': 'A', 'text': 'A,E,O e S.', 'file': None, 'isCorrect': False}, {'letter': 'B', 'text': 'D, E, F e G.', 'file': None, 'isCorrect': False}, {'letter': 'C', 'text': 'D, E, F e G.', 'file': None, 'isCorrect': True}, {'letter': 'D', 'text': 'D,H,R e V.', 'file': None, 'isCorrect': False}, {'letter': 'E', 'text': 'X, B L e P.', 'file': None, 'isCorrect': False}]",Média,Estatística e Probabilidade,Análise de Gráficos/Tabelas
101,Questão 148 - ENEM 2021,148,matematica,2021,"O quadro apresenta o número de terremotos de magnitude maior ou igual a 7, na escala de Richter, ocorridos em nosso planeta nos anos 2000 e 2011.

![](https://enem.dev/2021/questions/148/4e954c86-a11f-49f4-b82b-b9cee8375883.png)",['https://enem.dev/2021/questions/148/4e954c86-a11f-49f4-b82b-b9cee8375883.png'],C,"Um pesquisador acredita que a mediana representa bem o número anual típico de terremotos em um período. Segundo esse pesquisador, o número anual típico de terremotos de magnitude maior ou igual a 7 é","[{'letter': 'A', 'text': '11.', 'file': None, 'isCorrect': False}, {'letter': 'B', 'text': '15.', 'file': None, 'isCorrect': False}, {'letter': 'C', 'text': '15,5.', 'file': None, 'isCorrect': True}, {'letter': 'D', 'text': '15,7.', 'file': None, 'isCorrect': False}, {'letter': 'E', 'text': '17,5.', 'file': None, 'isCorrect': False}]",Fácil,Estatística e Probabilidade,Mediana / Análise de Gráficos/Tabelas
102,Questão 149 - ENEM 2021,149,ciencias-humanas,2021,"A receita R de uma empresa ao final de um mês é o volume de dinheiro captado com a venda de mercadorias ou com a prestação de serviços nesse mês, e a despesa D é todo a dinheiro utilizado para pagamento de salários, contas de água e luz, impostos, entre outros. O lucro mensal obtido ao final do mês é a diferença entre a receita e a despesa registradas no mês. O gráfico apresenta as receitas e despesas, em milhão de real, de uma empresa ao final dos cinco primeiros meses de um dado ano

![](https://enem.dev/2021/questions/149/2586c4f9-b00d-4ccf-8828-8e86a105d85b.png)",['https://enem.dev/2021/questions/149/2586c4f9-b00d-4ccf-8828-8e86a105d85b.png'],B,"A previsão para os próximos meses é que o lucro mensal não seja inferior ao maior lucro obtido até o mês de Maio.
Nessas condições, o lucro mensal para os próximos meses deve ser maior ou igual ao do mês de","[{'letter': 'A', 'text': 'Janeiro.', 'file': None, 'isCorrect': False}, {'letter': 'B', 'text': 'Fevereiro.', 'file': None, 'isCorrect': True}, {'letter': 'C', 'text': 'Março.', 'file': None, 'isCorrect': False}, {'letter': 'D', 'text': 'Abril.', 'file': None, 'isCorrect': False}, {'letter': 'E', 'text': 'Maio.', 'file': None, 'isCorrect': False}]",Média,Estatística e Probabilidade,Análise de Gráficos/Tabelas
103,Questão 150 - ENEM 2021,150,matematica,2021,"A depressão caracteriza-se por um desequilíbrio na química cerebral. Os neurônios de um deprimido não respondem bem as estímulos dos neurotransmissores.  
Os remédios que combatem a depressão têm o objetivo de restabelecer a química cerebral. Com o aumento gradativo de casos de depressão, a venda desses medicamentos está em crescente evolução, conforme ilustra o gráfico.

![](https://enem.dev/2021/questions/150/76a52739-74da-4cbd-9cf8-c62522ed889f.png)",['https://enem.dev/2021/questions/150/76a52739-74da-4cbd-9cf8-c62522ed889f.png'],C,"No período de 2005 a 2009, o aumento percentual no volume de vendas foi de","[{'letter': 'A', 'text': '45,4.', 'file': None, 'isCorrect': False}, {'letter': 'B', 'text': '54,5.', 'file': None, 'isCorrect': False}, {'letter': 'C', 'text': '120.', 'file': None, 'isCorrect': True}, {'letter': 'D', 'text': '220.', 'file': None, 'isCorrect': False}, {'letter': 'E', 'text': '283,2.', 'file': None, 'isCorrect': False}]",Fácil,Matematica Básica,Porcentagem
104,Questão 151 - ENEM 2021,151,matematica,2021,"Um casal está planejando comprar um apartamento  
de dois quartos num bairro de uma cidade e consultou  
a página de uma corretora de imóveis, encontrando  
105 apartamentos de dois quartos à venda no bairro  
desejado. Eles usaram um aplicativo da corretora para  
gerar a distribuição dos preços do conjunto de imóveis  
selecionados.  
O gráfico ilustra a distribuição de frequências dos  
preços de venda dos apartamentos dessa lista (em  
mil reais), no qual as faixas de preço são dadas por  
\]300, 400\], \]400, 5001, \]500, 600\], \]00, 700\], \]700, 800\],  
\]800, 900\], \]900, 1 000\], \]1 000, 1 100\], \]1 100, 1 200\] e  
\]1 200, 1 300\].  
A mesma corretora anuncia que cerca de 50% dos  
apartamentos de dois quartos nesse bairro, publicados  
em sua página, têm preço de venda inferior a 550 mil reais.  
No entanto, o casal achou que essa última informação  
não era compatível com o gráfico obtido.

![](https://enem.dev/2021/questions/151/53a174a0-d119-4132-ade4-2cc79b864ee2.png)",['https://enem.dev/2021/questions/151/53a174a0-d119-4132-ade4-2cc79b864ee2.png'],C,"Com base no gráfico obtido, o menor preço, p (em mil reais), para o qual pelo menos 50% dos apartamentos apresenta preço inferior a p","[{'letter': 'A', 'text': '600.', 'file': None, 'isCorrect': False}, {'letter': 'B', 'text': '700.', 'file': None, 'isCorrect': False}, {'letter': 'C', 'text': '800.', 'file': None, 'isCorrect': True}, {'letter': 'D', 'text': '900.', 'file': None, 'isCorrect': False}, {'letter': 'E', 'text': '1000.', 'file': None, 'isCorrect': False}]",Média,Estatística e Probabilidade,Análise de Gráficos/Tabelas
105,Questão 152 - ENEM 2021,152,matematica,2021,"Para a comunicação entre dois navios é utilizado um sistema de codificação com base em valores numéricos. Para isso, são consideradas as operações triângulo ![](https://enem.dev/2021/questions/152/566c5d72-c957-4664-b7f7-e1b92f024e70.png) e estrela \*, definidas sobre o conjunto dos números reais por x![](https://enem.dev/2021/questions/152/60957aae-73c8-44ad-8f75-7191b1d65c70.png)y = x² + xy – y² e x \* y = xy + x.

O navio que deseja enviar uma mensagem deve fornecer um valor de entrada b, que irá gerar um valor de saída, a ser enviado ao navio receptor, dado pela soma da duas maiores soluções da equação (a![](https://enem.dev/2021/questions/152/b78eb0e6-f154-443d-a6f5-1ffeb2ff1252.png)b)\*(b![](https://enem.dev/2021/questions/152/54a56c94-9682-42f3-98b2-fc5a0fef2dba.png)a) = 0. Cada valor possível de entrada e saída representa uma mensagem diferente já conhecida pelos dois navios.

Um navio deseja enviar ao outro a mensagem “ATENÇÃO!”. Para isso, deve utilizar o valor de entrada b=1.","['https://enem.dev/2021/questions/152/566c5d72-c957-4664-b7f7-e1b92f024e70.png', 'https://enem.dev/2021/questions/152/60957aae-73c8-44ad-8f75-7191b1d65c70.png', 'https://enem.dev/2021/questions/152/b78eb0e6-f154-443d-a6f5-1ffeb2ff1252.png', 'https://enem.dev/2021/questions/152/54a56c94-9682-42f3-98b2-fc5a0fef2dba.png']",D,"Dessa forma, o valor recebido pelo navio receptor será","[{'letter': 'A', 'text': None, 'file': 'https://enem.dev/2021/questions/152/c1747ad2-3295-4d07-af4a-018d7c412877.png', 'isCorrect': False}, {'letter': 'B', 'text': None, 'file': 'https://enem.dev/2021/questions/152/e3a76aed-69fd-4c41-a7ac-532a64efbcf3.png', 'isCorrect': False}, {'letter': 'C', 'text': None, 'file': 'https://enem.dev/2021/questions/152/2340c837-a802-4570-be90-91fc8a3a0a6f.png', 'isCorrect': False}, {'letter': 'D', 'text': None, 'file': 'https://enem.dev/2021/questions/152/fc88fa35-1166-4a50-8b3e-98825f086b76.png', 'isCorrect': True}, {'letter': 'E', 'text': None, 'file': 'https://enem.dev/2021/questions/152/51026f4e-2d93-4516-b1e1-65e937a6e88a.png', 'isCorrect': False}]",Difícil,Álgebra e Funções,Equações e Funções de 1º e 2º Grau
106,Questão 153 - ENEM 2021,153,matematica,2021,"Um parque temático brasileiro construiu uma réplica em miniatura do castelo de Liechtenstein. O castelo original, representado na imagem, está situado na Alemanha e foi reconstruído entre os anos de 1840 e 1842, após duas destruições causadas por guerras.

![](https://enem.dev/2021/questions/153/6826c1c9-9c1c-401f-b721-af14ad303f2e.jpg)

O castelo possui uma ponte de 38,4m de comprimento e 1,68m de largura. O artesão que trabalhou para o parque produziu a réplica do castelo, em escala. Nessa obra, as medidas do comprimento e da largura da ponte eram, respectivamente, 160cm e 7 cm.",['https://enem.dev/2021/questions/153/6826c1c9-9c1c-401f-b721-af14ad303f2e.jpg'],C,A escala utilizada para fazer a réplica é,"[{'letter': 'A', 'text': '1 : 576', 'file': None, 'isCorrect': False}, {'letter': 'B', 'text': '1 : 240', 'file': None, 'isCorrect': False}, {'letter': 'C', 'text': '1 : 24', 'file': None, 'isCorrect': True}, {'letter': 'D', 'text': '1 : 4,2', 'file': None, 'isCorrect': False}, {'letter': 'E', 'text': '1 : 2,4', 'file': None, 'isCorrect': False}]",Média,Matemática Básica,Escala
107,Questão 154 - ENEM 2021,154,matematica,2021,"A demografia médica é o estudo da população de médicos no Brasil nos aspectos quantitativo e qualitativo, sendo um dos seus objetivos fazer projeções sobre a necessidade da formação de novos médicos. Um desses estudos gerou um conjunto de dados que aborda a evolução do número de médicos e da população brasileira por várias décadas. O quadro apresenta parte desses dados.

![](https://enem.dev/2021/questions/154/06fed6e4-4341-487f-8c3a-6352bba5bfd1.jpg)

Segundo uma projeção estatística, a variação do número de médicos e o da população brasileira de 2010 para 2020 será a média entre a variação de 1990 para 2000 e a de 2000 para 2010. Com o resultado dessa projeção, determina-se o número de médicos por mil habitantes no ano de 2020.

Disponível em: www.cremesp.org.br. Acesso em: 24 jun. 2015 (adaptado)",['https://enem.dev/2021/questions/154/06fed6e4-4341-487f-8c3a-6352bba5bfd1.jpg'],D,"O número, com duas casas na parte decimal, mais próximo do número de médicos por mil habitantes no ano de 2020 seria de","[{'letter': 'A', 'text': '0,17', 'file': None, 'isCorrect': False}, {'letter': 'B', 'text': '0,49', 'file': None, 'isCorrect': False}, {'letter': 'C', 'text': '1,71', 'file': None, 'isCorrect': False}, {'letter': 'D', 'text': '2,06', 'file': None, 'isCorrect': True}, {'letter': 'E', 'text': '3,32', 'file': None, 'isCorrect': False}]",Difícil,Estatística e Probabilidade,Média / Análise de Tabelas
108,Questão 155 - ENEM 2021,155,matematica,2021,"Um atleta produz sua própria refeição com custo fixo de R$ 10,00. Ela é composta por 400g de frango, 600g de batata-doce e uma hortaliça. Atualmente, os preços dos produtos para essa refeição são:

![](https://enem.dev/2021/questions/155/0eb41d8c-7cd8-4398-96c2-b160d666be33.png)

Em relação a esses preços, haverá um aumento de 50% no preço do quilograma de batata-doce, e os outros preços não serão alterados. O atleta deseja manter o custo da refeição, a quantidade de batata-doce e a hortaliça. Portanto, terá que reduzir a quantidade de frango.",['https://enem.dev/2021/questions/155/0eb41d8c-7cd8-4398-96c2-b160d666be33.png'],C,Qual deve ser a redução percentual da quantidade de frango para que o atleta alcance seu objetivo?,"[{'letter': 'A', 'text': '12,5', 'file': None, 'isCorrect': False}, {'letter': 'B', 'text': '28,0', 'file': None, 'isCorrect': False}, {'letter': 'C', 'text': '30,0', 'file': None, 'isCorrect': True}, {'letter': 'D', 'text': '50,0', 'file': None, 'isCorrect': False}, {'letter': 'E', 'text': '70,0', 'file': None, 'isCorrect': False}]",Difícil,Matemática Básica,Razão e Proporção / Porcentagem
109,Questão 156 - ENEM 2021,156,matematica,2021,"Uma mola é solta da posição distendida conforme a figura. A figura à direita representa o gráfico da posição _P_ (em cm) da massa m em função do tempo _t_ (em segundo) em um sistema de coordenadas cartesianas. Esse movimento periódico é descrito por uma expressão do tipo P(t) = ![](https://enem.dev/2021/questions/156/22072ec1-3b3b-4ad6-a4b6-dffd6253a376.png) ou P(t) = ![](https://enem.dev/2021/questions/156/86b2ce7b-d131-40db-9629-e618470679c7.png), em que A>0 é a amplitude de deslocamento máximo e ![](https://enem.dev/2021/questions/156/f1cfe3fa-6396-47ed-b60b-48d48194225e.png) é a frequência, que se relaciona com o período T pela fórmula ![](https://enem.dev/2021/questions/156/38bd8acb-9ed5-402c-a6df-271fb1614213.png).

Considere a ausência de quaisquer forças dissipativas.

![](https://enem.dev/2021/questions/156/9e69ba46-7bc0-40c9-b81e-bdae664b1ae1.png)","['https://enem.dev/2021/questions/156/22072ec1-3b3b-4ad6-a4b6-dffd6253a376.png', 'https://enem.dev/2021/questions/156/86b2ce7b-d131-40db-9629-e618470679c7.png', 'https://enem.dev/2021/questions/156/f1cfe3fa-6396-47ed-b60b-48d48194225e.png', 'https://enem.dev/2021/questions/156/38bd8acb-9ed5-402c-a6df-271fb1614213.png', 'https://enem.dev/2021/questions/156/9e69ba46-7bc0-40c9-b81e-bdae664b1ae1.png']",A,"A expressão algébrica que representa as posições P(t) da massa m, ao longo do tempo, no gráfico, é","[{'letter': 'A', 'text': '-3 cos (2t)', 'file': None, 'isCorrect': True}, {'letter': 'B', 'text': '-3 sen (2t)', 'file': None, 'isCorrect': False}, {'letter': 'C', 'text': '3 cos (2t)', 'file': None, 'isCorrect': False}, {'letter': 'D', 'text': '-6 cos (2t)', 'file': None, 'isCorrect': False}, {'letter': 'E', 'text': '6 cos (2t)', 'file': None, 'isCorrect': False}]",Difícil,Combinatória e Trigonometria,Razões Trigonométricas no Triângulo Retângulo
110,Questão 157 - ENEM 2021,157,matematica,2021,"Uma construtora, pretendendo investir na construção de imóveis em uma metrópole com cinco grandes regiões, fez uma pesquisa sobre a quantidade de famílias que mudaram de uma região para outra, de modo a determinar qual região foi o destino do maior fluxo de famílias, sem levar em consideração o número de famílias que deixaram a região. Os valores da pesquisa estão dispostos em uma matriz A = ![](https://enem.dev/2021/questions/157/8c6e4e74-df9c-40f8-8252-dbdeaea6b052.png), i, j ![](https://enem.dev/2021/questions/157/be8d14c5-515d-49fd-ac32-96ff68aec07f.png) {1, 2, 3, 4, 5}, em que o elemento ![](https://enem.dev/2021/questions/157/d9158cca-6b4e-48a2-bfdb-ffe3e0bc450d.png) corresponde ao total de famílias (em dezena) que se mudaram da região i para a região j durante um certo período, e o elemento ![](https://enem.dev/2021/questions/157/9e0b26da-8c61-4aad-b6d1-2266960860e0.png) é considerado nulo, uma vez que somente são consideradas mudanças entre regiões distintas. A seguir, está apresentada a matriz com os dados da pesquisa.

![](https://enem.dev/2021/questions/157/7d732410-1899-40e4-ab0d-c9cac5de4aeb.png)","['https://enem.dev/2021/questions/157/8c6e4e74-df9c-40f8-8252-dbdeaea6b052.png', 'https://enem.dev/2021/questions/157/be8d14c5-515d-49fd-ac32-96ff68aec07f.png', 'https://enem.dev/2021/questions/157/d9158cca-6b4e-48a2-bfdb-ffe3e0bc450d.png', 'https://enem.dev/2021/questions/157/9e0b26da-8c61-4aad-b6d1-2266960860e0.png', 'https://enem.dev/2021/questions/157/7d732410-1899-40e4-ab0d-c9cac5de4aeb.png']",E,Qual região foi selecionada para o investimento da construtora?,"[{'letter': 'A', 'text': '1', 'file': None, 'isCorrect': False}, {'letter': 'B', 'text': '2', 'file': None, 'isCorrect': False}, {'letter': 'C', 'text': '3', 'file': None, 'isCorrect': False}, {'letter': 'D', 'text': '4', 'file': None, 'isCorrect': False}, {'letter': 'E', 'text': '5', 'file': None, 'isCorrect': True}]",Fácil,Estatística e Probabilidade,Análise de Gráficos/Tabelas
111,Questão 158 - ENEM 2021,158,matematica,2021,"Para realizar um voo entre duas cidades que distam 2 000 km uma da outra, uma companhia aérea utilizava um modelo de aeronave A, capaz de transportar até 200 passageiros. Quando uma dessas aeronaves está lotada de passageiros, o consumo de combustível é de 0,02 litro por quilômetro e por passageiro. Essa companhia resolveu trocar o modelo de aeronave A pelo modelo de aeronave B, que é capaz de transportar 10% de passageiros a mais do que o modelo A, mas consumindo 10% menos combustível por quilômetro e por passageiro.",[],B,"A quantidade de combustível consumida pelo modelo de aeronave B, em relação à do modelo de aeronave B, em relação à do modelo de aeronave A, em um voo lotado entre as duas cidades, é","[{'letter': 'A', 'text': '10% menor', 'file': None, 'isCorrect': False}, {'letter': 'B', 'text': '1% menor', 'file': None, 'isCorrect': True}, {'letter': 'C', 'text': 'Igual', 'file': None, 'isCorrect': False}, {'letter': 'D', 'text': '1% maior', 'file': None, 'isCorrect': False}, {'letter': 'E', 'text': '11% maior', 'file': None, 'isCorrect': False}]",Média,Matemática Básica,Porcentagem
112,Questão 159 - ENEM 2021,159,matematica,2021,"Em uma corrida automobilística, os carros podem fazer paradas nos boxes para efetuar trocar de pneus. Nessas trocas, o trabalho é feito por um grupo de três pessoas em cada pneu. Considere que os grupos iniciam o trabalho no mesmo instante, trabalham à mesma velocidade e cada grupo trabalha em um único pneu. Com os quatro grupos completos, são necessários 4 segundos para que a troca seja efetuada. O tempo gasto por um grupo para trocar um pneu é inversamente proporcional ao número de pessoas trabalhando nele. Em uma dessas paradas, um dos trabalhadores passou mal, não pôde participar da troca e nem foi substituído, de forma que um dos quatro grupos de troca ficou reduzido.",[],A,"Nessa parada específica, com um dos grupos reduzido, qual foi o tempo gasto, em segundo, para trocar os quatro pneus?","[{'letter': 'A', 'text': '6,0', 'file': None, 'isCorrect': True}, {'letter': 'B', 'text': '5,7', 'file': None, 'isCorrect': False}, {'letter': 'C', 'text': '5,0', 'file': None, 'isCorrect': False}, {'letter': 'D', 'text': '4,5', 'file': None, 'isCorrect': False}, {'letter': 'E', 'text': '4,4', 'file': None, 'isCorrect': False}]",Média,Matematica Basica,Razao e Proporcao
113,Questão 160 - ENEM 2021,160,matematica,2021,"Um  nutricionista verificou, na dieta diária do seu cliente, a falta de 800mg do mineral A, de 1 000 mg do mineral B e de 1 200 mg do mineral C. Por isso, recomendou a compra de suplementos alimentares que forneçam os minerais faltantes e informou que não haveria problema se consumisse mais desses minerais do que o recomendado.

O cliente encontrou cinco suplementos, vendidos em sachês unitários, cujos preços e as quantidades dos minerais estão apresentados a seguir:

*   Suplemento I: contém 50mg do mineral A, 100mg do mineral B e 200 mg do mineral C e custa R$2,00;
*   Suplemento II: contém 800mg do mineral A, 250mg do mineral B e 200 mg do mineral C e custa R$3,00;
*   Suplemento III: contém 250mg do mineral A, 1 000mg do mineral B e 300 mg do mineral C e custa R$5,00;
*   Suplemento IV: contém 600mg do mineral A, 500mg do mineral B e 1 000 mg do mineral C e custa R$6,00;
*   Suplemento V: contém 400mg do mineral A, 800mg do mineral B e 1 200 mg do mineral C e custa R$8,00;

O cliente decidiu comprar sachês de um único suplemento no qual gastasse menos dinheiro e ainda suprisse a falta de minerais indicada pelo nutricionista, mesmo que consumisse alguns deles além de sua necessidade.",[],D,"Nessas condições, o cliente deverá comprar sachês do suplemento","[{'letter': 'A', 'text': 'I', 'file': None, 'isCorrect': False}, {'letter': 'B', 'text': 'II', 'file': None, 'isCorrect': False}, {'letter': 'C', 'text': 'III', 'file': None, 'isCorrect': False}, {'letter': 'D', 'text': 'IV', 'file': None, 'isCorrect': True}, {'letter': 'E', 'text': 'V', 'file': None, 'isCorrect': False}]",Média,Matemática Básica,Razão e Proporção
114,Questão 161 - ENEM 2021,161,matematica,2021,"O administrador de um teatro percebeu que, com o ingresso do evento a R$20,00, um show conseguia atrair 200 pessoas e que, a cada R$1,00 de redução no preço do ingresso, o número de pessoas aumentava em 40. Ele sabe que os donos do teatro só admitem trabalhar com valores inteiros para os ingressos, pela dificuldade de disponibilizar troco, e pretende convencê-los a diminuir o preço do ingresso. Assim, apresentará um gráfico da arrecadação em função do valor do desconto no preço atual do ingresso.",[],E,O gráfico que mais se assemelha ao que deve ser elaborado pelo administrador é,"[{'letter': 'A', 'text': None, 'file': 'https://enem.dev/2021/questions/161/71c29cd7-d512-4f07-a66b-d9c7384ebcf1.png', 'isCorrect': False}, {'letter': 'B', 'text': None, 'file': 'https://enem.dev/2021/questions/161/a22cdccd-2be3-48b7-b37e-3253586d2fe0.png', 'isCorrect': False}, {'letter': 'C', 'text': None, 'file': 'https://enem.dev/2021/questions/161/13b92c32-cd4b-4f3c-9699-3d0916f6d516.png', 'isCorrect': False}, {'letter': 'D', 'text': None, 'file': 'https://enem.dev/2021/questions/161/83ffed50-3e9d-46d0-9cb6-5acf0cd42d98.png', 'isCorrect': False}, {'letter': 'E', 'text': None, 'file': 'https://enem.dev/2021/questions/161/9536b3b7-3d03-40b4-abea-658166fee917.png', 'isCorrect': True}]",Difícil,Álgebra e Funções,Equações e Funções de 2º Grau
115,Questão 162 - ENEM 2021,162,matematica,2021,"O quadro representa a relação entre o preço de um produto (R) e seu respectivo imposto devido (l).

![](https://enem.dev/2021/questions/162/cc601335-5c45-493b-aa9d-b7c58c7b107a.png)",['https://enem.dev/2021/questions/162/cc601335-5c45-493b-aa9d-b7c58c7b107a.png'],A,O gráfico que melhor representa essa relação é,"[{'letter': 'A', 'text': None, 'file': 'https://enem.dev/2021/questions/162/41839cfc-4413-4111-b228-b6f835d314f6.png', 'isCorrect': True}, {'letter': 'B', 'text': None, 'file': 'https://enem.dev/2021/questions/162/8e1d0658-17c6-447f-8852-a80221b9661f.png', 'isCorrect': False}, {'letter': 'C', 'text': None, 'file': 'https://enem.dev/2021/questions/162/070fd147-aeb8-4211-9ace-d2ddecb2bc76.png', 'isCorrect': False}, {'letter': 'D', 'text': None, 'file': 'https://enem.dev/2021/questions/162/a69d9997-7244-40d9-b945-11e7ac108a91.png', 'isCorrect': False}, {'letter': 'E', 'text': None, 'file': 'https://enem.dev/2021/questions/162/b9498a83-138e-4d4e-8eb9-b9ec50dcf5f4.png', 'isCorrect': False}]",Fácil,Álgebra e Funções,Equações e Funções de 1º e 2º Grau
116,Questão 163 - ENEM 2021,163,matematica,2021,"A relação de Newton-Laplace estabelece que o módulo volumétrico de um fluído é diretamente proporcional ao quadrado da velocidade do som (em metro por segundo) no fluido e à sua densidade (em quilograma por meto cúbico), com uma constante de proporcionalidade adimensional.",[],B,"Nessa relação, a unidade de medida adequada para o módulo volumétrico é","[{'letter': 'A', 'text': None, 'file': 'https://enem.dev/2021/questions/163/b08497a6-4df2-4f61-96f2-f125293d21a4.png', 'isCorrect': False}, {'letter': 'B', 'text': None, 'file': 'https://enem.dev/2021/questions/163/e8929184-06b7-4b2c-a7bf-8682d4d92231.png', 'isCorrect': True}, {'letter': 'C', 'text': None, 'file': 'https://enem.dev/2021/questions/163/381b63e2-88a8-405f-ab1e-ae5e1ef6b266.png', 'isCorrect': False}, {'letter': 'D', 'text': None, 'file': 'https://enem.dev/2021/questions/163/ef0b4b69-a758-420e-a3fa-b7b5e0a2b06c.png', 'isCorrect': False}, {'letter': 'E', 'text': None, 'file': 'https://enem.dev/2021/questions/163/2770886b-3ccc-4ff7-8e35-59674a921fa9.png', 'isCorrect': False}]",Média,Matemática Básica,Razão e Proporção
117,Questão 164 - ENEM 2021,164,matematica,2021,"Uma pessoa pretende viajar por uma companhia aérea que despacha gratuitamente uma mala com até 10kg.

Em duas viagens que realizou, essa pessoa utilizou a mesma mala e conseguiu 10 kg com as seguintes combinações de itens:

![](https://enem.dev/2021/questions/164/eab2c90e-a45f-482b-997d-a5c2f6931726.png)

Para ter certeza de que sua bagagem terá massa de 10 kg, ela decide levar essa mala com duas calças, um sapato e o máximo de camisetas, admitindo que itens do mesmo tipo têm a mesma massa.",['https://enem.dev/2021/questions/164/eab2c90e-a45f-482b-997d-a5c2f6931726.png'],B,Qual a quantidade máxima de camisetas que essa pessoa poderá levar?,"[{'letter': 'A', 'text': '22', 'file': None, 'isCorrect': False}, {'letter': 'B', 'text': '24', 'file': None, 'isCorrect': True}, {'letter': 'C', 'text': '26', 'file': None, 'isCorrect': False}, {'letter': 'D', 'text': '33', 'file': None, 'isCorrect': False}, {'letter': 'E', 'text': '39', 'file': None, 'isCorrect': False}]",Média,Álgebra e Funções,Equações e Funções de 1º Grau
118,Questão 165 - ENEM 2021,165,matematica,2021,"Um automóvel apresenta um desempenho médio de 16 km/L. Um engenheiro desenvolveu um novo motor a combustão que economiza, em relação ao consumo do motor anterior, 0,1 L de combustível a cada 10 km percorridos.",[],D,"O valor do desempenho médio do automóvel com o novo motor, em quilômetro por litro, expresso com uma casa decimal, é","[{'letter': 'A', 'text': '15,9', 'file': None, 'isCorrect': False}, {'letter': 'B', 'text': '16,1', 'file': None, 'isCorrect': False}, {'letter': 'C', 'text': '16,4', 'file': None, 'isCorrect': False}, {'letter': 'D', 'text': '17,4', 'file': None, 'isCorrect': True}, {'letter': 'E', 'text': '18,0', 'file': None, 'isCorrect': False}]",Média,Matemática Básica,Razão e Proporção
119,Questão 166 - ENEM 2021,166,matematica,2021,"O projeto de um contêiner, em forma de paralelepípedo reto retangular, previa a pintura dos dois lados (interno e externo) de cada uma das quatro paredes com tinta acrílica e a pintura do piso interno com tinta epóxi. O construtor havia pedido, a cinco fornecedores diferentes, orçamentos das tintas necessárias, mas, antes de iniciar a obra, resolveu mudar o projeto original, alterando o comprimento e a largura para o dobro do originalmente previsto, mantendo inalterada a altura. Ao pedir novos orçamentos aos fornecedores, para as novas dimensões, cada um deu uma resposta diferente sobre as novas quantidades de tinta necessárias.

Em relação ao previsto para o projeto original, as novas quantidades de tinta necessárias informadas pelos fornecedores foram as seguintes:

–  Fornecedor I: “O dobro, tanto para as paredes quanto para o piso”.

– Fornecedor II: “O dobro para as paredes e quatro vezes para o piso”.

– Fornecedor III: “Quatro vezes, tanto para as paredes quanto para o piso.”

– Fornecedor IV: “Quatro vezes para as paredes e o dobro para o piso.”

– Fornecedor V: “Oito vezes para as paredes e quatro vezes para o piso.”

Analisando as informações dos fornecedores, o construtor providenciará a quantidade adequada de material. Considere a porta de acesso do contêiner como parte de uma das paredes.",[],B,"Qual dos fornecedores prestou as informações adequadas, devendo ser o escolhido pelo construtor para aquisição do material?","[{'letter': 'A', 'text': 'I', 'file': None, 'isCorrect': False}, {'letter': 'B', 'text': 'II', 'file': None, 'isCorrect': True}, {'letter': 'C', 'text': 'III', 'file': None, 'isCorrect': False}, {'letter': 'D', 'text': 'IV', 'file': None, 'isCorrect': False}, {'letter': 'E', 'text': 'V', 'file': None, 'isCorrect': False}]",Média,Geometria Espacial,Volume e Área de Prismas
120,Questão 167 - ENEM 2021,167,matematica,2021,"Um povoado com 100 habitantes está passando por uma situação de seca prolongada e os responsáveis pela administração pública local decidem contratar a construção de um reservatório. Ele deverá ter a forma de um cilindro circular reto, cuja base tenha 5 metros de diâmetro interno, e atender à demanda de água da população por um período de exatamente sete dias consecutivos. No oitavo dia, o reservatório vazio é completamente reabastecido por carros-pipa.

Considere que o consumo médio diário por habitante é de 120 litros de água. Use 3 como aproximação para ![](https://enem.dev/2021/questions/167/42cbdc11-82db-44e3-8f1b-367c1b0e5853.png)",['https://enem.dev/2021/questions/167/42cbdc11-82db-44e3-8f1b-367c1b0e5853.png'],D,"Nas condições apresentadas, o reservatório deverá ser construído com uma altura interna mínima, em metro, igual a","[{'letter': 'A', 'text': '1,12', 'file': None, 'isCorrect': False}, {'letter': 'B', 'text': '3,10', 'file': None, 'isCorrect': False}, {'letter': 'C', 'text': '4,35', 'file': None, 'isCorrect': False}, {'letter': 'D', 'text': '4,48', 'file': None, 'isCorrect': True}, {'letter': 'E', 'text': '5,60', 'file': None, 'isCorrect': False}]",Média,Geometria Espacial,"Volume e Área de Prismas, Cilindros, Cones, Pirâmides e Esferas / Unidades de Medida e Vazão"
121,Questão 168 - ENEM 2021,168,matematica,2021,"Num octaedro regular, duas faces são consideradas opostas quando não têm nem arestas, nem vértices em comum. Na figura, observa-se um octaedro regular e uma de suas planificações, na qual há uma face colorida na cor cinza escuro e outras quatro faces numeradas.

![](https://enem.dev/2021/questions/168/71fccb41-8caa-485c-b7af-c1c537c4148b.png)",['https://enem.dev/2021/questions/168/71fccb41-8caa-485c-b7af-c1c537c4148b.png'],E,"Qual(is) face(s) ficará(ão) oposta(s) à face de cor cinza escuro, quando o octaedro for reconstruído a partir da planificação dada?","[{'letter': 'A', 'text': '1, 2, 3 e 4', 'file': None, 'isCorrect': False}, {'letter': 'B', 'text': '1 e 3', 'file': None, 'isCorrect': False}, {'letter': 'C', 'text': '1', 'file': None, 'isCorrect': False}, {'letter': 'D', 'text': '2', 'file': None, 'isCorrect': False}, {'letter': 'E', 'text': '4', 'file': None, 'isCorrect': True}]",Difícil,Geometria Espacial,"Volume e Área de Prismas, Cilindros, Cones, Pirâmides e Esferas"
122,Questão 169 - ENEM 2021,169,matematica,2021,"O instrumento da percussão conhecido como triângulo é composto por uma barra fina de aço, dobrada em um formato que se assemelha a um triângulo, com uma abertura e uma haste, conforme ilustra a Figura 1.

![](https://enem.dev/2021/questions/169/d9c2223e-0155-480d-bfd2-0d0fd39cb200.png)

Uma empresa de brindes promocionais contrata uma fundição para a produção de miniaturas de instrumentos desse tipo. A fundição produz, inicialmente, peças com o formato de uma triângulo equilátero de altura h, conforme ilustra a Figura 2. Após esse processo, cada peça é aquecida, deformando os cantos, e cortada em um dos vértices, dando origem à miniatura. Assuma que não ocorram perdas de material no processo de produção, de forma que o comprimento da barra utilizada seja igual ao perímetro do triângulo equilátero representado na Figura 2.

Considere 1,7 como valor aproximado para √3.

Nessas condições, o valor que mais se aproxima da medida do comprimento da barra, em centímetro, é",['https://enem.dev/2021/questions/169/d9c2223e-0155-480d-bfd2-0d0fd39cb200.png'],D,"Nessas condições, o valor que mais se aproxima da medida do comprimento da barra, em centímetro, é:","[{'letter': 'A', 'text': '9,07.', 'file': None, 'isCorrect': False}, {'letter': 'B', 'text': '13,60.', 'file': None, 'isCorrect': False}, {'letter': 'C', 'text': '20,40.', 'file': None, 'isCorrect': False}, {'letter': 'D', 'text': '27,18.', 'file': None, 'isCorrect': True}, {'letter': 'E', 'text': '36,24.', 'file': None, 'isCorrect': False}]",Média,Geometria Plana,Áreas de Figuras Planas
123,Questão 170 - ENEM 2021,170,matematica,2021,"Uma pessoa comprou uma caneca para tomar sopa, conforme ilustração.

![](https://enem.dev/2021/questions/170/4b81cbbc-0e2d-486f-9a21-2cbe5160b172.png)

Sabe-se que 1 cm³ = 1 mL e que o topo da caneca é uma circunferência de diâmetro (D) medindo 10 cm, e a base é um círculo de diâmetro (d) medindo 8 cm. Além disso, sabe-se que a altura (h) dessa caneca mede 12 cm (distância entre o centro das circunferências do topo e da base).

Utilize 3 como aproximação para π.",['https://enem.dev/2021/questions/170/4b81cbbc-0e2d-486f-9a21-2cbe5160b172.png'],C,"Qual é a capacidade volumétrica, em milimitro, dessa caneca?","[{'letter': 'A', 'text': '216', 'file': None, 'isCorrect': False}, {'letter': 'B', 'text': '408', 'file': None, 'isCorrect': False}, {'letter': 'C', 'text': '732', 'file': None, 'isCorrect': True}, {'letter': 'D', 'text': '2196', 'file': None, 'isCorrect': False}, {'letter': 'E', 'text': '2928', 'file': None, 'isCorrect': False}]",Média,Geometria Espacial,Volume de Tronco de Cone / Unidades de Medida
124,Questão 171 - ENEM 2021,171,matematica,2021,"O dono de uma loja pretende usar cartões imantados para a sua divulgação de sua loja. A empresa que fornecerá o serviço lhe informa que o custo de fabricação do cartão é de R$0,01 por centímetro quadrado e que disponibiliza modelos tendo como faces úteis para impressão:

*   um triângulo equilátero de lado 12 cm;
*   um quadrado de lado 8 cm;
*   um retângulo de lados 11 cm e 8 cm;
*   um hexágono regular de lado 6cm;
*   um círculo de diâmetro 10 cm.

O dono da loja está disposto a pagar, no máximo, R$0,80 por cartão. Ele escolherá, dentro desse limite de preço, o modelo que tiver maior área de impressão.

Use 3 como aproximação para π e use 1,7 como aproximação para √3.",[],E,"Nessas condições, o modelo que deverá ser escolhido tem como face útil para impressão um","[{'letter': 'A', 'text': 'Triângulo', 'file': None, 'isCorrect': False}, {'letter': 'B', 'text': 'Quadrado', 'file': None, 'isCorrect': False}, {'letter': 'C', 'text': 'Retângulo', 'file': None, 'isCorrect': False}, {'letter': 'D', 'text': 'Hexágono', 'file': None, 'isCorrect': False}, {'letter': 'E', 'text': 'Círculo', 'file': None, 'isCorrect': True}]",Média,Geometria Plana,"Áreas de Figuras Planas (Quadrados, Retângulos, Triângulos, Círculos)"
125,Questão 172 - ENEM 2021,172,matematica,2021,"Um ciclista amador de 61 anos de idade utilizou um monitor cardíaco para medir suas frequências cardíacas em quatro diferentes tipos de trechos do percurso. Os resultados das frequências cardíacas máximas alcançadas nesses trechos foram:

![](https://enem.dev/2021/questions/172/604532ed-546c-43dc-a7eb-3b0b3bfca440.png)

Sabe-se que a faixa aeróbica ideal para o ganho de condicionamento físico é entre 65% e 85% da frequência cardíaca máxima (Fc máx), que, por sua vez, é determinada pela fórmula:

Fc máx. = 220 – idades,

em que a idade é dada em ano e Fc máx. é dada em bpm (batimento por minuto).",['https://enem.dev/2021/questions/172/604532ed-546c-43dc-a7eb-3b0b3bfca440.png'],D,"Os trechos do percurso nos quais esse ciclista se mantém dentro de sua faixa aeróbica ideal, para o ganho de condicionamento físico, são:","[{'letter': 'A', 'text': 'Leve no plano, forte no plano, subida moderada e subida forte.', 'file': None, 'isCorrect': False}, {'letter': 'B', 'text': 'Leve no plano, forte no plano e subida moderada.', 'file': None, 'isCorrect': False}, {'letter': 'C', 'text': 'Forte no plano, subida moderada e subida forte.', 'file': None, 'isCorrect': False}, {'letter': 'D', 'text': 'Forte no plano e subida moderada.', 'file': None, 'isCorrect': True}, {'letter': 'E', 'text': 'Leve no plano e subida forte.', 'file': None, 'isCorrect': False}]",Média,Matemática Básica,Porcentagem
126,Questão 173 - ENEM 2021,173,matematica,2021,"Um lava-rápido oferece dois tipos de lavagem de veículos: lavagem simples, ao preço de R$ 20,00, e lavagem completa, ao preço de R$35,00. Para cobrir as despesas com produtos e funcionários, e não ter prejuízos, o lava-rápido deve ter uma receita diária de, pelo menos, R$300,00.",[],C,"Para não ter prejuízo, o menor número de lavagens diárias que o lava rápido deve efetuar é","[{'letter': 'A', 'text': '6', 'file': None, 'isCorrect': False}, {'letter': 'B', 'text': '8', 'file': None, 'isCorrect': False}, {'letter': 'C', 'text': '9', 'file': None, 'isCorrect': True}, {'letter': 'D', 'text': '15', 'file': None, 'isCorrect': False}, {'letter': 'E', 'text': '20', 'file': None, 'isCorrect': False}]",Média,Matemática Básica,Razão e Proporção
127,Questão 174 - ENEM 2021,174,matematica,2021,"Após a consulta médica, um paciente deve seguir um tratamento composto por três medicamentos: X, Y e Z. O paciente, para adquirir os três medicamentos, faz um orçamento em três farmácias diferentes, conforme o quadro.

![](https://enem.dev/2021/questions/174/a9b99537-f174-43b1-9ee0-90b5bdfe57ad.png)

Dessas farmácias, algumas oferecem descontos:

*   na compra dos medicamentos X e Y na Farmácia 2, recebe-se um desconto de 20% em ambos os produtos, independentemente da compra do medicamento Z, e não há desconto para o medicamento Z;
*   na compra dos 3 medicamentos na Farmácia 3, recebe-se 20% de desconto no valor total da compra.

O paciente deseja efetuar a compra de modo a minimizar duas despesa com os medicamentos.",['https://enem.dev/2021/questions/174/a9b99537-f174-43b1-9ee0-90b5bdfe57ad.png'],C,"De acordo com as informações fornecidas, o paciente deve comprar os medicamentos da seguinte forma:","[{'letter': 'A', 'text': 'X, Y e Z na Farmácia 1.', 'file': None, 'isCorrect': False}, {'letter': 'B', 'text': 'X e Y na Farmácia 1, e Z na Farmácia 3.', 'file': None, 'isCorrect': False}, {'letter': 'C', 'text': 'X e Y na Farmácia 2, e Z na Farmácia 3.', 'file': None, 'isCorrect': True}, {'letter': 'D', 'text': 'X na Farmácia 2, e Y e Z na Farmácia 3.', 'file': None, 'isCorrect': False}, {'letter': 'E', 'text': 'X, Y e Z na Farmácia 3.', 'file': None, 'isCorrect': False}]",Média,Matemática Básica,Porcentagem
128,Questão 175 - ENEM 2021,175,matematica,2021,"Muitos brinquedos que frequentemente são encontrados em praças e parques públicos apresentam formatos de figuras geométricas bidimensionais e tridimensionais. Uma empresa foi contratada para desenvolver uma nova forma de brinquedo. A proposta apresentada pela empresa foi de uma estrutura formada apenas por hastes metálicas, conectadas umas às outras, como apresentado na figura. As hastes de mesma tonalidade e espessura são congruentes.

![](https://enem.dev/2021/questions/175/604fdc09-c098-44f6-9b6f-002210df4c34.png)",['https://enem.dev/2021/questions/175/604fdc09-c098-44f6-9b6f-002210df4c34.png'],A,"Com base na proposta apresentada, quantas figuras geométricas planas de cada tipo são formadas pela união das hastes?","[{'letter': 'A', 'text': '12 trapézios isósceles e 12 quadrados.', 'file': None, 'isCorrect': True}, {'letter': 'B', 'text': '24 trapézios isósceles e 12 quadrados.', 'file': None, 'isCorrect': False}, {'letter': 'C', 'text': '12 paralelogramos e 12 quadrados.', 'file': None, 'isCorrect': False}, {'letter': 'D', 'text': '8 trapézios isósceles', 'file': None, 'isCorrect': False}]",Média,Geometria Espacial,"Volume e Área de Prismas, Cilindros, Cones, Pirâmides e Esferas"
129,Questão 176 - ENEM 2021,176,matematica,2021,"O sistema de numeração romano ainda é utilizado na indicação de capítulos e volumes de livros, na designação de séculos e, em ordem cronológica, de papas e reis de mesmo nome. São utilizadas sete letras do alfabeto:  
Quatro fundamentais: I (vale 1); X (vale 10); C (vale 100) e M (vale 1 000).  
Três secundárias: V (vale 5); L (vale 50); e D (vale 500).

As regras para escrever números romanos são:  
1\. Não existe símbolo correspondente ao zero;  
2\. Os símbolos fundamentais podem ser repetidos até três vezes e seus valores são adicionados. Exemplo: XXX = 30;  
3\. Uma letra posta à esquerda de outra de maior valor indica subtração dos respectivos valores. Exemplo: IX = 10 – 1 = 9;  
4\. Uma letra posta à direita de outra de maior valor indica adição dos respectivos valores. Exemplo: XI = 10 + 1 = 11

Em uma cidade europeia há uma placa indicando o ano de sua fundação: MCDLXIX.",[],D,Quantos anos de fundação essa cidade comemorará em 2050?,"[{'letter': 'A', 'text': '379', 'file': None, 'isCorrect': False}, {'letter': 'B', 'text': '381', 'file': None, 'isCorrect': False}, {'letter': 'C', 'text': '579', 'file': None, 'isCorrect': False}, {'letter': 'D', 'text': '581', 'file': None, 'isCorrect': True}, {'letter': 'E', 'text': '601', 'file': None, 'isCorrect': False}]",Fácil,Matemática Básica,Operações com números (sistema de numeração romano)
130,Questão 177 - ENEM 2021,177,matematica,2021,"Uma das bases mais utilizadas para representar um número é a base decimal. Entretanto, os computadores trabalham com números na base binária. Nessa base, qualquer número natural é representado usando apenas os algarismos 0 e 1. Por exemplo, as representações dos números 9 e 12, na base binárias, são 1001 e 1100, respectivamente. A operação de adição, na base binária, segue um algoritmo similar ao utilizado na base decimal, como detalhado no quadro:

Por exemplo, na base binária, a soma dos números 10 e 10 é 100, como apresentado:

![](https://enem.dev/2021/questions/177/e82478b8-f2bb-43db-88d0-49359625343c.png)",['https://enem.dev/2021/questions/177/e82478b8-f2bb-43db-88d0-49359625343c.png'],D,"Considerando as informações do texto, o resultado da adição 9 + 12 será representado, na base binária, por","[{'letter': 'A', 'text': '101', 'file': None, 'isCorrect': False}, {'letter': 'B', 'text': '1101', 'file': None, 'isCorrect': False}, {'letter': 'C', 'text': '1111', 'file': None, 'isCorrect': False}, {'letter': 'D', 'text': '10101', 'file': None, 'isCorrect': True}, {'letter': 'E', 'text': '11001', 'file': None, 'isCorrect': False}]",Média,Matemática Básica,Potenciação/Radiciação
131,Questão 178 - ENEM 2021,178,matematica,2021,"Uma unidade de medida comum usada para a expressar áreas de terrenos de grandes dimensões é o hectare, que equivale a 10 000 m². Um fazendeiro decide fazer um loteamento utilizando 3 hectares de sua fazenda, dos quais 0,9 hectare será usado para a construção de ruas e calçadas e o restante será dividido em terrenos com área de 300 m² cada um. Os 20 primeiros terrenos vendidos terão preços promocionais de R$ 20 000,00 cada, e os demais, R$ 30 000,00 cada.",[],C,"Nas condições estabelecidas, o valor total, em real, obtido, pelo fazendeiro com a venda de todos os terrenos será igual a","[{'letter': 'A', 'text': '700 000', 'file': None, 'isCorrect': False}, {'letter': 'B', 'text': '1 600 000', 'file': None, 'isCorrect': False}, {'letter': 'C', 'text': '1 900 000', 'file': None, 'isCorrect': True}, {'letter': 'D', 'text': '2 200 000', 'file': None, 'isCorrect': False}, {'letter': 'E', 'text': '2 800 000', 'file': None, 'isCorrect': False}]",Média,Matemática Básica,Razão e Proporção / Operações com Frações / Unidades de Medida
132,Questão 179 - ENEM 2021,179,matematica,2021,Uma pessoa produzirá uma fantasia utilizando como materiais: 2 tipos de tecidos diferentes e 5 tipos distintos de pedras ornamentais. Essa pessoa tem à sua disposição 6 tecidos diferentes e 15 pedras ornamentais distintas.,[],A,A quantidade de fantasias com materiais diferentes que podem ser produzidas é representada pela expressão,"[{'letter': 'A', 'text': None, 'file': 'https://enem.dev/2021/questions/179/7551285a-0dd2-404f-9756-f6153809bb6b.png', 'isCorrect': True}, {'letter': 'B', 'text': None, 'file': 'https://enem.dev/2021/questions/179/ec6aed66-8609-4de8-8e4e-e352f8504ff0.png', 'isCorrect': False}, {'letter': 'C', 'text': None, 'file': 'https://enem.dev/2021/questions/179/e7db8ec1-87ee-4181-8cdc-f3de1667bd46.png', 'isCorrect': False}, {'letter': 'D', 'text': None, 'file': 'https://enem.dev/2021/questions/179/7e9a8152-4cad-499f-a704-e336986e83a5.png', 'isCorrect': False}, {'letter': 'E', 'text': None, 'file': 'https://enem.dev/2021/questions/179/0e4dc469-3dcf-46e2-abb9-7218a2ae6fff.png', 'isCorrect': False}]",Média,Combinatória e Trigonometria,Combinação
133,Questão 180 - ENEM 2021,180,matematica,2021,"Os diretores de uma escola precisam construir um laboratório para uso dos alunos. Há duas possibilidades:

(i) um laboratório do tipo A, com capacidade para 100 usuário, a um custo de 180 mil reais e gastos de 60 mil reais por ano para manutenção;

(ii) um laboratório do tipo B, com capacidade para 80 usuários, a um custo de 120 mil reais e gastos com manutenção de 16 mil reais por ano.

Considera-se que, em qualquer caso, o laboratório implantado será utilizado na totalidade de sua capacidade.",[],B,"A economia da escola, na utilização de um laboratório tipo B, em vez de um laboratório tipo A, num período de 4 anos, por usuário, será de","[{'letter': 'A', 'text': '1,31 mil reais', 'file': None, 'isCorrect': False}, {'letter': 'B', 'text': '1,90 mil reais', 'file': None, 'isCorrect': True}, {'letter': 'C', 'text': '2,30 mil reais', 'file': None, 'isCorrect': False}, {'letter': 'D', 'text': '2,36 mil reais', 'file': None, 'isCorrect': False}, {'letter': 'E', 'text': '2,95 mil reais', 'file': None, 'isCorrect': False}]",Média,Matemática Básica,Razão e Proporção
134,Questão 136 - ENEM 2020,136,matematica,2020,"A fabricação da Bandeira Nacional deve obedecer ao descrito na Lei n. 5.700, de 1º de setembro de 1971, que trata dos Símbolos Nacionais. No artigo que se refere às dimensões da Bandeira, observa-se:

“Para cálculos das dimensões, será tomada por base a largura, dividindo-a em 14 (quatorze) partes iguais, sendo que cada uma das partes será considerada uma medida ou um módulo (M). Os demais requisitos dimensionais seguem o critério abaixo:

1.  Comprimento será de vinte módulos (20 M);
2.  A distância dos vértices do losango amarelo ao quadro externo será de um módulo e sete décimos (1,7 M);
3.  O raio do círculo azul no meio do losango amarelo será de três módulos e meio (3,5 M).”

BRASIL, Lei n. 5.700, de 1° de setembro de 1971. Disponível em: www.planalto.gov.br. Acesso em: 15 set. 2015.

A figura indica as cores da bandeira do Brasil e localiza o quadro externo a que se refere a Lei n. 5.700.

![](https://enem.dev/2020/questions/136/d4125f5f-361b-4d70-b868-340dde832d81.png)

Um torcedor, preparando-se para a Copa do Mundo e dispondo de cortes de tecidos verde (180 cm x 150 cm) e  
amarelo (o quanto baste), deseja confeccionar a maior Bandeira Nacional possível a partir das medidas do tecido verde.",['https://enem.dev/2020/questions/136/d4125f5f-361b-4d70-b868-340dde832d81.png'],D,"Qual a medida, em centímetro, do lado do menor quadrado de tecido azul que deverá ser comprado para confecção do círculo da bandeira desejada?","[{'letter': 'A', 'text': '27', 'file': None, 'isCorrect': False}, {'letter': 'B', 'text': '32', 'file': None, 'isCorrect': False}, {'letter': 'C', 'text': '53', 'file': None, 'isCorrect': False}, {'letter': 'D', 'text': '63', 'file': None, 'isCorrect': True}, {'letter': 'E', 'text': '90', 'file': None, 'isCorrect': False}]",Média,Matemática Básica,Razão e Proporção
135,Questão 137 - ENEM 2020,137,matematica,2020,"Uma empresa de ônibus utiliza um sistema de vendas de passagens que fornece a imagem de todos os assentos do ônibus, diferenciando os assentos já vendidos, por uma cor mais escura, dos assentos ainda disponíveis. A empresa monitora, permanentemente, o número de assentos já vendidos e compara-o com o número total de assentos do ônibus para avaliar a necessidade de alocação de veículos extras.

Na imagem tem-se a informação dos assentos já vendidos e dos assentos ainda disponíveis em um determinado instante.

![](https://enem.dev/2020/questions/137/ff9b404e-91ec-42e5-af3a-e9aa62f10112.png)",['https://enem.dev/2020/questions/137/ff9b404e-91ec-42e5-af3a-e9aa62f10112.png'],A,"A razão entre o número de assentos já vendidos e o total de assentos desse ônibus, no instante considerado na image, é","[{'letter': 'A', 'text': None, 'file': 'https://enem.dev/2020/questions/137/17b0e46c-f67a-4fdb-88d2-c3c62f028274.png', 'isCorrect': True}, {'letter': 'B', 'text': None, 'file': 'https://enem.dev/2020/questions/137/231c1dc0-6132-49f1-96e9-6122a7ea609b.png', 'isCorrect': False}, {'letter': 'C', 'text': None, 'file': 'https://enem.dev/2020/questions/137/08971458-249f-4b7b-a76e-58ba41f9b9fa.png', 'isCorrect': False}, {'letter': 'D', 'text': None, 'file': 'https://enem.dev/2020/questions/137/6387c790-e6aa-43b8-96a5-608f7df083cf.png', 'isCorrect': False}, {'letter': 'E', 'text': None, 'file': 'https://enem.dev/2020/questions/137/1e9528c7-0911-4685-a8c0-657950a04b5f.png', 'isCorrect': False}]",Fácil,Matemática Básica,Razão e Proporção
136,Questão 138 - ENEM 2020,138,matematica,2020,"A caixa-d’água de um edifício terá a forma de um paralelepípedo retângulo reto com volume igual a 28 080 litros. Em uma maquete que representa o edifício, a caixa d’água tem dimensões 2 cm x 3,51 cm x 4 cm.

Dado: 1 dm3 = 1 L",[],B,A escala usada pelo arquiteto foi,"[{'letter': 'A', 'text': '1 : 10', 'file': None, 'isCorrect': False}, {'letter': 'B', 'text': '1 : 100', 'file': None, 'isCorrect': True}, {'letter': 'C', 'text': '1 : 1 000', 'file': None, 'isCorrect': False}, {'letter': 'D', 'text': '1 : 10 000', 'file': None, 'isCorrect': False}, {'letter': 'E', 'text': '1 : 100 000', 'file': None, 'isCorrect': False}]",Média,Matemática Básica,Escala
137,Questão 139 - ENEM 2020,139,matematica,2020,"Os gráficos representam a produção de peças em uma indústria e as horas trabalhadas dos funcionários no período de cinco dias. Em cada dia, o gerente de produção aplica uma metodologia diferente de trabalho. Seu objetivo é avaliar a metodologia mais eficiente para utilizá-la como modelo nos próximos períodos. Sabe-se que, neste caso, quanto maior for a razão entre o número de peças produzidas e o número de horas trabalhadas, maior será a eficiência da metodologia.

![](https://enem.dev/2020/questions/139/21679558-7757-4d62-8aa4-f22647acf6d6.png)

![](https://enem.dev/2020/questions/139/f2008e36-2cc8-4d8e-8a86-89023b091a80.png)","['https://enem.dev/2020/questions/139/21679558-7757-4d62-8aa4-f22647acf6d6.png', 'https://enem.dev/2020/questions/139/f2008e36-2cc8-4d8e-8a86-89023b091a80.png']",C,Em qual dia foi aplicada a metodologia mais eficiente?,"[{'letter': 'A', 'text': '1', 'file': None, 'isCorrect': False}, {'letter': 'B', 'text': '2', 'file': None, 'isCorrect': False}, {'letter': 'C', 'text': '3', 'file': None, 'isCorrect': True}, {'letter': 'D', 'text': '4', 'file': None, 'isCorrect': False}, {'letter': 'E', 'text': '5', 'file': None, 'isCorrect': False}]",Média,Matemática Básica,Razão e Proporção
138,Questão 140 - ENEM 2020,140,matematica,2020,"O proprietário de um apartamento decidiu instalar porcelanato no piso da sala. Essa sala tem formato retangular com 3,2 m de largura e 3,6 m de comprimento. As peças do porcelanato têm formato de um quadrado com lado medindo 80 cm. Esse porcelanato é vendido em dois tipos de caixas, com os preços indicados a seguir.

*   Caixas do tipo A: 4 unidades de piso, R$ 35,00;
*   Caixas do tipo B: 3 unidades de piso, R$ 27,00.

Na instalação do porcelanato, as peças podem ser recortadas e devem ser assentadas sem espaçamento entre elas, aproveitando-se ao máximo os recortes feitos.",[],C,"A compra que atende às necessidades do proprietário, proporciona a menor sobra de pisos e resulta no menor preço é","[{'letter': 'A', 'text': '5 caixas do tipo A.', 'file': None, 'isCorrect': False}, {'letter': 'B', 'text': '1 caixa do tipo A e 4 caixas do tipo B.', 'file': None, 'isCorrect': False}, {'letter': 'C', 'text': '3 caixas do tipo A e 1 caixa do tipo B.', 'file': None, 'isCorrect': True}, {'letter': 'D', 'text': '5 caixas do tipo A e 1 caixa do tipo B.', 'file': None, 'isCorrect': False}, {'letter': 'E', 'text': '6 caixas do tipo B.', 'file': None, 'isCorrect': False}]",Média,Geometria Plana,Áreas de Figuras Planas
139,Questão 141 - ENEM 2020,141,matematica,2020,"Um hotel de 3 andares está sendo construído. Cada andar terá 100 quartos. Os quartos serão numerados de 100 a 399 e cada um terá seu número afixado à porta. Cada número será composto por peças individuais, cada uma simbolizando um único algarismo.",[],A,"Qual a quantidade mínima de peças, simbolizando o algarismo 2, necessárias para identificar o número de todos os quartos?","[{'letter': 'A', 'text': '160', 'file': None, 'isCorrect': True}, {'letter': 'B', 'text': '157', 'file': None, 'isCorrect': False}, {'letter': 'C', 'text': '130', 'file': None, 'isCorrect': False}, {'letter': 'D', 'text': '120', 'file': None, 'isCorrect': False}, {'letter': 'E', 'text': '60', 'file': None, 'isCorrect': False}]",Média,Matemática Básica,Razão e Proporção
140,Questão 142 - ENEM 2020,142,matematica,2020,"O Estatuto do Idoso, no Brasil, prevê certos direitos às pessoas com idade avançada, concedendo a estas, entre outros benefícios, a restituição de imposto de renda antes dos demais contribuintes. A tabela informa os nomes e as idades de 12 idosos que aguardam suas restituições de imposto de renda. Considere que, entre os idosos, a restituição seja concedida em ordem decrescente de idade e que, em subgrupos de pessoas com a mesma idade, a ordem seja decidida por sorteio.

![](https://enem.dev/2020/questions/142/b2b35329-a61a-40a8-a643-097c520ea8bb.png)",['https://enem.dev/2020/questions/142/b2b35329-a61a-40a8-a643-097c520ea8bb.png'],E,"Nessas condições, a probabilidade de João ser a sétima pessoa do grupo a receber sua restituição é igual a","[{'letter': 'A', 'text': None, 'file': 'https://enem.dev/2020/questions/142/5815f253-790c-489e-aa9e-8b734eca7eba.png', 'isCorrect': False}, {'letter': 'B', 'text': None, 'file': 'https://enem.dev/2020/questions/142/28e9c57b-3044-4216-8654-9b6058c015f3.png', 'isCorrect': False}, {'letter': 'C', 'text': None, 'file': 'https://enem.dev/2020/questions/142/168da0c8-5c83-4d49-a935-878c5999aef4.png', 'isCorrect': False}, {'letter': 'D', 'text': None, 'file': 'https://enem.dev/2020/questions/142/a70cee23-ba5d-4f3c-b76d-8a86b13bdb6b.png', 'isCorrect': False}, {'letter': 'E', 'text': None, 'file': 'https://enem.dev/2020/questions/142/c1567e92-2b0f-4ee8-9b31-81dc1cdc1be6.png', 'isCorrect': True}]",Difícil,Estatística e Probabilidade,Probabilidade Simples e Condicional
141,Questão 143 - ENEM 2020,143,matematica,2020,"No Brasil, o tempo necessário para um estudante realizar sua formação até a diplomação em um curso superior, considerando os 9 anos de ensino fundamental, os 3 anos do ensino médio e os 4 anos de graduação (tempo médio), é de 16 anos. No entanto, a realidade dos brasileiros mostra que o tempo médio de estudo de pessoas acima de 14 anos é ainda muito pequeno, conforme apresentado na tabela

![](https://enem.dev/2020/questions/143/044568f1-b210-4552-8a3f-f8caa97fa8db.png)

Considere que o incremento no tempo de estudo, a cada período, para essas pessoas, se mantenha constante até o ano 2050, e que se pretenda chegar ao patamar de 70% do tempo necessário à obtenção do curso superior dado anteriormente.",['https://enem.dev/2020/questions/143/044568f1-b210-4552-8a3f-f8caa97fa8db.png'],D,O ano em que o tempo médio de estudo de pessoas acima de 14 anos atingirá o percentual pretendido será,"[{'letter': 'A', 'text': '2018.', 'file': None, 'isCorrect': False}, {'letter': 'B', 'text': '2023.', 'file': None, 'isCorrect': False}, {'letter': 'C', 'text': '2031.', 'file': None, 'isCorrect': False}, {'letter': 'D', 'text': '2035.', 'file': None, 'isCorrect': True}, {'letter': 'E', 'text': '2043.', 'file': None, 'isCorrect': False}]",Média,Álgebra e Funções,Progressão Aritmética (PA) e Equações de 1º Grau
142,Questão 145 - ENEM 2020,145,matematica,2020,"Um clube deseja produzir miniaturas em escala do troféu que ganhou no último campeonato. O troféu está representado na Figura 1 e é composto por uma base em formato de um paralelepípedo reto-retângulo de madeira, sobre a qual estão fixadas três hastes verticais que sustentam uma esfera de 30 cm de diâmetro, que fica centralizada sobre a base de madeira. O troféu tem 100 cm de altura, incluída sua base.

![](https://enem.dev/2020/questions/145/e67a686b-079d-4129-b359-4e99d93e616e.png)

A miniatura desse troféu deverá ser instalada no interior de uma caixa de vidro, em formato de paralelepípedo reto-retângulo, cujas dimensões internas de sua base estão indicadas na Figura 2, de modo que a base do troféu seja colada na base da caixa e distante das paredes laterais da caixa de vidro em pelo menos 1 cm. Deve ainda haver uma distância de exatos 2 cm entre o topo da esfera e a tampa dessa caixa de vidro. Nessas condições deseja-se fazer a maior miniatura possível.",['https://enem.dev/2020/questions/145/e67a686b-079d-4129-b359-4e99d93e616e.png'],B,"A medida da altura, em centímetro, dessa caixa de vidro deverá ser igual a","[{'letter': 'A', 'text': '12.', 'file': None, 'isCorrect': False}, {'letter': 'B', 'text': '14.', 'file': None, 'isCorrect': True}, {'letter': 'C', 'text': '16.', 'file': None, 'isCorrect': False}, {'letter': 'D', 'text': '18.', 'file': None, 'isCorrect': False}, {'letter': 'E', 'text': '20.', 'file': None, 'isCorrect': False}]",Média,Matemática Básica,Escala
143,Questão 146 - ENEM 2020,146,matematica,2020,"Uma casa de dois andares está sendo projetada. É necessário incluir no projeto a construção de uma escada para o acesso ao segundo andar. Para o cálculo das dimensões dos degraus utilizam-se as regras:

2_h_ + _b_ — 63,5 ≤ 1,5 e 16 ≤ _h_ ≤ 19,

nas quais _h_ é a altura do degrau (denominada espelho) e _b_ é a profundidade da pisada, como mostra a figura. Por conveniência, escolheu-se a altura do degrau como sendo _h_ = 16. As unidades de _h_ e _b_ estão em centímetro.

![](https://enem.dev/2020/questions/146/7b775aa4-0afa-4e70-b6d0-3a49cf66c41f.png)",['https://enem.dev/2020/questions/146/7b775aa4-0afa-4e70-b6d0-3a49cf66c41f.png'],C,"Nesse caso, o mais amplo intervalo numérico ao qual a profundidade da pisada (b) deve pertencer, para que as regras sejam satisfeitas é","[{'letter': 'A', 'text': '30 ≤ b', 'file': None, 'isCorrect': False}, {'letter': 'B', 'text': '30 ≤ b ≤ 31,5', 'file': None, 'isCorrect': False}, {'letter': 'C', 'text': '30 ≤ b ≤ 33', 'file': None, 'isCorrect': True}, {'letter': 'D', 'text': '31,5 ≤ b ≤ 33', 'file': None, 'isCorrect': False}, {'letter': 'E', 'text': 'B ≤ 33', 'file': None, 'isCorrect': False}]",Média,Álgebra e Funções,Equações e Funções de 1º Grau
144,Questão 147 - ENEM 2020,147,matematica,2020,"Muitos modelos atuais de veículos possuem computador de bordo. Os computadores informam em uma tela diversas variações de grandezas associadas ao desempenho do carro, dentre elas o consumo médio de combustível. Um veículo, de um determinado modelo, pode vir munido de um dos dois tipos de computadores de bordo:

*   Tipo A: informa a quantidade X de litro de combustível gasto para percorrer 100 quilômetros
*   Tipo B: informa a quantidade de quilômetro que o veículo é capaz de percorrer com um litro de combustível.

Um veículo utiliza o computador do Tipo A, e ao final de uma viagem o condutor viu apresentada na tela a informação “X/100”.",[],C,"Caso o seu veículo utilizasse o computador do Tipo B, o valor informado na tela seria obtido pela operação","[{'letter': 'A', 'text': None, 'file': 'https://enem.dev/2020/questions/147/69c7e5f8-93ce-4ecd-8e44-ac7c28af96f2.png', 'isCorrect': False}, {'letter': 'B', 'text': None, 'file': 'https://enem.dev/2020/questions/147/f0b8be29-d7d6-419e-8c6b-0b87bc3d2335.png', 'isCorrect': False}, {'letter': 'C', 'text': None, 'file': 'https://enem.dev/2020/questions/147/f0df66d2-c7fe-423b-8513-79ade98380ae.png', 'isCorrect': True}, {'letter': 'D', 'text': None, 'file': 'https://enem.dev/2020/questions/147/12128e5e-c71c-4946-904b-156196ea62fd.png', 'isCorrect': False}, {'letter': 'E', 'text': None, 'file': 'https://enem.dev/2020/questions/147/0f541af7-0c49-4ce9-bfe8-de20e82ea2b7.png', 'isCorrect': False}]",Média,Matemática Básica,Razão e Proporção
145,Questão 148 - ENEM 2020,148,matematica,2020,"A Pesquisa Nacional por Amostra de Domicílios (Pnad) é uma pesquisa feita anualmente pelo IBGE, exceto nos anos em que há Censo. Em um ano, foram entrevistados 363 mil jovens para fazer um levantamento sobre suas atividades profissionais e/ou acadêmicas. Os resultados da pesquisa estão indicados no gráfico.

![](https://enem.dev/2020/questions/148/c9d3a77b-08a1-449b-9aac-b59928d168ba.png)

Disponível em: http://noticias.uol.com.br. Acesso em 20 ago. 2014.",['https://enem.dev/2020/questions/148/c9d3a77b-08a1-449b-9aac-b59928d168ba.png'],C,"De acordo com as informações dadas, o número de jovens entrevistados que trabalha é","[{'letter': 'A', 'text': '114 708.', 'file': None, 'isCorrect': False}, {'letter': 'B', 'text': '164 076.', 'file': None, 'isCorrect': False}, {'letter': 'C', 'text': '213 444.', 'file': None, 'isCorrect': True}, {'letter': 'D', 'text': '284 592.', 'file': None, 'isCorrect': False}, {'letter': 'E', 'text': '291 582.', 'file': None, 'isCorrect': False}]",Fácil,Matemática Básica,Porcentagem
146,Questão 149 - ENEM 2020,149,matematica,2020,"A Lei de Zipf, batizada com o nome do linguista americano George Zipf, é uma lei empírica que relaciona a frequência (_f_) de uma palavra em um dado texto com o seu ranking (_r_). Ela é dada por

![](https://enem.dev/2020/questions/149/2d8babc0-0742-463e-81ce-b59315ecfef6.png)

O ranking da palavra é a sua posição ao ordenar as palavras por ordem de frequência. Ou seja, _r_ = 1 para a palavra mais frequente, _r_ = 2 para a segunda palavra mais frequente e assim sucessivamente. A e B são constantes positivas.

Disponível em: http://klein.sbm.org.br. Acesso em: 12 ago. 2020 (adaptado).",['https://enem.dev/2020/questions/149/2d8babc0-0742-463e-81ce-b59315ecfef6.png'],A,"Com base nos valores de X = log (r) e Y = log (f), é possível estimar valores para A e B.
No caso hipotético em que a lei é verificada exatamente, a relação entre Y e X é","[{'letter': 'A', 'text': None, 'file': 'https://enem.dev/2020/questions/149/2d21dea0-30c0-4149-80c4-e787a1ea4b0a.png', 'isCorrect': True}, {'letter': 'B', 'text': None, 'file': 'https://enem.dev/2020/questions/149/3da19e5d-4355-4e19-8ca2-f2350bd05c81.png', 'isCorrect': False}, {'letter': 'C', 'text': None, 'file': 'https://enem.dev/2020/questions/149/967ee169-6628-4c0b-b11d-52892773875f.png', 'isCorrect': False}, {'letter': 'D', 'text': None, 'file': 'https://enem.dev/2020/questions/149/86c3898b-ea61-4713-9f98-8f45bb6e81b7.png', 'isCorrect': False}, {'letter': 'E', 'text': None, 'file': 'https://enem.dev/2020/questions/149/4f3b7abd-f603-4692-9c84-7db33533c78c.png', 'isCorrect': False}]",Difícil,Álgebra e Funções,Funções Exponenciais e Logarítmicas
147,Questão 150 - ENEM 2020,150,ciencias-natureza,2020,"Enquanto um ser está vivo, a quantidade de carbono 14 nele existente não se altera. Quando ele morre, essa quantidade vai diminuindo. Sabe-se que a meia-vida do carbono 14 é de 5 730 anos, ou seja, num fóssil de um organismo que morreu há 5 730 anos haverá metade do carbono 14 que existia quando ele estava vivo. Assim, cientistas e arqueólogos usam a seguinte fórmula para saber a idade de um fóssil encontrado: ![](https://enem.dev/2020/questions/150/2b0e7c3b-061d-4c0b-bc57-f39af78d04ed.png) em que t é o tempo, medido em ano, Q(t) é a quantidade de carbono 14 medida no instante t e Q0 é a quantidade de carbono 14 no ser vivo correspondente.

Um grupo de arqueólogos, numa de suas expedições, encontrou 5 fósseis de espécies conhecidas e mediram a  
quantidade de carbono 14 neles existente. Na tabela temos esses valores juntamente com a quantidade de carbono 14 nas referidas espécies vivas.

![](https://enem.dev/2020/questions/150/ee42e39e-3e37-4eee-9caf-10248de385c9.jpeg)","['https://enem.dev/2020/questions/150/2b0e7c3b-061d-4c0b-bc57-f39af78d04ed.png', 'https://enem.dev/2020/questions/150/ee42e39e-3e37-4eee-9caf-10248de385c9.jpeg']",B,O fóssil mais antigo encontrado nessa expedição foi,"[{'letter': 'A', 'text': '1.', 'file': None, 'isCorrect': False}, {'letter': 'B', 'text': '2.', 'file': None, 'isCorrect': True}, {'letter': 'C', 'text': '3.', 'file': None, 'isCorrect': False}, {'letter': 'D', 'text': '4.', 'file': None, 'isCorrect': False}, {'letter': 'E', 'text': '5.', 'file': None, 'isCorrect': False}]",Difícil,Álgebra e Funções,Funções Exponenciais e Logarítmicas
148,Questão 151 - ENEM 2020,151,matematica,2020,"Uma das Sete Maravilhas do Mundo Moderno é o Templo de Kukulkán, localizado na cidade de Chichén Itzá, no México. Geometricamente, esse templo pode ser representado por um tronco reto de pirâmide de base quadrada.",[],C,As quantidades de cada tipo de figura plana que formam esse tronco de pirâmide são,"[{'letter': 'A', 'text': '2 quadrados e 4 retângulos.', 'file': None, 'isCorrect': False}, {'letter': 'B', 'text': '1 retângulo e 4 triângulos isósceles.', 'file': None, 'isCorrect': False}, {'letter': 'C', 'text': '2 quadrados e 4 trapézios isósceles.', 'file': None, 'isCorrect': True}, {'letter': 'D', 'text': '1 quadrado, 3 retângulos e 2 trapézios retângulos.', 'file': None, 'isCorrect': False}, {'letter': 'E', 'text': '2 retângulos, 2 quadrados e 2 trapézios retângulos.', 'file': None, 'isCorrect': False}]",Fácil,Geometria Espacial,"Volume e Área de Prismas, Cilindros, Cones, Pirâmides e Esferas"
149,Questão 152 - ENEM 2020,152,ciencias-natureza,2020,"Um processo de aeração, que consiste na introdução de ar num líquido, acontece do seguinte modo: uma bomba B retira o líquido de um tanque T1 e o faz passar pelo aerador A1, que aumenta o volume do líquido em 15%, e em seguida pelo aerador A2, ganhando novo aumento de volume de 10%. Ao final, ele fica armazenado num tanque T2, de acordo com a figura

![](https://enem.dev/2020/questions/152/b470d661-018e-4c10-8df1-9fa29a8b01ec.png)

Os tanques T1 e T2 são prismas retos de bases retangulares, sendo que a base de T1 tem comprimento c e largura L, e a base de T2 tem comprimento ![](https://enem.dev/2020/questions/152/5547d80f-89c2-46f3-898c-7cc6a21068d5.png) e largura 2L.

Para finalizar o processo de aeração sem derramamento do líquido em T2, o responsável deve saber a relação entre a altura da coluna de líquido que já saiu de T1, denotada por x, e a altura da coluna de líquido que chegou a T2, denotada por y.

Disponível em: www.dec.ufcg.edu.br. Acesso em: 21 abr. 2015.","['https://enem.dev/2020/questions/152/b470d661-018e-4c10-8df1-9fa29a8b01ec.png', 'https://enem.dev/2020/questions/152/5547d80f-89c2-46f3-898c-7cc6a21068d5.png']",A,A equação que relaciona as medidas das alturas y e x é dada por,"[{'letter': 'A', 'text': 'Y = 1,265x', 'file': None, 'isCorrect': True}, {'letter': 'B', 'text': 'Y = 1,250x', 'file': None, 'isCorrect': False}, {'letter': 'C', 'text': 'Y = 1,150x', 'file': None, 'isCorrect': False}, {'letter': 'D', 'text': 'Y = 1,125x', 'file': None, 'isCorrect': False}, {'letter': 'E', 'text': 'Y = x', 'file': None, 'isCorrect': False}]",Média,Geometria Espacial,Volume e Área de Prismas / Porcentagem
150,Questão 153 - ENEM 2020,153,matematica,2020,"Para chegar à universidade, um estudante utiliza um metrô e, depois, tem duas opções:

*   seguir num ônibus, percorrendo 2,0 km;
*   alugar uma bicicleta, ao lado da estação do metrô, seguindo 3,0 km pela ciclovia.

O quadro fornece as velocidades médias do ônibus e da bicicleta, em km/h, no trajeto metrô-universidade.

![](https://enem.dev/2020/questions/153/e577551e-7571-4872-83d0-5cecc4a4d79d.jpeg)",['https://enem.dev/2020/questions/153/e577551e-7571-4872-83d0-5cecc4a4d79d.jpeg'],C,"A fim de poupar tempo no deslocamento para a universidade, em quais dias o aluno deve seguir pela ciclovia?","[{'letter': 'A', 'text': 'Às segundas, quintas e sextas-feiras.', 'file': None, 'isCorrect': False}, {'letter': 'B', 'text': 'Às terças e quintas-feiras e aos sábados.', 'file': None, 'isCorrect': False}, {'letter': 'C', 'text': 'Às segundas, quartas e sextas-feiras.', 'file': None, 'isCorrect': True}, {'letter': 'D', 'text': 'Às terças, quartas e sextas-feiras.', 'file': None, 'isCorrect': False}, {'letter': 'E', 'text': 'Às terças e quartas-feiras e aos sábados.', 'file': None, 'isCorrect': False}]",Média,Matemática Básica,Razão e Proporção
151,Questão 154 - ENEM 2020,154,matematica,2020,"Pesquisadores da Universidade de Tecnologia de Viena, na Áustria, produziram miniaturas de objetos em impressoras 3D de alta precisão. Ao serem ativadas, tais impressoras lançam feixes de laser sobre um tipo de resina, esculpindo o objeto desejado. O produto final da impressão é uma escultura microscópica de três dimensões, como visto na imagem ampliada.

![](https://enem.dev/2020/questions/154/6dd0ecd2-2d2d-4039-88e5-9f2728158724.png)

A escultura apresentada é uma miniatura de um carro de Fórmula 1, com 100 micrômetros de comprimento. Um micrômetro é a milionésima parte de um metro.",['https://enem.dev/2020/questions/154/6dd0ecd2-2d2d-4039-88e5-9f2728158724.png'],C,"Usando notação científica, qual é a representação do comprimento dessa miniatura, em metro?","[{'letter': 'A', 'text': '1,0 x 10-1', 'file': None, 'isCorrect': False}, {'letter': 'B', 'text': '1,0 x 10-3', 'file': None, 'isCorrect': False}, {'letter': 'C', 'text': '1,0 x 10-4', 'file': None, 'isCorrect': True}, {'letter': 'D', 'text': '1,0 x 10-6', 'file': None, 'isCorrect': False}, {'letter': 'E', 'text': '1,0 x 10-7', 'file': None, 'isCorrect': False}]",Fácil,Matemática Básica,Potenciação/Radiciação
152,Questão 155 - ENEM 2020,155,matematica,2020,"O artista gráfico holandês Maurits Cornelius Escher criou belíssimas obras nas quais as imagens se repetiam, com diferentes tamanhos, induzindo ao raciocínio de repetição infinita das imagens. Inspirado por ele, um artista fez um rascunho de uma obra na qual propunha a ideia de construção de uma sequência de infinitos quadrados, cada vez menores, uns sob os outros, conforme indicado na figura.

![](https://enem.dev/2020/questions/155/616a68ac-c5eb-4ba7-9ee9-d77bf3e76567.png)

O quadrado _PRST_, com lado de medida 1, é o ponto de partida. O segundo quadrado é construído sob ele tomando-se o ponto médio da base do quadrado anterior e criando-se um novo quadrado, cujo lado corresponde à metade dessa base. Essa sequência de construção se repete recursivamente.",['https://enem.dev/2020/questions/155/616a68ac-c5eb-4ba7-9ee9-d77bf3e76567.png'],B,Qual é a medida do lado do centésimo quadrado construído de acordo com esse padrão?,"[{'letter': 'A', 'text': None, 'file': 'https://enem.dev/2020/questions/155/a5ad527d-b464-4305-bf0f-ea26a64a918e.png', 'isCorrect': False}, {'letter': 'B', 'text': None, 'file': 'https://enem.dev/2020/questions/155/e4dc8aff-576c-4a0b-8c94-34032a22579f.png', 'isCorrect': True}, {'letter': 'C', 'text': None, 'file': 'https://enem.dev/2020/questions/155/d93d2235-0dab-4fe1-bab4-2404d153f893.png', 'isCorrect': False}, {'letter': 'D', 'text': None, 'file': 'https://enem.dev/2020/questions/155/cc6d3cae-5262-44ea-8556-e2ce886bdda2.png', 'isCorrect': False}, {'letter': 'E', 'text': None, 'file': 'https://enem.dev/2020/questions/155/8fbc6313-98de-4749-9887-04d7816cb7f6.png', 'isCorrect': False}]",Média,Álgebra e Funções,Progressão Aritmética (PA) e Geométrica (PG)
153,Questão 156 - ENEM 2020,156,matematica,2020,"O gerente de uma loja de cosméticos colocou à venda cinco diferentes tipos de perfume, tendo em estoque na loja as mesmas quantidades de cada um deles. O setor de controle de estoque encaminhou ao gerente registros gráficos descrevendo os preços unitários de cada perfume, em real, e a quantidade vendida de cada um deles, em percentual, ocorrida no mês de novembro.

![](https://enem.dev/2020/questions/156/8a18ed35-dc64-41c5-961c-a30d5064606f.png)

![](https://enem.dev/2020/questions/156/0628f04c-0a96-4da1-877a-93da372b77e9.png)

Dados a chegada do final de ano e o aumento das vendas, a gerência pretende aumentar a quantidade estocada do perfume do tipo que gerou a maior arrecadação em espécie, em real, no mês de novembro.","['https://enem.dev/2020/questions/156/8a18ed35-dc64-41c5-961c-a30d5064606f.png', 'https://enem.dev/2020/questions/156/0628f04c-0a96-4da1-877a-93da372b77e9.png']",D,"Nessas condições, qual o tipo de perfume que deverá ter maior reposição no estoque?","[{'letter': 'A', 'text': 'I', 'file': None, 'isCorrect': False}, {'letter': 'B', 'text': 'II', 'file': None, 'isCorrect': False}, {'letter': 'C', 'text': 'III', 'file': None, 'isCorrect': False}, {'letter': 'D', 'text': 'IV', 'file': None, 'isCorrect': True}, {'letter': 'E', 'text': 'V', 'file': None, 'isCorrect': False}]",Média,Estatística e Probabilidade,Análise de Gráficos/Tabelas
154,Questão 157 - ENEM 2020,157,matematica,2020,"Amigo secreto é uma brincadeira tradicional nas festas de fim de ano. Um grupo de amigos se reúne e cada um deles sorteia o nome da pessoa que irá presentear. No dia da troca de presentes, uma primeira pessoa presenteia seu amigo secreto. Em seguida, o presenteado revela seu amigo secreto e o presenteia. A brincadeira continua até que todos sejam presenteados, mesmo no caso em que o ciclo se fecha. Dez funcionários de uma empresa, entre eles um casal, participarão de um amigo secreto. A primeira pessoa a revelar será definida por sorteio.",[],B,Qual é a probabilidade de que a primeira pessoa a revelar o seu amigo secreto e a última presenteada sejam as duas pessoas do casal?,"[{'letter': 'A', 'text': None, 'file': 'https://enem.dev/2020/questions/157/11963c8b-6d88-40b5-b189-58c6ea572472.png', 'isCorrect': False}, {'letter': 'B', 'text': None, 'file': 'https://enem.dev/2020/questions/157/a3ce0158-40d5-4e6e-b25e-399f3cc4aef3.png', 'isCorrect': True}, {'letter': 'C', 'text': None, 'file': 'https://enem.dev/2020/questions/157/c97483d0-179e-4411-9ea7-d2e2a997439a.png', 'isCorrect': False}, {'letter': 'D', 'text': None, 'file': 'https://enem.dev/2020/questions/157/4e85053e-beba-4bc7-a878-b526b4ed5291.png', 'isCorrect': False}, {'letter': 'E', 'text': None, 'file': 'https://enem.dev/2020/questions/157/fab55269-3063-4362-b2e0-8bf56dfaf3e2.png', 'isCorrect': False}]",Difícil,Combinatória e Trigonometria,Princípio Fundamental da Contagem
155,Questão 158 - ENEM 2020,158,matematica,2020,"Três amigos, André, Bernardo e Carlos, moram em um condomínio fechado de uma cidade. O quadriculado representa a localização das ruas paralelas e perpendiculares, delimitando quadras de mesmo tamanho nesse condomínio, em que nos pontos A, B e C estão localizadas as casas de André, Bernardo e Carlos, respectivamente.

![](https://enem.dev/2020/questions/158/2acb1f87-4c3a-442e-9900-eba934e304ea.png)

André deseja deslocar-se da sua casa até a casa de Bernardo, sem passar pela casa de Carlos, seguindo ao longo das ruas do condomínio, fazendo sempre deslocamentos para a direita (→) ou para cima (↑), segundo o esquema da figura.",['https://enem.dev/2020/questions/158/2acb1f87-4c3a-442e-9900-eba934e304ea.png'],C,O número de diferentes caminhos que André poderá utilizar para realizar o deslocamento nas condições propostas é,"[{'letter': 'A', 'text': '4', 'file': None, 'isCorrect': False}, {'letter': 'B', 'text': '14', 'file': None, 'isCorrect': False}, {'letter': 'C', 'text': '17', 'file': None, 'isCorrect': True}, {'letter': 'D', 'text': '35', 'file': None, 'isCorrect': False}, {'letter': 'E', 'text': '48', 'file': None, 'isCorrect': False}]",Difícil,Combinatória e Trigonometria,Princípio Fundamental da Contagem
156,Questão 159 - ENEM 2020,159,matematica,2020,"Uma pessoa precisa comprar 15 sacos de cimento para uma reforma em sua casa. Faz pesquisa de preço em cinco depósitos que vendem o cimento de sua preferência e cobram frete para entrega do material, conforme a distância do depósito à sua casa. As informações sobre preço do cimento, valor do frete e distância do depósito até a casa dessa pessoa estão apresentadas no quadro.

![](https://enem.dev/2020/questions/159/e08bbc57-85b1-4682-92b2-26297de393f7.png)

A pessoa escolherá um desses depósitos para realizar sua compra, considerando os preços do cimento e do frete oferecidos em cada opção.",['https://enem.dev/2020/questions/159/e08bbc57-85b1-4682-92b2-26297de393f7.png'],C,"Se a pessoa decidir pela opção mais econômica, o depósito escolhido para a realização dessa compra será o","[{'letter': 'A', 'text': 'A.', 'file': None, 'isCorrect': False}, {'letter': 'B', 'text': 'B.', 'file': None, 'isCorrect': False}, {'letter': 'C', 'text': 'C.', 'file': None, 'isCorrect': True}, {'letter': 'D', 'text': 'D.', 'file': None, 'isCorrect': False}, {'letter': 'E', 'text': 'E.', 'file': None, 'isCorrect': False}]",Média,Matemática Básica,Operações com Frações / Regra de Três
157,Questão 160 - ENEM 2020,160,matematica,2020,"Um motociclista planeja realizar uma viagem cujo destino fica a 500 km de sua casa. Sua moto consome 5 litros de gasolina para cada 100 km rodados, e o tanque da moto tem capacidade para 22 litros. Pelo mapa, observou que no trajeto da viagem o último posto disponível para reabastecimento, chamado Estrela, fica a 80 km do seu destino. Ele pretende partir com o tanque da moto cheio e planeja fazer somente duas paradas para reabastecimento, uma na ida e outra na volta, ambas no posto Estrela. No reabastecimento para a viagem de ida, deve considerar também combustível suficiente para se deslocar por 200 km no seu destino.",[],C,"A quantidade mínima de combustível, em litro, que esse motociclista deve reabastecer no posto Estrela na viagem de ida, que seja suficiente para fazer o segundo reabastecimento, é","[{'letter': 'A', 'text': '13.', 'file': None, 'isCorrect': False}, {'letter': 'B', 'text': '14.', 'file': None, 'isCorrect': False}, {'letter': 'C', 'text': '17.', 'file': None, 'isCorrect': True}, {'letter': 'D', 'text': '18.', 'file': None, 'isCorrect': False}, {'letter': 'E', 'text': '21.', 'file': None, 'isCorrect': False}]",Média,Matemática Básica,Razão e Proporção
158,Questão 161 - ENEM 2020,161,matematica,2020,"Uma loja de materiais de construção vende dois tipos de caixas-d’água: tipo A e tipo B. Ambas têm formato cilíndrico e possuem o mesmo volume, e a altura da caixa-d’água do tipo B é igual a 25% da altura da caixa-d’água do tipo A.",[],B,"Se R denota o raio da caixa-d’água do tipo A, então o raio da caixa-d’água do tipo B é","[{'letter': 'A', 'text': None, 'file': 'https://enem.dev/2020/questions/161/b1c014ca-a24a-413c-94fa-3a9738e43d15.png', 'isCorrect': False}, {'letter': 'B', 'text': None, 'file': 'https://enem.dev/2020/questions/161/82d66f6a-b63c-4dbe-aff4-db60a505a377.png', 'isCorrect': True}, {'letter': 'C', 'text': None, 'file': 'https://enem.dev/2020/questions/161/44c4f327-14d4-4977-aba5-fc772822fab0.png', 'isCorrect': False}, {'letter': 'D', 'text': None, 'file': 'https://enem.dev/2020/questions/161/88450c4c-cd06-4802-b378-c9fd4157e5d9.png', 'isCorrect': False}, {'letter': 'E', 'text': None, 'file': 'https://enem.dev/2020/questions/161/f2ebf7bd-9cea-4c0c-b51b-3ab66f0856b2.png', 'isCorrect': False}]",Média,Geometria Espacial,"Volume e Área de Prismas, Cilindros, Cones, Pirâmides e Esferas"
159,Questão 162 - ENEM 2020,162,matematica,2020,"A lei municipal para a edificação de casas em lotes de uma cidade determina que sejam obedecidos os seguintes critérios:

*   afastamento mínimo de 4 m da rua;
*   afastamento mínimo de 1 m da divisa com outro lote;
*   área total construída da casa entre 40% e 50% da área total do lote.

Um construtor submeteu para aprovação na prefeitura dessa cidade uma planta com propostas para a construção de casas em seus 5 lotes. Cada lote tem área medindo 200 m2.

A imagem apresenta um esquema, sem escala, no qual estão representados os lotes, as ruas e os afastamentos considerados nos projetos entre as casas e as divisas dos lotes. As medidas indicadas no esquema estão expressas em metro.

![](https://enem.dev/2020/questions/162/cd18aaa1-8c39-4431-a9ff-aa7dec5e5b4e.png)",['https://enem.dev/2020/questions/162/cd18aaa1-8c39-4431-a9ff-aa7dec5e5b4e.png'],E,A prefeitura aprovará apenas a planta da casa,"[{'letter': 'A', 'text': '1.', 'file': None, 'isCorrect': False}, {'letter': 'B', 'text': '2.', 'file': None, 'isCorrect': False}, {'letter': 'C', 'text': '3.', 'file': None, 'isCorrect': False}, {'letter': 'D', 'text': '4.', 'file': None, 'isCorrect': False}, {'letter': 'E', 'text': '5.', 'file': None, 'isCorrect': True}]",Média,Matemática Básica,Porcentagem / Áreas de Figuras Planas
160,Questão 163 - ENEM 2020,163,matematica,2020,"Nos livros _Harry Potter_, um anagrama do nome do personagem “TOM MARVOLO RIDDLE” gerou a frase “I AM LORD VOLDEMORT”.

Suponha que Harry quisesse formar todos os anagramas da frase “I AM POTTER”, de tal forma que as vogais e consoantes aparecessem sempre intercaladas, e sem considerar o espaçamento entre as letras.",[],E,"Nessas condições, o número de anagramas formados é dado por","[{'letter': 'A', 'text': None, 'file': 'https://enem.dev/2020/questions/163/75af1ea2-c22d-4cdc-954a-2e3405bda3a4.png', 'isCorrect': False}, {'letter': 'B', 'text': None, 'file': 'https://enem.dev/2020/questions/163/2b88f67f-6135-45cc-b784-a8d530654d81.png', 'isCorrect': False}, {'letter': 'C', 'text': None, 'file': 'https://enem.dev/2020/questions/163/0f57a362-6c02-488c-8816-3ea8662979ba.png', 'isCorrect': False}, {'letter': 'D', 'text': None, 'file': 'https://enem.dev/2020/questions/163/d6537744-f3f3-46a2-b282-65bb82cf3ad4.png', 'isCorrect': False}, {'letter': 'E', 'text': None, 'file': 'https://enem.dev/2020/questions/163/a18fbd88-bdd0-4253-b707-a55e63714394.png', 'isCorrect': True}]",Difícil,Combinatória e Trigonometria,Permutação
161,Questão 164 - ENEM 2020,164,matematica,2020,"A exposição a barulhos excessivos, como os que percebemos em geral em trânsitos intensos, casas noturnas e espetáculos musicais, podem provocar insônia, estresse, infarto, perda de audição, entre outras enfermidades. De acordo com a Organização Mundial da Saúde, todo e qualquer som que ultrapasse os 55 decibéis (unidade de intensidade do som) já pode ser considerado nocivo para a saúde. O gráfico foi elaborado a partir da medição do ruído produzido, durante um dia, em um canteiro de obras.

![](https://enem.dev/2020/questions/164/6d3ec2de-3c7f-4bf7-882e-2daf9d2afee7.png)",['https://enem.dev/2020/questions/164/6d3ec2de-3c7f-4bf7-882e-2daf9d2afee7.png'],E,"Nesse dia, durante quantas horas o ruído esteve acima de 55 decibéis?","[{'letter': 'A', 'text': '5', 'file': None, 'isCorrect': False}, {'letter': 'B', 'text': '8', 'file': None, 'isCorrect': False}, {'letter': 'C', 'text': '10', 'file': None, 'isCorrect': False}, {'letter': 'D', 'text': '11', 'file': None, 'isCorrect': False}, {'letter': 'E', 'text': '13', 'file': None, 'isCorrect': True}]",Fácil,Estatística e Probabilidade,Análise de Gráficos/Tabelas
162,Questão 165 - ENEM 2020,165,matematica,2020,"O técnico de um time de basquete pretende aumentar a estatura média de sua equipe de 1,93 m para, no mínimo, 1,99 m. Para tanto, dentre os 15 jogadores que fazem parte de sua equipe, irá substituir os quatro mais baixos, de estaturas: 1,78 m, 1,82 m, 1,84 m e 1,86 m. Para isso, o técnico contratou um novo jogador de 2,02 m. Os outros três jogadores que ele ainda precisa contratar devem satisfazer à sua necessidade de aumentar a média das estaturas da equipe. Ele fixará a média das estaturas para os três jogadores que ainda precisa contratar dentro do critério inicialmente estabelecido.",[],D,"Qual deverá ser a média mínima das estaturas, em metro, que ele deverá fixar para o grupo de três novos jogadores que ainda irá contratar?","[{'letter': 'A', 'text': '1,96', 'file': None, 'isCorrect': False}, {'letter': 'B', 'text': '1,98', 'file': None, 'isCorrect': False}, {'letter': 'C', 'text': '2,05', 'file': None, 'isCorrect': False}, {'letter': 'D', 'text': '2,06', 'file': None, 'isCorrect': True}, {'letter': 'E', 'text': '2,08', 'file': None, 'isCorrect': False}]",Difícil,Estatística e Probabilidade,Média (Aritmética/Ponderada)
163,Questão 166 - ENEM 2020,166,matematica,2020,"O consumo de espumantes no Brasil tem aumentado nos últimos anos. Uma das etapas do seu processo de produção consiste no envasamento da bebida em garrafas semelhantes às da imagem. Nesse processo, a vazão do líquido no interior da garrafa é constante e cessa quando atinge o nível de envasamento.

![](https://enem.dev/2020/questions/166/1a4fc8c3-fe70-4f86-a2ea-6c1259c52930.png)",['https://enem.dev/2020/questions/166/1a4fc8c3-fe70-4f86-a2ea-6c1259c52930.png'],B,"Qual esboço de gráfico melhor representa a variação da altura do líquido em função do tempo, na garrafa indicada na imagem?","[{'letter': 'A', 'text': None, 'file': 'https://enem.dev/2020/questions/166/235d67a9-8f1e-49c2-8193-ce2399d4ab4c.png', 'isCorrect': False}, {'letter': 'B', 'text': None, 'file': 'https://enem.dev/2020/questions/166/2c4e5792-2a0c-4eb6-bbfa-4342fdc07977.png', 'isCorrect': True}, {'letter': 'C', 'text': None, 'file': 'https://enem.dev/2020/questions/166/6f1c120f-9e46-49ed-bd7e-41dc29be3b21.png', 'isCorrect': False}, {'letter': 'D', 'text': None, 'file': 'https://enem.dev/2020/questions/166/008dc49b-7aca-41ba-bc68-60b5683a35e2.png', 'isCorrect': False}, {'letter': 'E', 'text': None, 'file': 'https://enem.dev/2020/questions/166/e96561ab-4696-4165-bb85-dba7f6650dec.png', 'isCorrect': False}]",Média,Geometria Espacial,"Volume e Área de Prismas, Cilindros, Cones, Pirâmides e Esferas"
164,Questão 167 - ENEM 2020,167,matematica,2020,"O quadro representa os gastos mensais, em real, de uma família com internet, mensalidade escolar e mesada do filho.

![](https://enem.dev/2020/questions/167/b97cd861-19d3-4103-8332-c96d5cdc6bf0.png)

No início do ano, a internet e a mensalidade escolar tiveram acréscimos, respectivamente, de 20% e 10%. Necessitando manter o valor da despesa mensal total com os itens citados, a família reduzirá a mesada do filho.",['https://enem.dev/2020/questions/167/b97cd861-19d3-4103-8332-c96d5cdc6bf0.png'],B,Qual será a porcentagem da redução da mesada?,"[{'letter': 'A', 'text': '15,0', 'file': None, 'isCorrect': False}, {'letter': 'B', 'text': '23,5', 'file': None, 'isCorrect': True}, {'letter': 'C', 'text': '30,0', 'file': None, 'isCorrect': False}, {'letter': 'D', 'text': '70,0', 'file': None, 'isCorrect': False}, {'letter': 'E', 'text': '76,5', 'file': None, 'isCorrect': False}]",Média,Matemática Básica,Porcentagem
165,Questão 169 - ENEM 2020,169,matematica,2020,"Um grupo sanguíneo, ou tipo sanguíneo, baseia-se na presença ou ausência de dois antígenos, A e B, na superfície das células vermelhas do sangue. Como dois antígenos estão envolvidos, os quatro tipos sanguíneos distintos são:

*   Tipo A: apenas o antígeno A está presente;
*   Tipo B: apenas o antígeno B está presente;
*   Tipo AB: ambos os antígenos estão presentes;
*   Tipo O: nenhum dos antígenos está presente.

Disponível em: http://saude.hsw.uol.com.br. Acesso em: 15 abr. 2012 (adaptado).

Foram coletadas amostras de sangue de 200 pessoas e, após análise laboratorial, foi identificado que em 100 amostras está presente o antígeno A, em 110 amostras há presença do antígeno B e em 20 amostras nenhum dos antígenos está presente.",[],C,"Dessas pessoas que foram submetidas à coleta de sangue, o número das que possuem o tipo sanguíneo A é igual a","[{'letter': 'A', 'text': '30.', 'file': None, 'isCorrect': False}, {'letter': 'B', 'text': '60.', 'file': None, 'isCorrect': False}, {'letter': 'C', 'text': '70.', 'file': None, 'isCorrect': True}, {'letter': 'D', 'text': '90.', 'file': None, 'isCorrect': False}, {'letter': 'E', 'text': '100.', 'file': None, 'isCorrect': False}]",Média,Matemática Básica,Razão e Proporção
166,Questão 170 - ENEM 2020,170,matematica,2020,"Antônio, Joaquim e José são sócios de uma empresa cujo capital é dividido, entre os três, em partes proporcionais a: 4, 6 e 6, respectivamente. Com a intenção de igualar a participação dos três sócios no capital da empresa, Antônio pretende adquirir uma fração do capital de cada um dos outros dois sócios.",[],C,A fração do capital de cada sócio que Antônio deverá adquirir é,"[{'letter': 'A', 'text': None, 'file': 'https://enem.dev/2020/questions/170/80262705-c8d8-4938-b3f9-4e2d3221e530.png', 'isCorrect': False}, {'letter': 'B', 'text': None, 'file': 'https://enem.dev/2020/questions/170/1cb92205-9cf0-4d92-836d-964f17757a64.png', 'isCorrect': False}, {'letter': 'C', 'text': None, 'file': 'https://enem.dev/2020/questions/170/86d7f914-5ec5-4877-a793-0be80fae45ed.png', 'isCorrect': True}, {'letter': 'D', 'text': None, 'file': 'https://enem.dev/2020/questions/170/d0486bb1-a21f-4b8e-9362-5c7800a2a4b9.png', 'isCorrect': False}, {'letter': 'E', 'text': None, 'file': 'https://enem.dev/2020/questions/170/ffbeb7f2-cdbe-4f49-8acd-939a629ec5fc.png', 'isCorrect': False}]",Média,Matemática Básica,Razão e Proporção
167,Questão 171 - ENEM 2020,171,matematica,2020,"Azulejo designa peça de cerâmica vitrificada e/ou esmaltada usada, sobretudo, no revestimento de paredes. A origem das técnicas de fabricação de azulejos é oriental, mas sua expansão pela Europa traz consigo uma diversificação de estilos, padrões e usos, que podem ser decorativos, utilitários e arquitetônicos.

Disponível em: www.itaucultural.org.br. Acesso em: 31 jul. 2012.

Azulejos no formato de octógonos regulares serão utilizados para cobrir um painel retangular conforme ilustrado na figura.

![](https://enem.dev/2020/questions/171/ef4071b9-7821-4c7b-a055-4983fdcd1b87.png)

Entre os octógonos e na borda lateral dessa área, será necessária a colocação de 15 azulejos de outros formatos para preencher os 15 espaços em branco do painel. Uma loja oferece azulejos nos seguintes formatos:

1 — Triângulo retângulo isósceles;

2 — Triângulo equilátero;

3 — Quadrado.",['https://enem.dev/2020/questions/171/ef4071b9-7821-4c7b-a055-4983fdcd1b87.png'],D,Os azulejos necessários para o devido preenchimento das áreas em branco desse painel são os de formato,"[{'letter': 'A', 'text': '1.', 'file': None, 'isCorrect': False}, {'letter': 'B', 'text': '3.', 'file': None, 'isCorrect': False}, {'letter': 'C', 'text': '1 e 2.', 'file': None, 'isCorrect': False}, {'letter': 'D', 'text': '1 e 3.', 'file': None, 'isCorrect': True}, {'letter': 'E', 'text': '2 e 3.', 'file': None, 'isCorrect': False}]",Média,Geometria Plana,Áreas de Figuras Planas
168,Questão 172 - ENEM 2020,172,matematica,2020,"No período de fim de ano, o síndico de um condomínio resolveu colocar, em um poste, uma iluminação natalina em formato de cone, lembrando uma árvore de Natal, conforme as figuras 1 e 2.

![](https://enem.dev/2020/questions/172/fa2897a7-4d80-4b91-ae62-16dc43487acf.png)

A árvore deverá ser feita colocando-se mangueiras de iluminação, consideradas segmentos de reta de mesmo comprimento, a partir de um ponto situado a 3 m de altura no poste até um ponto de uma circunferência de fixação, no chão, de tal forma que esta fique dividida em 20 arcos iguais. O poste está fixado no ponto C (centro da circunferência) perpendicularmente ao plano do chão.

Para economizar, ele utilizará mangueiras de iluminação aproveitadas de anos anteriores, que juntas totalizaram pouco mais de 100 m de comprimento, dos quais ele decide usar exatamente 100 m e deixar o restante como reserva.",['https://enem.dev/2020/questions/172/fa2897a7-4d80-4b91-ae62-16dc43487acf.png'],A,"Para que ele atinja seu objetivo, o raio, em metro, da circunferência deverá ser de","[{'letter': 'A', 'text': '4,00.', 'file': None, 'isCorrect': True}, {'letter': 'B', 'text': '4,87.', 'file': None, 'isCorrect': False}, {'letter': 'C', 'text': '5,00.', 'file': None, 'isCorrect': False}, {'letter': 'D', 'text': '5,83.', 'file': None, 'isCorrect': False}, {'letter': 'E', 'text': '6,26.', 'file': None, 'isCorrect': False}]",Média,Geometria Espacial,"Volume e Área de Prismas, Cilindros, Cones, Pirâmides e Esferas"
169,Questão 173 - ENEM 2020,173,matematica,2020,"Pergolado é o nome que se dá a um tipo de cobertura projetada por arquitetos, comumente em praças e jardins, para criar um ambiente para pessoas ou plantas, no qual há uma quebra da quantidade de luz, dependendo da posição do sol. É feito como um estrado de vigas iguais, postas paralelas e perfeitamente em fila, como ilustra a figura.

![](https://enem.dev/2020/questions/173/b1116282-c341-4b8e-a3a4-9b589e302201.png)

Um arquiteto projeta um pergolado com vãos de 30 cm de distância entre suas vigas, de modo que, no solstício de verão, a trajetória do sol durante o dia seja realizada num plano perpendicular à direção das vigas, e que o sol da tarde, no momento em que seus raios fizerem 30° com a posição a pino, gere a metade da luz que passa no pergolado ao meio-dia.",['https://enem.dev/2020/questions/173/b1116282-c341-4b8e-a3a4-9b589e302201.png'],C,"Para atender à proposta do projeto elaborado pelo arquiteto, as vigas do pergolado devem ser construídas de maneira que a altura, em centímetro, seja a mais próxima possível de","[{'letter': 'A', 'text': '9.', 'file': None, 'isCorrect': False}, {'letter': 'B', 'text': '15.', 'file': None, 'isCorrect': False}, {'letter': 'C', 'text': '26.', 'file': None, 'isCorrect': True}, {'letter': 'D', 'text': '52.', 'file': None, 'isCorrect': False}, {'letter': 'E', 'text': '60.', 'file': None, 'isCorrect': False}]",Difícil,Combinatória e Trigonometria,Razões Trigonométricas no Triângulo Retângulo
170,Questão 174 - ENEM 2020,174,matematica,2020,"O fenômeno das manifestações populares de massa traz à discussão como estimar o número de pessoas presentes nesse tipo de evento. Uma metodologia usada é: no momento do ápice do evento, é feita uma foto aérea da via pública principal na área ocupada, bem como das vias afluentes que apresentem aglomerações de pessoas que acessam a via principal. A foto é sobreposta por um mapa virtual das vias, ambos na mesma escala, fazendo-se um esboço geométrico da situação. Em seguida, subdividese o espaço total em trechos, quantificando a densidade, da seguinte forma:

• 4 pessoas por metro quadrado, se elas estiverem andando em uma mesma direção;

• 5 pessoas por metro quadrado, se elas estiverem se movimentando sem deixar o local;

• 6 pessoas por metro quadrado, se elas estiverem paradas.

É feito, então, o cálculo do total de pessoas, considerando os diversos trechos, e desconta-se daí 1.000 pessoas para cada carro de som fotografado.

Com essa metodologia, procederam-se aos cálculos para estimar o número de participantes na manifestação cujo esboço geométrico é dado na figura. Há três trechos na via principal: MN, NO e OP, e um trecho numa via afluente da principal: _QR_.

![](https://enem.dev/2020/questions/174/ad3422ff-1395-4c86-aca8-7645f4f66caa.png)

**Obs.:** a figura não está em escala (considere as medidas dadas).",['https://enem.dev/2020/questions/174/ad3422ff-1395-4c86-aca8-7645f4f66caa.png'],B,"Segundo a metodologia descrita, o número estimado de pessoas presentes a essa manifestação foi igual a","[{'letter': 'A', 'text': '110.000', 'file': None, 'isCorrect': False}, {'letter': 'B', 'text': '104.000', 'file': None, 'isCorrect': True}, {'letter': 'C', 'text': '93.000', 'file': None, 'isCorrect': False}, {'letter': 'D', 'text': '92.000', 'file': None, 'isCorrect': False}, {'letter': 'E', 'text': '87.000', 'file': None, 'isCorrect': False}]",Média,Geometria Plana,Áreas de Figuras Planas
171,Questão 175 - ENEM 2020,175,matematica,2020,"Um administrador resolve estudar o lucro de sua empresa e, para isso, traça o gráfico da receita e do custo de produção de seus itens, em real, em função da quantidade de itens produzidos.

![](https://enem.dev/2020/questions/175/33aa811b-1dc7-4083-a8c0-2aeeb9fd52d6.png)

O lucro é determinado pela diferença: Receita – Custo.",['https://enem.dev/2020/questions/175/33aa811b-1dc7-4083-a8c0-2aeeb9fd52d6.png'],A,"O gráfico que representa o lucro dessa empresa, em função da quantidade de itens produzidos, é","[{'letter': 'A', 'text': None, 'file': 'https://enem.dev/2020/questions/175/b3298ba7-589f-4ca3-a510-3cebdb9903cd.png', 'isCorrect': True}, {'letter': 'B', 'text': None, 'file': 'https://enem.dev/2020/questions/175/fdcc74b5-e93d-42c8-9cce-7e018e43eb67.png', 'isCorrect': False}, {'letter': 'C', 'text': None, 'file': 'https://enem.dev/2020/questions/175/8d380a8c-6b10-40a5-bafa-cfe75141c412.png', 'isCorrect': False}, {'letter': 'D', 'text': None, 'file': 'https://enem.dev/2020/questions/175/5c8b1402-d364-4c5f-beaa-559cb23d0891.png', 'isCorrect': False}, {'letter': 'E', 'text': None, 'file': 'https://enem.dev/2020/questions/175/f718a2fc-7a30-4e17-b4b3-28dfb028a6f5.png', 'isCorrect': False}]",Média,Álgebra e Funções,Equações e Funções de 1º e 2º Grau
172,Questão 176 - ENEM 2020,176,matematica,2020,"Em um jogo desenvolvido para uso no computador, objetos tridimensionais vão descendo do alto da tela até alcançarem o plano da base. O usuário pode mover ou girar cada objeto durante sua descida para posicioná-lo convenientemente no plano horizontal. Um desses objetos é formado pela justaposição de quatro cubos idênticos, formando assim um sólido rígido, como ilustrado na figura

![](https://enem.dev/2020/questions/176/a2a0721b-5aab-4802-a096-4da3fd68828b.png)

Para facilitar a movimentação do objeto pelo usuário, o programa projeta ortogonalmente esse sólido em três planos quadriculados perpendiculares entre si, durante sua descida.",['https://enem.dev/2020/questions/176/a2a0721b-5aab-4802-a096-4da3fd68828b.png'],E,"A figura que apresenta uma possível posição desse sólido, com suas respectivas projeções ortogonais sobre os três planos citados, durante sua descida é","[{'letter': 'A', 'text': None, 'file': 'https://enem.dev/2020/questions/176/12650113-adeb-44d9-bab9-5f322b12a945.png', 'isCorrect': False}, {'letter': 'B', 'text': None, 'file': 'https://enem.dev/2020/questions/176/0d5af792-b0f2-4d56-bb8f-263822707a1e.png', 'isCorrect': False}, {'letter': 'C', 'text': None, 'file': 'https://enem.dev/2020/questions/176/32d4ff53-fb72-426e-b6f1-4ecb7cca2855.png', 'isCorrect': False}, {'letter': 'D', 'text': None, 'file': 'https://enem.dev/2020/questions/176/80664cc4-530f-455b-83b9-2cc381ef7bec.png', 'isCorrect': False}, {'letter': 'E', 'text': None, 'file': 'https://enem.dev/2020/questions/176/4a0cbbd6-844f-445a-b758-4b01e2711e39.png', 'isCorrect': True}]",Média,Geometria Espacial,Projeção Ortogonal
173,Questão 177 - ENEM 2020,177,matematica,2020,"A Figura 1 apresenta uma casa e a planta do seu telhado, em que as setas indicam o sentido do escoamento da água de chuva. Um pedreiro precisa fazer a planta do escoamento da água de chuva de um telhado que tem três caídas de água, como apresentado na Figura 2.

![](https://enem.dev/2020/questions/177/08467fa4-373b-4fdf-911d-7354e2aab602.png)",['https://enem.dev/2020/questions/177/08467fa4-373b-4fdf-911d-7354e2aab602.png'],B,A figura que representa a planta do telhado da Figura 2 com o escoamento da água de chuva que o pedreiro precisa fazer é,"[{'letter': 'A', 'text': None, 'file': 'https://enem.dev/2020/questions/177/2a3a5b2b-7a9e-40a9-90d0-ed34e630fb4c.png', 'isCorrect': False}, {'letter': 'B', 'text': None, 'file': 'https://enem.dev/2020/questions/177/2936adf7-c7d7-41f8-9eb4-3aca045da1a7.png', 'isCorrect': True}, {'letter': 'C', 'text': None, 'file': 'https://enem.dev/2020/questions/177/e7ee9d94-a985-4e88-9bb2-e4583cef4d23.png', 'isCorrect': False}, {'letter': 'D', 'text': None, 'file': 'https://enem.dev/2020/questions/177/c14a7589-de74-41cd-a1d8-6117b0ac0909.png', 'isCorrect': False}, {'letter': 'E', 'text': None, 'file': 'https://enem.dev/2020/questions/177/9d34c268-f0e2-4b2b-8bcd-a8896ba52ea0.png', 'isCorrect': False}]",Fácil,Geometria Espacial,Projeção Ortogonal
174,Questão 178 - ENEM 2020,178,matematica,2020,"Suponha que uma equipe de corrida de automóveis disponha de cinco tipos de pneu (I, II, III, IV, V), em que o fator de eficiência climática EC (índice que fornece o comportamento do pneu em uso, dependendo do clima) é apresentado:

*   EC do pneu I: com chuva 6, sem chuva 3;
*   EC do pneu II: com chuva 7, sem chuva –4;
*   EC do pneu III: com chuva –2, sem chuva 10;
*   EC do pneu IV: com chuva 2, sem chuva 8;
*   EC do pneu V: com chuva –6, sem chuva 7.

O coeficiente de rendimento climático (CRC) de um pneu é calculado como a soma dos produtos dos fatores de EC, com ou sem chuva, pelas correspondentes probabilidades de se ter tais condições climáticas: ele é utilizado para determinar qual pneu deve ser selecionado para uma dada corrida, escolhendo-se o pneu que apresentar o maior CRC naquele dia. No dia de certa corrida, a probabilidade de chover era de 70% e o chefe da equipe calculou o CRC de cada um dos cinco tipos de pneu.",[],A,O pneu escolhido foi,"[{'letter': 'A', 'text': 'I.', 'file': None, 'isCorrect': True}, {'letter': 'B', 'text': 'II.', 'file': None, 'isCorrect': False}, {'letter': 'C', 'text': 'III.', 'file': None, 'isCorrect': False}, {'letter': 'D', 'text': 'IV.', 'file': None, 'isCorrect': False}, {'letter': 'E', 'text': 'V.', 'file': None, 'isCorrect': False}]",Média,Estatística e Probabilidade,Média (Aritmética/Ponderada)
175,Questão 180 - ENEM 2020,180,matematica,2020,"Com o objetivo de contratar uma empresa responsável pelo serviço de atendimento ao público, os executivos de uma agência bancária realizaram uma pesquisa de satisfação envolvendo cinco empresas especializadas nesse segmento. Os procedimentos analisados (com pesos que medem sua importância para a agência) e as respectivas notas que cada empresa recebeu estão organizados no quadro.

![](https://enem.dev/2020/questions/180/8948b408-24e2-478b-85df-5607625e26e8.png)

A agência bancária contratará a empresa com a maior média ponderada das notas obtidas nos procedimentos analisados.",['https://enem.dev/2020/questions/180/8948b408-24e2-478b-85df-5607625e26e8.png'],C,"Após a análise dos resultados da pesquisa de satisfação, os executivos da agência bancária contrataram a empresa","[{'letter': 'A', 'text': 'X.', 'file': None, 'isCorrect': False}, {'letter': 'B', 'text': 'Y.', 'file': None, 'isCorrect': False}, {'letter': 'C', 'text': 'Z.', 'file': None, 'isCorrect': True}, {'letter': 'D', 'text': 'W.', 'file': None, 'isCorrect': False}, {'letter': 'E', 'text': 'T.', 'file': None, 'isCorrect': False}]",Média,Estatística e Probabilidade,Média (Aritmética/Ponderada)
176,Questão 136 - ENEM 2019,136,matematica,2019,"Um grupo de países criou uma instituição responsável por organizar o Programa Internacional de Nivelamento de Estudos (PINE) com o objetivo de melhorar os índices mundiais de educação. Em sua sede foi construída uma escultura suspensa, com a logomarca oficial do programa, em três dimensões, que é formada por suas iniciais, conforme mostrada na figura.

![](https://enem.dev/2019/questions/136/9375a019-d7c2-4cdc-8207-889ec77d0bc2.png)

Essa escultura está suspensa por cabos de aço, de maneira que o espaçamento entre letras adjacentes é o mesmo, todas têm igual espessura e ficam dispostas em posição ortogonal ao solo, como ilustrado a seguir.

![](https://enem.dev/2019/questions/136/42ff3b17-ad26-4814-9e64-2eca3a162056.png)

Ao meio-dia, com o sol a pino, as letras que formam essa escultura projetam ortogonalmente suas sombras sobre o solo.","['https://enem.dev/2019/questions/136/9375a019-d7c2-4cdc-8207-889ec77d0bc2.png', 'https://enem.dev/2019/questions/136/42ff3b17-ad26-4814-9e64-2eca3a162056.png']",E,A sombra projetada no solo é,"[{'letter': 'A', 'text': None, 'file': 'https://enem.dev/2019/questions/136/71677fa0-eb8a-43db-be5b-498a3aaea496.png', 'isCorrect': False}, {'letter': 'B', 'text': None, 'file': 'https://enem.dev/2019/questions/136/e19c648c-acee-4a4b-8f51-31c5551f40a8.png', 'isCorrect': False}, {'letter': 'C', 'text': None, 'file': 'https://enem.dev/2019/questions/136/1611bf86-7b6f-4bfa-9cf0-01668feece5a.png', 'isCorrect': False}, {'letter': 'D', 'text': None, 'file': 'https://enem.dev/2019/questions/136/3547286b-a306-4e5a-ad4e-f6f157cc4b70.png', 'isCorrect': False}, {'letter': 'E', 'text': None, 'file': 'https://enem.dev/2019/questions/136/f977a763-5a7d-4e53-a44e-90c12026ba73.png', 'isCorrect': True}]",Fácil,Geometria Espacial,Projeção Ortogonal
177,Questão 137 - ENEM 2019,137,matematica,2019,"A _Hydrangea macrophyila_ é uma planta com flor azul ou cor-de-rosa, dependendo do pH do solo no qual está plantada. Em solo ácido (ou seja, com pH < 7) a flor é azul, enquanto que em solo alcalino (ou seja, com pH > 7) a flor é rosa. Considere que a _Hydrangea_ cor-de-rosa mais valorizada comercialmente numa determinada região seja aquela produzida em solo com pH inferior a 8.

Sabe-se que pH = – log10x, em que x é a concentração de íon hidrogênio (H+).",[],E,"Para produzir a Hydrangea cor-de-rosa de maior valor comercial, deve-se preparar o solo de modo que x assuma","[{'letter': 'A', 'text': 'Qualquer valor acima de\xa010^{-8}10\u200b−8 \xa0  \t\u200b\u200b.', 'file': None, 'isCorrect': False}, {'letter': 'B', 'text': 'Qualquer valor positivo inferior a\xa010^{-7}10\u200b−7\u200b\u200b.', 'file': None, 'isCorrect': False}, {'letter': 'C', 'text': 'Valores maiores que 7 e menores que 8.', 'file': None, 'isCorrect': False}, {'letter': 'D', 'text': 'Valores maiores que 70 e menores que 80.', 'file': None, 'isCorrect': False}, {'letter': 'E', 'text': 'Valores maiores que\xa010^{-8}10\u200b−8\u200b\u200b\xa0e menores que\xa010^{-7}10\u200b−7\u200b\u200b.', 'file': None, 'isCorrect': True}]",Difícil,Álgebra e Funções,Funções Exponenciais e Logarítmicas
178,Questão 138 - ENEM 2019,138,matematica,2019," Uma pessoa, que perdeu um objeto pessoal quando visitou uma cidade, pretende divulgar nos meios de comunicação informações a respeito da perda desse objeto e de seu contato para eventual devolução. No entanto, ela lembra que, de acordo com o Art. 1 234 do Código Civil, poderá ter que pagar pelas despesas do transporte desse objeto até sua cidade e poderá ter que recompensar a pessoa que lhe restituir o objeto em, pelo menos, 5% do valor do objeto.

Ela sabe que o custo com transporte será de um quinto do valor atual do objeto e, como ela tem muito interesse em reavê-lo, pretende ofertar o maior percentual possível de recompensa, desde que o gasto total com as despesas não ultrapasse o valor atual do objeto.",[],E,"Nessas condições, o percentual sobre o valor do objeto, dado como recompensa, que ela deverá ofertar é igual a","[{'letter': 'A', 'text': '20%', 'file': None, 'isCorrect': False}, {'letter': 'B', 'text': '25%', 'file': None, 'isCorrect': False}, {'letter': 'C', 'text': '40%', 'file': None, 'isCorrect': False}, {'letter': 'D', 'text': '60%', 'file': None, 'isCorrect': False}, {'letter': 'E', 'text': '80%', 'file': None, 'isCorrect': True}]",Média,Matematica Básica,Porcentagem
179,Questão 139 - ENEM 2019,139,matematica,2019,"Uma empresa presta serviço de abastecimento de água em uma cidade. O valor mensal a pagar por esse serviço é determinado pela aplicação de tarifas, por faixas de consumo de água, sendo obtido pela adição dos valores correspondentes a cada faixa.

**•** Faixa 1: para consumo de até 6 m², valor fixo de R$12,00;

**•** Faixa 2: para consumo superior a 6 m³ e até 10 m³, tarifa de R$ 3,00 por metro cúbico ao que exceder a 6m³;

**•** Faixa 3: para consumo superior a 10 m³, tarifa de R$ 6,00 por metro cúbico ao que exceder a 10 m³. Sabe-se que nessa cidade o consumo máximo de água por residência é de 15 m² por mês.",[],A,"O gráfico que melhor descreve o valor P, em real, a ser pago por mês, em função do volume V de água consumido, em metro cúbico, é","[{'letter': 'A', 'text': None, 'file': 'https://enem.dev/2019/questions/139/de1f40fe-ace0-453b-8b47-506e0bbd1e76.png', 'isCorrect': True}, {'letter': 'B', 'text': None, 'file': 'https://enem.dev/2019/questions/139/498952c5-4133-4895-a958-a5bb5a11da9b.png', 'isCorrect': False}, {'letter': 'C', 'text': None, 'file': 'https://enem.dev/2019/questions/139/2b93a78d-1ed0-42e1-ba89-342c53c8aed2.png', 'isCorrect': False}, {'letter': 'D', 'text': None, 'file': 'https://enem.dev/2019/questions/139/fd969b0c-70d7-4e15-b7c7-ebb4b413b6fe.png', 'isCorrect': False}, {'letter': 'E', 'text': None, 'file': 'https://enem.dev/2019/questions/139/8ebb5528-ddb8-4a6a-b8e7-c15a497c088c.png', 'isCorrect': False}]",Média,Álgebra e Funções,Equações e Funções de 1º Grau
180,Questão 140 - ENEM 2019,140,matematica,2019,"A gripe é uma infecção respiratória aguda de curtaduração causada pelo vírus influenza. Ao entrar no nosso organismo pelo nariz, esse vírus multiplica-se, disseminando-se para a garganta e demais partes das vias respiratórias, incluindo os pulmões. O vírus influenza é uma partícula esférica que tem um diâmetro interno de 0,00011 mm.

_Disponível em: www.gripenet.pt._

_Acesso em: 2 nov. 2013 (adaptado)._",[],D,"Em notação científica, o diâmetro interno do vírus influenza, em mm, é","[{'letter': 'A', 'text': '1,1x10\u200b−1\u200b\u200b', 'file': None, 'isCorrect': False}, {'letter': 'B', 'text': '1,1x10\u200b−2\u200b\u200b', 'file': None, 'isCorrect': False}, {'letter': 'C', 'text': '1,1x10\u200b−3\u200b\u200b', 'file': None, 'isCorrect': False}, {'letter': 'D', 'text': '1,1x10\u200b−4\u200b\u200b', 'file': None, 'isCorrect': True}, {'letter': 'E', 'text': '1,1x10\u200b−5\u200b\u200b', 'file': None, 'isCorrect': False}]",Fácil,Matemática Básica,Potenciação/Radiciação
181,Questão 141 - ENEM 2019,141,ciencias-natureza,2019,"Em um jogo on-line, cada jogador procura subir de nível e aumentar sua experiência, que são dois parâmetros importantes no jogo, dos quais dependem as forças de defesa e de ataque do participante. A força de defesa de cada jogador é diretamente proporcional ao seu nível e ao quadrado de sua experiência, enquanto sua força de ataque é diretamente proporcional à sua experiência e ao quadrado do seu nível. Nenhum jogador sabe o nível ou a experiência dos demais. Os jogadores iniciam o jogo no nível 1 com experiência 1 e possuem força de ataque 2 e de defesa 1. Nesse jogo, cada participante se movimenta em uma cidade em busca de tesouros para aumentar sua experiência. Quando dois deles se encontram, um deles pode desafiar o outro para um confronto, sendo o desafiante considerado o atacante. Compara-se então a força de ataque do desafiante com a força de defesa do desafiado e vence o confronto ao confronto aquele cuja força for maior. O vencedor do desafio aumenta seu nível em uma unidade. Caso haja empate no confronto, ambos os jogadores aumentam seus níveis em uma unidade.

Durante um jogo, o jogador J1 de nível 4 e experiência 5, irá atacar o jogador J2, de nível 2 e experiência 6.",[],B,"O jogador J1, venceu esse confronto porque a diferença entre sua força de ataque e a força de defesa de seu oponente era","[{'letter': 'A', 'text': '112.', 'file': None, 'isCorrect': False}, {'letter': 'B', 'text': '88.', 'file': None, 'isCorrect': True}, {'letter': 'C', 'text': '60.', 'file': None, 'isCorrect': False}, {'letter': 'D', 'text': '28.', 'file': None, 'isCorrect': False}, {'letter': 'E', 'text': '24.', 'file': None, 'isCorrect': False}]",Média,Matemática Básica,Razão e Proporção
182,Questão 142 - ENEM 2019,142,matematica,2019,"Em um condomínio, uma área pavimentada, que tem a forma de um círculo com diâmetro medindo 6m, é cercado por grama. A administração do condomínio deseja ampliar essa área, mantendo seu formato circular, e aumentando, em 8m, o diâmetro dessa região, mantendo o revestimento da parte já existente. O condomínio dispõe, em estoque, de material suficiente para pavimentar mais 100 m² de área.

O síndico do condomínio irá avaliar se esse material disponível será suficiente para pavimentar a região a ser ampliada.

Utilize 3 como aproximação para π.",[],E,"A conclusão correta a que o síndico deverá chegar, considerando a nova área a ser pavimentada, é a de que o material disponível em estoque:","[{'letter': 'A', 'text': 'Será suficiente, pois a área da nova região a ser pavimentada mede 21 m².', 'file': None, 'isCorrect': False}, {'letter': 'B', 'text': 'Será suficiente, pois a área da nova região a ser pavimentada mede 24 m².', 'file': None, 'isCorrect': False}, {'letter': 'C', 'text': 'Será suficiente, pois a área da nova região a ser pavimentada mede 48 m².', 'file': None, 'isCorrect': False}, {'letter': 'D', 'text': 'Não será suficiente, pois a área da nova região a ser pavimentada mede 108 m².', 'file': None, 'isCorrect': False}, {'letter': 'E', 'text': 'Não será suficiente, pois a área da nova região a ser pavimentada mede 120 m².', 'file': None, 'isCorrect': True}]",Média,Geometria Plana,Áreas de Figuras Planas (Círculos)
183,Questão 143 - ENEM 2019,143,matematica,2019,"Os exercícios físicos são recomendados para o bom funcionamento do organismo, pois aceleram o metabolismo e, em consequência, elevam o consumo de calorias. No gráfico, estão registrados os valores calóricos, em kcal, gastos em cinco diferentes atividades físicas, em função do tempo dedicado às atividades, contado em minuto.

![](https://enem.dev/2019/questions/143/ef507c14-34a0-479e-a532-193bf38c48ba.png)",['https://enem.dev/2019/questions/143/ef507c14-34a0-479e-a532-193bf38c48ba.png'],B,Qual dessas atividades físicas proporciona o maior consumo de quilocalorias por minuto?,"[{'letter': 'A', 'text': 'I', 'file': None, 'isCorrect': False}, {'letter': 'B', 'text': 'II', 'file': None, 'isCorrect': True}, {'letter': 'C', 'text': 'III', 'file': None, 'isCorrect': False}, {'letter': 'D', 'text': 'IV', 'file': None, 'isCorrect': False}, {'letter': 'E', 'text': 'V', 'file': None, 'isCorrect': False}]",Fácil,Estatística e Probabilidade,Análise de Gráficos/Tabelas
184,Questão 144 - ENEM 2019,144,matematica,2019,"Um professor aplica, durante os cinco dias úteis de uma semana, testes com quatro questões de múltipla escolha a cinco alunos. Os resultados foram representados na matriz.

Nessa matriz os elementos das linhas de 1 a 5 representam as quantidades de questões acertadas pelos alunos Ana, Bruno, Carlos, Denis e Érica, respectivamente, enquanto que as colunas de 1 a 5 indicam os dias da semana, de segunda-feira a sexta-feira, respectivamente, em que os testes foram aplicados.

![](https://enem.dev/2019/questions/144/258eca74-8b97-4a70-8abd-c6fb7b964db4.png)",['https://enem.dev/2019/questions/144/258eca74-8b97-4a70-8abd-c6fb7b964db4.png'],A,O teste que apresentou maior quantidade de acertos foi o aplicado na,"[{'letter': 'A', 'text': 'Segunda-feira.', 'file': None, 'isCorrect': True}, {'letter': 'B', 'text': 'Terça-feira.', 'file': None, 'isCorrect': False}, {'letter': 'C', 'text': 'Quarta-feira.', 'file': None, 'isCorrect': False}, {'letter': 'D', 'text': 'Quinta-feira.', 'file': None, 'isCorrect': False}, {'letter': 'E', 'text': 'Sexta-feira.', 'file': None, 'isCorrect': False}]",Fácil,Estatística e Probabilidade,Análise de Gráficos/Tabelas
185,Questão 145 - ENEM 2019,145,matematica,2019,"Um ciclista quer montar um sistema de marchas usando dois discos dentados na parte traseira de sua bicicleta, chamados catracas. A coroa é o disco dentado que é movimentado pelos pedais da bicicleta, sendo que a corrente transmite esse movimento às catracas, que ficam posicionadas na roda traseira da bicicleta.

As diferentes marchas ficam definidas pelos diferentes diâmetros das catracas, que são medidos conforme indicação na figura.

![](https://enem.dev/2019/questions/145/a77a3c83-584a-4cb5-b194-9c6f84d84c26.png)

O ciclista já dispõe de uma catraca com 7 cm de diâmetro e pretende incluir uma segunda catraca, de modo que, à medida em que a corrente passe por ela, a bicicleta avance 50% a mais do que avançaria se a corrente passasse pela primeira catraca, a cada volta completa dos pedais.",['https://enem.dev/2019/questions/145/a77a3c83-584a-4cb5-b194-9c6f84d84c26.png'],C,"O valor mais próximo da medida do diâmetro da segunda catraca, em centímetro e com uma casa decimal, é","[{'letter': 'A', 'text': '2,3.', 'file': None, 'isCorrect': False}, {'letter': 'B', 'text': '3,5.', 'file': None, 'isCorrect': False}, {'letter': 'C', 'text': '4,7.', 'file': None, 'isCorrect': True}, {'letter': 'D', 'text': '5,3.', 'file': None, 'isCorrect': False}, {'letter': 'E', 'text': '10,5.', 'file': None, 'isCorrect': False}]",Média,Matemática Básica,Razão e Proporção
186,Questão 146 - ENEM 2019,146,matematica,2019,"O serviço de meteorologia de uma cidade emite relatórios diários com a previsão do tempo. De posse dessas informações, a prefeitura emite três tipos de alertas para a população:

• Alerta cinza: deverá ser emitido sempre que a previsão do tempo estimar que a temperatura será

inferior a 10 °C, e a umidade relativa do ar for inferior a 40%;

• Alerta laranja: deverá ser emitido sempre que a previsão do tempo estimar que a temperatura deve

variar entre 35 °C e 40 °C, e a umidade relativa do ar deve ficar abaixo de 30%;

• Alerta vermelho: deverá ser emitido sempre que a previsão do tempo estimar que a temperatura será superior a 40 ºC, e a umidade relativa do ar for inferior a 25%.

Um resumo da previsão do tempo nessa cidade, para um período de 15 dias, foi apresentado no gráfico.

Decorridos os 15 dias de validade desse relatório, um funcionário percebeu que, no período a que se refere o gráfico, foram emitidos os seguintes alertas:

• Dia 1: alerta cinza;

• Dia 12: alerta laranja;

• Dia 13: alerta vermelho.",[],A,Em qual(is) desses dias o(s) aviso(s) foi(ram) emitido(s) corretamente?,"[{'letter': 'A', 'text': '1.', 'file': None, 'isCorrect': True}, {'letter': 'B', 'text': '12.', 'file': None, 'isCorrect': False}, {'letter': 'C', 'text': '1 e 12.', 'file': None, 'isCorrect': False}, {'letter': 'D', 'text': '1 e 13.', 'file': None, 'isCorrect': False}, {'letter': 'E', 'text': '1, 12 e 13.', 'file': None, 'isCorrect': False}]",Fácil,Estatística e Probabilidade,Análise de Gráficos/Tabelas
187,Questão 147 - ENEM 2019,147,matematica,2019,"Uma administração municipal encomendou a pintura de dez placas de sinalização para colocar em seu patio de estacionamento.

O profissional contratado para o serviço inicial pintará o fundo de dez placas e cobrará um valor de acordo com a área total dessas placas. O formato de cada placa é um círculo de diâmetro d = 40 cm, que tangencia lados de um retângulo, sendo que o comprimento total da placa é h = 60 cm, conforme lustrado na figura. Use 3,14 como aproximação para π.

![](https://enem.dev/2019/questions/147/c3302516-c198-425d-8d43-43cc3b344a8c.png)",['https://enem.dev/2019/questions/147/c3302516-c198-425d-8d43-43cc3b344a8c.png'],B,"Qual é a soma das medidas das áreas, em centímetros quadrados, das dez placas?","[{'letter': 'A', 'text': '16 628', 'file': None, 'isCorrect': False}, {'letter': 'B', 'text': '22 280', 'file': None, 'isCorrect': True}, {'letter': 'C', 'text': '28 560', 'file': None, 'isCorrect': False}, {'letter': 'D', 'text': '41 120', 'file': None, 'isCorrect': False}, {'letter': 'E', 'text': '66 240', 'file': None, 'isCorrect': False}]",Média,Geometria Plana,Áreas de Figuras Planas
188,Questão 148 - ENEM 2019,148,matematica,2019,"O rótulo da embalagem de um cosmético informa que a dissolução de seu conteúdo, de acordo com suas especificações, rende 2,7 litros desse produto pronto para o uso. Uma pessoa será submetida a um tratamento estético em que deverá tomar um banho de imersão com esse produto numa banheira com capacidade de 0,3 m³.

Para evitar o transbordamento, essa banheira será preenchida em 80% de sua capacidade.",[],C,"Para esse banho, o número mínimo de embalagens desse cosmético é","[{'letter': 'A', 'text': '9.', 'file': None, 'isCorrect': False}, {'letter': 'B', 'text': '12.', 'file': None, 'isCorrect': False}, {'letter': 'C', 'text': '89.', 'file': None, 'isCorrect': True}, {'letter': 'D', 'text': '112.', 'file': None, 'isCorrect': False}, {'letter': 'E', 'text': '134.', 'file': None, 'isCorrect': False}]",Média,Geometria Espacial,Unidades de Medida e Vazão
189,Questão 149 - ENEM 2019,149,matematica,2019,"O _slogan_ “Se beber não dirija”, muito utilizado em campanhas publicitárias no Brasil, chama a atenção para o grave problema da ingestão de bebida alcoólica por motoristas e suas consequências para o trânsito. A gravidade desse problema pode ser percebida observando como o assunto é tratado pelo Código de Trânsito Brasileiro. Em 2013, a quantidade máxima de álcool permitida no sangue do condutor de um veículo, que já era pequena, foi reduzida, e o valor da multa para motoristas alcoolizados foi aumentado. Em consequência dessas mudanças, observou-se queda no número de acidentes registrados em uma suposta rodovia nos anos que se seguiram às mudanças implantadas em 2013, conforme dados no quadro.

![](https://enem.dev/2019/questions/149/a18bc8fd-0b53-499d-a163-89abcc439a57.png)

Suponha que a tendência de redução no número de acidentes nessa rodovia para os anos subsequentes seja igual à redução absoluta observada de 2014 para 2015.",['https://enem.dev/2019/questions/149/a18bc8fd-0b53-499d-a163-89abcc439a57.png'],D,"Com base na situação apresentada, o número de acidentes esperados nessa rodovia em 2018 foi de","[{'letter': 'A', 'text': '150', 'file': None, 'isCorrect': False}, {'letter': 'B', 'text': '450', 'file': None, 'isCorrect': False}, {'letter': 'C', 'text': '550', 'file': None, 'isCorrect': False}, {'letter': 'D', 'text': '700', 'file': None, 'isCorrect': True}, {'letter': 'E', 'text': '800', 'file': None, 'isCorrect': False}]",Fácil,Álgebra e Funções,Progressão Aritmética (PA)
190,Questão 150 - ENEM 2019,150,matematica,2019,"Uma pessoa se interessou em adquirir um produto anunciado em uma loja. Negociou com o gerente e conseguiu comprá-lo a uma taxa de juros compostos de 1% ao mês.  
O primeiro pagamento será um mês após a aquisição do produto, e no valor de R$ 202,00. O segundo pagamento será efetuado um mês após o primeiro, e terá o valor de R$ 204,02.  
Para concretizar a compra, o gerente emitirá uma nota fiscal com o valor do produto à vista negociado com o cliente, correspondendo ao financiamento aprovado.",[],B,"O valor à vista, em real, que deverá constar na nota fiscal é de","[{'letter': 'A', 'text': '398,02', 'file': None, 'isCorrect': False}, {'letter': 'B', 'text': '400,00', 'file': None, 'isCorrect': True}, {'letter': 'C', 'text': '401,94', 'file': None, 'isCorrect': False}, {'letter': 'D', 'text': '404,00', 'file': None, 'isCorrect': False}, {'letter': 'E', 'text': '406,02', 'file': None, 'isCorrect': False}]",Difícil,Matemática Básica,Porcentagem
191,Questão 151 - ENEM 2019,151,matematica,2019,"Três sócios resolveram fundar uma fábrica. O investimento inicial foi de R$ 1 000 000,00. E, independentemente do valor que cada um investiu nesse primeiro momento, resolveram considerar que cada um deles contribuiu com um terço do investimento inicial.

Algum tempo depois, um quarto sócio entrou para a sociedade, e os quatro, juntos, investiram mais R$ 800 000,00 na fábrica. Cada um deles contribuiu com um quarto desse valor. Quando venderam a fábrica, nenhum outro investimento havia sido feito. Os sócios decidiram então dividir o montante de R$ 1 800 000,00 obtido com a venda, de modo proporcional à quantia total investida por cada sócio.",[],A,"Quais os valores mais próximos, em porcentagens, correspondentes às parcelas financeiras que cada um dos més sócios iniciais e o quarto sócio, respectivamente, receberam?","[{'letter': 'A', 'text': '29,60 e 11,11.', 'file': None, 'isCorrect': True}, {'letter': 'B', 'text': '28,70 e 13,89.', 'file': None, 'isCorrect': False}, {'letter': 'C', 'text': '25,00 e 25,00.', 'file': None, 'isCorrect': False}, {'letter': 'D', 'text': '18,52 e 11,11.', 'file': None, 'isCorrect': False}, {'letter': 'E', 'text': '12,96 e 13,89.', 'file': None, 'isCorrect': False}]",Média,Matemática Básica,Razão e Proporção / Porcentagem
192,Questão 152 - ENEM 2019,152,matematica,2019,"Para contratar três máquinas que farão o reparo de vias rurais de um município, a prefeitura elaborou um edital que, entre outras cláusulas, previa:

• Cada empresa interessada só pode cadastrar uma única máquina para concorrer ao edital;

• O total de recursos destinados para contratar o conjunto das três máquinas é de R$ 31 000,00;

• O valor a ser pago a cada empresa será inversamente proporcional à idade de uso da máquina cadastrada pela empresa para o presente edital.

As três empresas vencedoras do edital cadastraram máquinas com 2, 3 e 5 anos de idade de uso.",[],B,Quanto receberá a empresa que cadastrou a máquina com maior idade de uso?,"[{'letter': 'A', 'text': 'R$ 3.100,00', 'file': None, 'isCorrect': False}, {'letter': 'B', 'text': 'R$ 6.000,00', 'file': None, 'isCorrect': True}, {'letter': 'C', 'text': 'R$ 6.200,00', 'file': None, 'isCorrect': False}, {'letter': 'D', 'text': 'R$ 15.000,00', 'file': None, 'isCorrect': False}, {'letter': 'E', 'text': 'R$ 15.500,00', 'file': None, 'isCorrect': False}]",Média,Matemática Básica,Razão e Proporção
193,Questão 153 - ENEM 2019,153,matematica,2019,"Segundo o Instituto Brasileiro de Geografia e Estatística (IBGE), o rendimento médio mensal dos trabalhadores brasileiros, no ano 2000, era de R$ 1.250,00. Já o Censo 2010 mostrou que, em 2010, esse valor teve um aumento de 7,2% em relação a 2000. Esse mesmo instituto projeta que, em 2020, o rendimento médio mensal dos trabalhadores brasileiros poderá ser 10% maior do que foi em 2010.

_IBGE. Censo 2010_. **Disponível em:** www.ibge.gov.br. Acesso em: 13 ago. 2012 (adaptado).",[],E,"Supondo que as projeções do IBGE se realizem, o rendimento médio mensal dos brasileiros em 2020 será de","[{'letter': 'A', 'text': 'R$ 1.340,00.', 'file': None, 'isCorrect': False}, {'letter': 'B', 'text': 'R$ 1.349,00', 'file': None, 'isCorrect': False}, {'letter': 'C', 'text': 'R$ 1.375,00', 'file': None, 'isCorrect': False}, {'letter': 'D', 'text': 'R$ 1.465,00', 'file': None, 'isCorrect': False}, {'letter': 'E', 'text': 'R$ 1.474,00.', 'file': None, 'isCorrect': True}]",Média,Matemática Básica,Porcentagem
194,Questão 154 - ENEM 2019,154,matematica,2019,"Charles Richter e Beno Gutenberg desenvolveram a escala Richter, que mede a magnitude de um terremoto.  
Essa escala pode variar de 0 a 10, com possibilidades de valores maiores.

O quadro mostra a escala de magnitude local (Ms) de um terremoto que é utilizada para descrevê-lo.

![](https://enem.dev/2019/questions/154/1532ad8f-b399-4a11-8717-06b7620d0082.jpg)

Para se calcular a magnitude local, usa-se a fórmula Ms = 3,30 + log(A.f), em que A representa a amplitude máxima da onda registrada por um sismógrafo em micrômetro (um) e f representa a frequência da onda, em hertz (Hz).

Ocorreu um terremoto com amplitude máxima de 2 000 μm e frequência de 0,2 Hz.

**Disponivel em:** http://cejarj.cecierj.edu.br. Acesso em: 1 fev. 2015 (adaptado).",['https://enem.dev/2019/questions/154/1532ad8f-b399-4a11-8717-06b7620d0082.jpg'],C,"Utilize 0,3 como aproximação para log 2. De acordo com os dados fornecidos, o terremoto ocorrido pode ser descrito como","[{'letter': 'A', 'text': 'Pequeno.', 'file': None, 'isCorrect': False}, {'letter': 'B', 'text': 'Ligeiro.', 'file': None, 'isCorrect': False}, {'letter': 'C', 'text': 'Moderado.', 'file': None, 'isCorrect': True}, {'letter': 'D', 'text': 'Grande.', 'file': None, 'isCorrect': False}, {'letter': 'E', 'text': 'Extremo.', 'file': None, 'isCorrect': False}]",Difícil,Álgebra e Funções,Funções Exponenciais e Logarítmicas
195,Questão 155 - ENEM 2019,155,matematica,2019,"Após o Fórum Nacional Contra a Pirataria (FNCP) incluir a linha de autopeças em campanha veiculada

contra a falsificação, as agências fiscalizadoras divulgaram que os cinco principais produtos de autopeças falsificados são: rolamento, pastilha de freio, caixa de direção, catalisador e amortecedor.

**Disponível em:** www.oficinabrasil.com.br. Acesso em: 25 ago. 2014 (adaptado).

Após uma grande apreensão, as peças falsas foram cadastradas utilizando-se a codificação

1: rolamento, 2: pastilha de freio, 3: caixa de direção, 4: catalisador e 5: amortecedor.

Ao final obteve-se a sequência; 5, 4, 3, 2, 1, 2, 3, 4, 5, 4, 3, 2, 1, 2, 3, 4, 5, 4, 3, 2, 1, 2, 3, 4,… que apresenta um padrão de formação que consiste na repetição de um bloco de números.

Essa sequência descreve a ordem em que os produtos apreendidos foram cadastrados.",[],E,O 2.015º. item cadastrado foi um(a),"[{'letter': 'A', 'text': 'Rolamento.', 'file': None, 'isCorrect': False}, {'letter': 'B', 'text': 'Catalisador.', 'file': None, 'isCorrect': False}, {'letter': 'C', 'text': 'Amortecedor.', 'file': None, 'isCorrect': False}, {'letter': 'D', 'text': 'Pastilha de freio.', 'file': None, 'isCorrect': False}, {'letter': 'E', 'text': 'Caixa de direção.', 'file': None, 'isCorrect': True}]",Média,Matemática Básica,Razão e Proporção
196,Questão 156 - ENEM 2019,156,matematica,2019,"Durante suas férias, oito amigos, dos quais dois são canhotos, decidem realizar um torneio de vôlei de praia.

Eles precisam formar quatro duplas para a realização do torneio. Nenhuma dupla pode ser formada por dois jogadores canhotos.",[],C,De quantas maneiras diferentes podem ser formadas essas quatro duplas?,"[{'letter': 'A', 'text': '69', 'file': None, 'isCorrect': False}, {'letter': 'B', 'text': '70', 'file': None, 'isCorrect': False}, {'letter': 'C', 'text': '90', 'file': None, 'isCorrect': True}, {'letter': 'D', 'text': '104', 'file': None, 'isCorrect': False}, {'letter': 'E', 'text': '105', 'file': None, 'isCorrect': False}]",Difícil,Combinatória e Trigonometria,Combinação / Princípio Fundamental da Contagem
197,Questão 157 - ENEM 2019,157,matematica,2019,"As luminárias para um laboratório de matemática serão fabricadas em forma de sólidos geométricos.  
Uma delas terá a forma de um tetraedro truncado. Esse sólido é gerado a partir de secções paralelas a cada uma das faces de um tetraedro regular. Para essa luminária, as secções serão feitas de maneira que, em cada corte, um terço das arestas seccionadas serão removidas. Uma dessas secções está indicada na figura.

![](https://enem.dev/2019/questions/157/e0eaf50b-03c5-42bc-832c-97f1431e7887.jpg)",['https://enem.dev/2019/questions/157/e0eaf50b-03c5-42bc-832c-97f1431e7887.jpg'],A,Essa luminária terá por faces,"[{'letter': 'A', 'text': '4 hexágonos regulares e 4 triângulos equiláteros.', 'file': None, 'isCorrect': True}, {'letter': 'B', 'text': '2 hexágonos regulares e 4 triângulos equiláteros.', 'file': None, 'isCorrect': False}, {'letter': 'C', 'text': '4 quadriláteros e 4 triângulos isósceles.', 'file': None, 'isCorrect': False}, {'letter': 'D', 'text': '3 quadriláteros e 4 triângulos isósceles.', 'file': None, 'isCorrect': False}, {'letter': 'E', 'text': '3 hexágonos regulares e 4 triângulos equiláteros.', 'file': None, 'isCorrect': False}]",Difícil,Geometria Espacial,"Volume e Área de Prismas, Cilindros, Cones, Pirâmides e Esferas"
198,Questão 158 - ENEM 2019,158,matematica,2019,"Comum em lançamentos de empreendimentos imobiliários, as maquetes de condomínios funcionam como uma ótima ferramenta de marketing para as construtoras, pois, além de encantar clientes, auxiliam de maneira significativa os corretores na negociação e venda de imóveis.

Um condomínio está sendo lançado em um novo bairro de uma cidade. Na maquete projetada pela construtora, em escala de 1 : 200, existe um reservatório de água com capacidade de 45 cm³.

Quando todas as famílias estiverem residindo no condomínio, a estimativa é que, por dia, sejam consumidos 30.000 litros de água.",[],C,"Em uma eventual falta de água, o reservatório cheio será suficiente para abastecer o condomínio por quantos dias?","[{'letter': 'A', 'text': '30', 'file': None, 'isCorrect': False}, {'letter': 'B', 'text': '15', 'file': None, 'isCorrect': False}, {'letter': 'C', 'text': '12', 'file': None, 'isCorrect': True}, {'letter': 'D', 'text': '6', 'file': None, 'isCorrect': False}, {'letter': 'E', 'text': '3', 'file': None, 'isCorrect': False}]",Difícil,Matemática Básica,Escala
199,Questão 159 - ENEM 2019,159,matematica,2019,"O dono de um restaurante situado às margens de uma rodovia percebeu que, ao colocar uma placa de propaganda de seu restaurante ao longo da rodovia, as vendas aumentaram. Pesquisou junto aos seus clientes e concluiu que a probabilidade de um motorista perceber uma placa de anúncio é 1/2.

Com isso, após autorização do órgão competente, decidiu instalar novas placas com anúncios de seu restaurante ao longo dessa rodovia, de maneira que a probabilidade de um motorista perceber pelo menos uma das placas instaladas fosse superior a 99/100.",[],D,A quantidade mínima de novas placas de propaganda a serem instaladas é,"[{'letter': 'A', 'text': '99', 'file': None, 'isCorrect': False}, {'letter': 'B', 'text': '51', 'file': None, 'isCorrect': False}, {'letter': 'C', 'text': '50', 'file': None, 'isCorrect': False}, {'letter': 'D', 'text': '6', 'file': None, 'isCorrect': True}, {'letter': 'E', 'text': '1', 'file': None, 'isCorrect': False}]",Difícil,Estatística e Probabilidade,Probabilidade Simples e Condicional
200,Questão 160 - ENEM 2019,160,matematica,2019,"O preparador físico de um time de basquete dispõe de um plantel de 20 jogadores, com média de altura igual a 1,80 m.  
No último treino antes da estreia em um campeonato, um dos jogadores desfalcou o time em razão de uma séria contusão, forçando o técnico a contratar outro jogador para recompor o grupo.",[],C,"Se o novo jogador é 0,20 m mais baixo que o anterior, qual é a média de altura, em metro, do novo grupo?","[{'letter': 'A', 'text': '1,60.', 'file': None, 'isCorrect': False}, {'letter': 'B', 'text': '1,78.', 'file': None, 'isCorrect': False}, {'letter': 'C', 'text': '1,79.', 'file': None, 'isCorrect': True}, {'letter': 'D', 'text': '1,81.', 'file': None, 'isCorrect': False}, {'letter': 'E', 'text': '1,82.', 'file': None, 'isCorrect': False}]",Média,Estatística e Probabilidade,Média (Aritmética/Ponderada)
201,Questão 161 - ENEM 2019,161,matematica,2019,"Em uma fábrica de refrigerantes, é necessário que se faça periodicamente o controle no processo de engarrafamento para evitar que sejam envasadas garrafas fora da especificação do volume escrito no rótulo.

Diariamente, durante 60 dias, foram anotadas as quantidades de garrafas fora dessas especificações. O resultado está apresentado no quadro.

![](https://enem.dev/2019/questions/161/c315e1f9-d185-4689-9452-7113ed739e0e.jpg)",['https://enem.dev/2019/questions/161/c315e1f9-d185-4689-9452-7113ed739e0e.jpg'],B,A média diária de garrafas fora das especificações no período considerado é,"[{'letter': 'A', 'text': '0,1', 'file': None, 'isCorrect': False}, {'letter': 'B', 'text': '0,2', 'file': None, 'isCorrect': True}, {'letter': 'C', 'text': '1,5', 'file': None, 'isCorrect': False}, {'letter': 'D', 'text': '2,0', 'file': None, 'isCorrect': False}, {'letter': 'E', 'text': '3,0', 'file': None, 'isCorrect': False}]",Fácil,Estatística e Probabilidade,Média (Aritmética/Ponderada)
202,Questão 162 - ENEM 2019,162,matematica,2019,"O Sistema Métrico Decimal é o mais utilizado atualmente para medir comprimentos e distâncias. Em algumas atividades, porém, é possível observar a utilização de diferentes unidades de medida.  
Um exemplo disso pode ser observado no quadro.

![](https://enem.dev/2019/questions/162/7c72d0de-cba7-453f-8334-dc9e95644073.png)",['https://enem.dev/2019/questions/162/7c72d0de-cba7-453f-8334-dc9e95644073.png'],D,"Assim, um pé, em polegada, equivale a","[{'letter': 'A', 'text': '0,1200.', 'file': None, 'isCorrect': False}, {'letter': 'B', 'text': '0,3048.', 'file': None, 'isCorrect': False}, {'letter': 'C', 'text': '1,0800.', 'file': None, 'isCorrect': False}, {'letter': 'D', 'text': '12,0000.', 'file': None, 'isCorrect': True}, {'letter': 'E', 'text': '36,0000.', 'file': None, 'isCorrect': False}]",Fácil,Matemática Básica,Razão e Proporção
203,Questão 163 - ENEM 2019,163,matematica,2019,"O Índice de Desenvolvimento Humano (IDH) é uma medida usada para classificar os países pelo seu grau de desenvolvimento.  
Para seu cálculo, são levados em consideração a expectativa de vida ao nascer, tempo de escolaridade e renda per capita, entre outros.

O menor valor deste índice é zero e o maior é um. Cinco países foram avaliados e obtiveram os seguintes índices de desenvolvimento humano: o primeiro país recebeu um valor X, o segundo ![](https://enem.dev/2019/questions/163/5bbf1fd4-c033-4134-8879-76ee2327342c.jpg)​​​, o terceiro ​​​​![](https://enem.dev/2019/questions/163/a47ac92d-ef25-4d00-a920-4e6be1bddae8.jpg), o quarto X² e o último X³. Nenhum desses países zerou ou atingiu o índice máximo.","['https://enem.dev/2019/questions/163/5bbf1fd4-c033-4134-8879-76ee2327342c.jpg', 'https://enem.dev/2019/questions/163/a47ac92d-ef25-4d00-a920-4e6be1bddae8.jpg']",C,Qual desses países obteve o maior IDH?,"[{'letter': 'A', 'text': 'O primeiro.', 'file': None, 'isCorrect': False}, {'letter': 'B', 'text': 'O segundo.', 'file': None, 'isCorrect': False}, {'letter': 'C', 'text': 'O terceiro.', 'file': None, 'isCorrect': True}, {'letter': 'D', 'text': 'O quarto.', 'file': None, 'isCorrect': False}, {'letter': 'E', 'text': 'O quinto.', 'file': None, 'isCorrect': False}]",Média,Matemática Básica,Potenciação/Radiciação
204,Questão 164 - ENEM 2019,164,matematica,2019,"Um mestre de obras deseja fazer uma laje com espessura de 5 cm utilizando concreto usinado, conforme as dimensões do projeto dadas na figura. O concreto para fazer a laje será fornecido por uma usina que utiliza caminhões com capacidades máximas de 2m³, 5m³ e 10m³ de concreto.

![](https://enem.dev/2019/questions/164/ed128607-487b-4154-8a1b-3cc1bcc02a35.jpg)",['https://enem.dev/2019/questions/164/ed128607-487b-4154-8a1b-3cc1bcc02a35.jpg'],C,"Qual a menor quantidade de caminhões, utilizando suas capacidades máximas, que o mestre de obras deverá pedir à usina de concreto para fazer a laje?","[{'letter': 'A', 'text': 'Dez caminhões com capacidade máxima de 10 m³.', 'file': None, 'isCorrect': False}, {'letter': 'B', 'text': 'Cinco caminhões com capacidade máxima de 10 m³.', 'file': None, 'isCorrect': False}, {'letter': 'C', 'text': 'Um caminhão com capacidade máxima de 5 m³.', 'file': None, 'isCorrect': True}, {'letter': 'D', 'text': 'Dez caminhões com capacidade máxima de 2 m³.', 'file': None, 'isCorrect': False}, {'letter': 'E', 'text': 'Um caminhão com capacidade máxima de 2 m³.', 'file': None, 'isCorrect': False}]",Média,Geometria Espacial,Volume e Área de Prismas / Unidades de Medida e Vazão
205,Questão 165 - ENEM 2019,165,matematica,2019,"O álcool é um depressor do sistema nervoso central e age diretamente em diversos órgãos. A concentração de álcool no sangue pode ser entendida como a razão entre a quantidade _**q**_ de álcool ingerido, medida em grama, e o volume de sangue, em litro, presente no organismo do indivíduo. Em geral, considera-se que esse volume corresponda ao valor numérico dado por 8% da massa corporal **_m_** desse indivíduo, medida em quilograma. De acordo com a Associação Médica Americana, uma concentração alcoólica superior a 0,4 grama por litro de sangue é capaz de trazer prejuízos à saúde do indivíduo.

_Disponível em: http://cisa.org.br._ _Acesso em: 1 dez. 2018 (adaptado)._",[],E,"A expressão relacionando q e m que representa a concentração alcoólica prejudicial à saúde do indivíduo, de acordo com a Associação Médica Americana, é","[{'letter': 'A', 'text': None, 'file': 'https://enem.dev/2019/questions/165/ba0a23a6-915a-4461-8310-3aca3741ad1d.jpg', 'isCorrect': False}, {'letter': 'B', 'text': None, 'file': 'https://enem.dev/2019/questions/165/b0a0c5d2-4770-40fc-822a-d7d826a2132b.jpg', 'isCorrect': False}, {'letter': 'C', 'text': None, 'file': 'https://enem.dev/2019/questions/165/440296e3-1711-46e2-a640-4151c45ceee2.jpg', 'isCorrect': False}, {'letter': 'D', 'text': None, 'file': 'https://enem.dev/2019/questions/165/df0a84a8-428b-4d06-9346-b6a1c34f12c1.jpg', 'isCorrect': False}, {'letter': 'E', 'text': None, 'file': 'https://enem.dev/2019/questions/165/1a1d1fc2-bbc4-4442-a821-86875297945d.jpg', 'isCorrect': True}]",Média,Matemática Básica,Razão e Proporção
206,Questão 166 - ENEM 2019,166,matematica,2019,"Construir figuras de diversos tipos, apenas dobrando e cortando papel, sem cola e sem tesoura, é a arte do _origami_ (_ori_ = dobrar; _kami_ = papel), que tem um significado altamente simbólico no Japão.

A base do _origami_ é o conhecimento do mundo por base do tato. Uma jovem resolveu construir um cisne usando técnica do _origami_, utilizando uma folha de papel de 18 cm por 12 cm.

Assim, começou por dobrar a folha conforme a figura.

![](https://enem.dev/2019/questions/166/3133b67a-fdb3-4ce8-8371-67b7a04d89e4.png)",['https://enem.dev/2019/questions/166/3133b67a-fdb3-4ce8-8371-67b7a04d89e4.png'],D,"Após essa primeira dobradura, a medida do segmento AE é","[{'letter': 'A', 'text': '2√22 \u200bcm', 'file': None, 'isCorrect': False}, {'letter': 'B', 'text': '6√3 \u200bcm', 'file': None, 'isCorrect': False}, {'letter': 'C', 'text': '12cm.', 'file': None, 'isCorrect': False}, {'letter': 'D', 'text': '6√\u200b5\u200b\u200b cm', 'file': None, 'isCorrect': True}, {'letter': 'E', 'text': '12√\u200b2 \u200bcm', 'file': None, 'isCorrect': False}]",Média,Geometria Plana,"Áreas de Figuras Planas (Quadrados, Retângulos, Triângulos, Círculos) / Teorema de Pitágoras"
207,Questão 167 - ENEM 2019,167,matematica,2019,"Os alunos de uma turma escolar foram divididos em dois grupos. Um grupo jogaria basquete, enquanto o outro jogaria futebol.

Sabe-se que o grupo de basquete é formado pelos alunos mais altos da classe e tem uma pessoa a mais do que o grupo de futebol.

A tabela seguinte apresenta informações sobre as alturas dos alunos da turma.

Os alunos P, J, F e M medem, respectivamente, 1,65m, 1,66m, 1,67m e 1,68m, e as suas alturas não são iguais a de nenhum outro colega da sala.

![](https://enem.dev/2019/questions/167/8df2118f-dc0e-4a87-9163-13821fa2e168.png)",['https://enem.dev/2019/questions/167/8df2118f-dc0e-4a87-9163-13821fa2e168.png'],C,"Segundo essas informações, argumenta-se que os alunos P, J, F e M jogaram, respectivamente,","[{'letter': 'A', 'text': 'Basquete, basquete, basquete, basquete.', 'file': None, 'isCorrect': False}, {'letter': 'B', 'text': 'Futebol, basquete, basquete, basquete.', 'file': None, 'isCorrect': False}, {'letter': 'C', 'text': 'Futebol, futebol, basquete, basquete.', 'file': None, 'isCorrect': True}, {'letter': 'D', 'text': 'Futebol, futebol, futebol, basquete.', 'file': None, 'isCorrect': False}, {'letter': 'E', 'text': 'Futebol, futebol, futebol, futebol.', 'file': None, 'isCorrect': False}]",Média,Estatística e Probabilidade,Análise de Gráficos/Tabelas
208,Questão 168 - ENEM 2019,168,matematica,2019,"Uma empresa tem diversos funcionários. Um deles é o gerente, que recebe R$ 1000,00 por semana.  
Os outros funcionários são diaristas. Cada um trabalha 2 dias por semana, recebendo R$ 80,00 por dia trabalhado.",[],D,"Chamando de X a quantidade total de funcionários da empresa, a quantia Y, em reais, que esta empresa gasta semanalmente para pagar seus funcionários é expressa por","[{'letter': 'A', 'text': 'Y = 80X + 920.', 'file': None, 'isCorrect': False}, {'letter': 'B', 'text': 'Y = 80X + 1000.', 'file': None, 'isCorrect': False}, {'letter': 'C', 'text': 'Y = 80X + 1080.', 'file': None, 'isCorrect': False}, {'letter': 'D', 'text': 'Y = 160X + 840.', 'file': None, 'isCorrect': True}, {'letter': 'E', 'text': 'Y = 160X + 1000.', 'file': None, 'isCorrect': False}]",Média,Álgebra e Funções,Equações e Funções de 1º Grau
209,Questão 169 - ENEM 2019,169,matematica,2019,"Um aplicativo de relacionamentos funciona da seguinte forma: o usuário cria um perfil com foto e informações pessoais, indica as características dos usuários com quem deseja estabelecer contato e determina um raio de abrangência a partir da sua localização. O aplicativo identifica as pessoas que se encaixam no perfil desejado e que estão a uma distância do usuário menor ou igual ao raio de abrangência. Caso dois usuários tenham perfis compatíveis e estejam numa região de abrangência comum a ambos, o aplicativo promove o contato entre os usuários, o que é chamado de _match_.

O usuário P define um raio de abrangência com medida de 3 km e busca ampliar a possibilidade de obter um _match_ se deslocando para a região central da cidade, que concentra um maior número de usuários. O gráfico ilustra alguns bares que o usuário P costuma frequentar para ativar o aplicativo, indicados por I, II, III, IV e V.

Sabe-se que os usuários Q, R e S, cujas posições estão descritas pelo gráfico, são compatíveis com o usuário P, e que estes definiram raios de abrangência respectivamente iguais a 3 km, 2 km e 5 km.

![](https://enem.dev/2019/questions/169/ff47c4f5-3e9b-42b5-adf5-40b08eb93a07.jpg)",['https://enem.dev/2019/questions/169/ff47c4f5-3e9b-42b5-adf5-40b08eb93a07.jpg'],A,"Com base no gráfico e nas afirmações anteriores, em qual bar o usuário P teria a possibilidade de um match com os usuários R, R e S, simultaneamente?","[{'letter': 'A', 'text': 'I.', 'file': None, 'isCorrect': True}, {'letter': 'B', 'text': 'II.', 'file': None, 'isCorrect': False}, {'letter': 'C', 'text': 'III.', 'file': None, 'isCorrect': False}, {'letter': 'D', 'text': 'IV.', 'file': None, 'isCorrect': False}, {'letter': 'E', 'text': 'V.', 'file': None, 'isCorrect': False}]",Média,Geometria Plana,Áreas de Figuras Planas
210,Questão 170 - ENEM 2019,170,matematica,2019,"A bula de um antibiótico infantil, fabricado na forma de xarope, recomenda que sejam ministrados, diariamente, no máximo 500 mg desse medicamento para cada quilograma de massa do paciente. Um pediatra prescreveu a dosagem máxima desse antibiótico para ser ministrada diariamente a uma criança de 20 kg pelo período de 5 dias.

Esse medicamento pode ser comprado em frascos de 10 mL, 50 mL, 100 mL, 250 mL e 500 mL. Os pais dessa criança decidiram comprar a quantidade exata de medicamento que precisará ser ministrada no tratamento, evitando a sobra de medicamento.

Considere que 1 g desse medicamento ocupe um volume de 1 cm³.",[],B,"A capacidade do frasco, em mililitro, que esses pais deverão comprar é","[{'letter': 'A', 'text': '10', 'file': None, 'isCorrect': False}, {'letter': 'B', 'text': '50', 'file': None, 'isCorrect': True}, {'letter': 'C', 'text': '100', 'file': None, 'isCorrect': False}, {'letter': 'D', 'text': '250', 'file': None, 'isCorrect': False}, {'letter': 'E', 'text': '500', 'file': None, 'isCorrect': False}]",Média,Matemática Básica,Razão e Proporção / Unidades de Medida
211,Questão 171 - ENEM 2019,171,matematica,2019,"Uma empresa confecciona e comercializa um brinquedo formado por uma locomotiva, pintada na cor preta, mais 12 vagões de iguais formato e tamanho, numerados de 1 a 12. Dos 12 vagões, 4 são pintados na cor vermelha, 3 na cor azul, 3 na cor verde e 2 na cor amarela. O trem é montado utilizando-se uma locomotiva e 12 vagões, ordenados crescentemente segundo suas  numerações, conforme ilustrado na figura.

![](https://enem.dev/2019/questions/171/c821eb9f-30e3-4fe1-84e7-8522a706223d.png)",['https://enem.dev/2019/questions/171/c821eb9f-30e3-4fe1-84e7-8522a706223d.png'],E,"De acordo com as possíveis variações nas colorações dos vagões, a quantidade de trens que podem ser montados, expressa por meio de combinações, é dada por","[{'letter': 'A', 'text': 'C412 x C312 x C312 x C212', 'file': None, 'isCorrect': False}, {'letter': 'B', 'text': 'C412 + C38 + C35 + C22', 'file': None, 'isCorrect': False}, {'letter': 'C', 'text': 'C412 x 2\xa0x C38 x C25', 'file': None, 'isCorrect': False}, {'letter': 'D', 'text': 'C412 + 2\xa0+ C312 + C312', 'file': None, 'isCorrect': False}, {'letter': 'E', 'text': 'C412 x C38 x C35 x C22', 'file': None, 'isCorrect': True}]",Difícil,Combinatória e Trigonometria,Combinação
212,Questão 172 - ENEM 2019,172,matematica,2019,"O gráfico a seguir mostra a evolução mensal das vendas de certo produto de julho a novembro de 2011.

![](https://enem.dev/2019/questions/172/4edb5f3b-3acb-4c8a-8f39-bdd23d843061.png)

Sabe-se que o mês de julho foi o pior momento da empresa em 2011 e que o número de unidades vendidas desse produto em dezembro de 2011 foi igual à média aritmética do número de unidades vendidas nos meses de julho a novembro do mesmo ano.

O gerente de vendas disse, em uma reunião da diretoria, que, se essa redução no número de unidades vendidas de novembro para dezembro de 2011 se mantivesse constante nos meses subsequentes, as vendas só voltariam a ficar piores que julho de 2011 apenas no final de 2012.",['https://enem.dev/2019/questions/172/4edb5f3b-3acb-4c8a-8f39-bdd23d843061.png'],D,"O diretor financeiro rebateu imediatamente esse argumento mostrando que, mantida a tendência, isso aconteceria já em","[{'letter': 'A', 'text': 'Janeiro.', 'file': None, 'isCorrect': False}, {'letter': 'B', 'text': 'Fevereiro.', 'file': None, 'isCorrect': False}, {'letter': 'C', 'text': 'Março.', 'file': None, 'isCorrect': False}, {'letter': 'D', 'text': 'Abril.', 'file': None, 'isCorrect': True}, {'letter': 'E', 'text': 'Maio.', 'file': None, 'isCorrect': False}]",Difícil,Estatística e Probabilidade,Média / Análise de Gráficos
213,Questão 173 - ENEM 2019,173,matematica,2019,"Em um determinado ano, os computadores da receita federal de um país identificaram como inconsistentes 20% das declarações de imposto de renda que lhe foram encaminhadas.  
Uma declaração é classificada como inconsistente quando apresenta algum tipo de erro ou conflito nas informações prestadas. Essas declarações consideradas inconsistentes foram analisadas pelos auditores, que constataram que 25% delas eram fraudulentas.

Constatou-se, ainda, que, dentre as declarações que não apresentaram inconsistências, 6,25% eram fraudulentas.",[],E,"Qual é a probabilidade de, nesse ano, a declaração de um contribuinte ser considerada inconsistente, dado que ela era fraudulenta?","[{'letter': 'A', 'text': '0,0500', 'file': None, 'isCorrect': False}, {'letter': 'B', 'text': '0,1000', 'file': None, 'isCorrect': False}, {'letter': 'C', 'text': '0,1125', 'file': None, 'isCorrect': False}, {'letter': 'D', 'text': '0,3125', 'file': None, 'isCorrect': False}, {'letter': 'E', 'text': '0,5000', 'file': None, 'isCorrect': True}]",Difícil,Estatística e Probabilidade,Probabilidade Simples e Condicional
214,Questão 174 - ENEM 2019,174,matematica,2019,"A taxa de urbanização de um município é dada pela razão entre a população urbana e a população total do município (isto é, a soma das populações rural e urbana).

Os gráficos apresentam, respectivamente, a população urbana e a população rural de cinco municípios (I, II, III, IV, V) de uma mesma região estadual. Em reunião entre o governo do estado e os prefeitos desses municípios, ficou acordado que o município com maior taxa de urbanização receberá um investimento extra em infraestrutura.

![](https://enem.dev/2019/questions/174/0daf8f71-8278-440e-bd88-2dbf13acb2e0.png)",['https://enem.dev/2019/questions/174/0daf8f71-8278-440e-bd88-2dbf13acb2e0.png'],C,"Segundo o acordo, qual município receberá o investimento extra?","[{'letter': 'A', 'text': 'I.', 'file': None, 'isCorrect': False}, {'letter': 'B', 'text': 'II.', 'file': None, 'isCorrect': False}, {'letter': 'C', 'text': 'III.', 'file': None, 'isCorrect': True}, {'letter': 'D', 'text': 'IV.', 'file': None, 'isCorrect': False}, {'letter': 'E', 'text': 'V.', 'file': None, 'isCorrect': False}]",Média,Matemática Básica,Razão e Proporção
215,Questão 175 - ENEM 2019,175,matematica,2019,"Uma construtora pretende conectar um reservatório central (Rc) em formato de um cilindro, com raio interno igual a 2 m e altura interna igual a 3,30 m, a quatro reservatórios cilíndricos auxiliares (R1, R2, R3 e R4), os quais possuem raios internos e alturas internas medindo 1,5 m.

![](https://enem.dev/2019/questions/175/6eeec785-2f50-4d22-b6da-0a4570b9f881.png)

As ligações entre o reservatório central e os auxiliares são feitas por canos cilíndricos com 0,10 m de diâmetro interno e 20 m de comprimento, conectados próximos às bases de cada reservatório.  
Na conexão de cada um desses canos com o reservatório central ha registros que liberam ou interrompem o fluxo de água.

No momento em que o reservatório central está cheio e os auxiliares estão vazios, abrem-se os quatro registros e, após algum tempo, as alturas das colunas de água nos reservatórios se igualam, assim que cessa o fluxo de água entre eles, pelo princípio dos vasos comunicantes.",['https://enem.dev/2019/questions/175/6eeec785-2f50-4d22-b6da-0a4570b9f881.png'],D,"A medida, em metro, das alturas das colunas de água nos reservatórios auxiliares, após cessar o fluxo de água entre eles, é","[{'letter': 'A', 'text': '1,44.', 'file': None, 'isCorrect': False}, {'letter': 'B', 'text': '1,16', 'file': None, 'isCorrect': False}, {'letter': 'C', 'text': '1,10.', 'file': None, 'isCorrect': False}, {'letter': 'D', 'text': '1,00.', 'file': None, 'isCorrect': True}, {'letter': 'E', 'text': '0,95.', 'file': None, 'isCorrect': False}]",Difícil,Geometria Espacial,"Volume e Área de Prismas, Cilindros, Cones, Pirâmides e Esferas"
216,Questão 176 - ENEM 2019,176,matematica,2019,"Para construir uma piscina, cuja área total da superfície interna é igual a 40 m², uma construtora apresentou o seguinte orçamento:

• R$ 10 000,00 pela elaboração do projeto;

• R$ 40 000,00 pelos custos fixos;

• R$ 2 500,00 por metro quadrado para construção da área interna da piscina.

Após a apresentação do orçamento, essa empresa decidiu reduzir o valor de elaboração do projeto em 50%, mas recalculou o valor do metro quadrado para a construção da área interna da piscina, concluindo haver a necessidade de aumentá-lo em 25%. Além disso, a construtora pretende dar um desconto nos custos fixos, de maneira que o novo valor do orçamento seja reduzido em 10% em relação ao total inicial.",[],D,O percentual de desconto que a construtora deverá conceder nos custos fixos é de,"[{'letter': 'A', 'text': '23,3%.', 'file': None, 'isCorrect': False}, {'letter': 'B', 'text': '25,0%.', 'file': None, 'isCorrect': False}, {'letter': 'C', 'text': '50,0%.', 'file': None, 'isCorrect': False}, {'letter': 'D', 'text': '87,5%.', 'file': None, 'isCorrect': True}, {'letter': 'E', 'text': '100,0%.', 'file': None, 'isCorrect': False}]",Difícil,Matemática Básica,Porcentagem
217,Questão 177 - ENEM 2019,177,matematica,2019,"Um grupo de engenheiros está projetando um motor cujo esquema de deslocamento vertical do pistão dentro da câmara de combustão esta representado na figura.

descreve como varia a altura h, medida em centímetro, da parte superior do pistão dentro da câmara de combustão, em função do tempo t, medido em segundo. Nas figuras estão indicadas as alturas do pistão em dois instantes distintos.

O valor do parâmetro β, que é dado por um número inteiro positivo, está relacionado com a velocidade de deslocamento do pistão. Para que o motor tenha uma boa potência, é necessário e suficiente que, em menos de 4 segundos após o início do funcionamento (instante t = 0), a altura da base do pistão alcance por três vezes o valor de 6 cm.

Para os cálculos, utilize 3 como aproximação para π.

![](https://enem.dev/2019/questions/177/000e6ab5-5267-4411-a21d-3c05d89f2832.png)",['https://enem.dev/2019/questions/177/000e6ab5-5267-4411-a21d-3c05d89f2832.png'],D,"O menor valor inteiro a ser atribuído ao parâmetro β, de forma que o motor a ser construído tenha boa potência, é","[{'letter': 'A', 'text': '1.', 'file': None, 'isCorrect': False}, {'letter': 'B', 'text': '2.', 'file': None, 'isCorrect': False}, {'letter': 'C', 'text': '4.', 'file': None, 'isCorrect': False}, {'letter': 'D', 'text': '5.', 'file': None, 'isCorrect': True}, {'letter': 'E', 'text': '8.', 'file': None, 'isCorrect': False}]",Difícil,Álgebra e Funções,Equações e Funções de 1º e 2º Grau
218,Questão 178 - ENEM 2019,178,matematica,2019,"Um comerciante, que vende somente pastel, refrigerante em lata e caldo de cana em copos, fez um levantamento das vendas realizadas durante a semana. O resultado desse levantamento está apresentado no gráfico.

![](https://enem.dev/2019/questions/178/91a4ab56-2851-496f-9121-d38813d52781.png)

Ele estima que venderá, em cada dia da próxima semana, uma quantidade de refrigerante em lata igual à soma das quantidades de refrigerante em lata e caldo de cana em copos vendidas no respectivo dia da ultima semana.

Quanto aos pastéis, estima vender, a cada dia da próxima semana, uma quantidade igual à quantidade de refrigerante em lata que prevê vender em tal dia. Já para o número de caldo de cana em copos, estima que as vendas diárias serão iguais às da ultima semana.",['https://enem.dev/2019/questions/178/91a4ab56-2851-496f-9121-d38813d52781.png'],B,"Segundo essas estimativas, a quantidade a mais de pastéis que esse comerciante deve vender na próxima semana é","[{'letter': 'A', 'text': '20.', 'file': None, 'isCorrect': False}, {'letter': 'B', 'text': '27.', 'file': None, 'isCorrect': True}, {'letter': 'C', 'text': '44.', 'file': None, 'isCorrect': False}, {'letter': 'D', 'text': '55.', 'file': None, 'isCorrect': False}, {'letter': 'E', 'text': '71.', 'file': None, 'isCorrect': False}]",Média,Estatística e Probabilidade,Análise de Gráficos/Tabelas
219,Questão 179 - ENEM 2019,179,matematica,2019,"Nos seis cômodos de uma casa há sensores de presença posicionados de forma que a luz de cada cômodo acende assim que uma pessoa nele adentra, e apaga assim que a pessoa se retira desse cômodo. Suponha que o acendimento e o desligamento sejam instantâneos.

O morador dessa casa visitou alguns desses cômodos, ficando exatamente um minuto em cada um deles. O gráfico descreve o consumo acumulado de energia, em watt x minuto, em função do tempo t, em minuto, das lâmpadas de LED dessa casa, enquanto a figura apresenta a planta baixa da casa, na qual os cômodos estão numerados de 1 a 6, com as potências das respectivas lâmpadas indicadas.

![](https://enem.dev/2019/questions/179/3c23edf9-5531-4ae5-b328-9b0a6b31fdc1.png)",['https://enem.dev/2019/questions/179/3c23edf9-5531-4ae5-b328-9b0a6b31fdc1.png'],A,"A sequência de deslocamento pelos cômodos, conforme o consumo de energia apresentado no gráfico, é","[{'letter': 'A', 'text': '1 → 4 → 5 → 4 → 1 → 6 → 1 → 4', 'file': None, 'isCorrect': True}, {'letter': 'B', 'text': '1 → 2 → 3 → 1 → 4 → 1 → 4 → 4', 'file': None, 'isCorrect': False}, {'letter': 'C', 'text': '1 → 4 → 5 → 4 → 1 → 6 → 1 → 2 → 3', 'file': None, 'isCorrect': False}, {'letter': 'D', 'text': '1 → 2 → 3 → 5 → 4 → 1 → 6 → 1 → 4', 'file': None, 'isCorrect': False}, {'letter': 'E', 'text': '1 → 4 → 2 → 3 → 5 → 1 → 6 → 1 → 4', 'file': None, 'isCorrect': False}]",Média,Estatística e Probabilidade,Análise de Gráficos/Tabelas
220,Questão 180 - ENEM 2019,180,matematica,2019,"Um casal planejou uma viagem e definiu como teto para o gasto diário um valor de até R$ 1 000,00. Antes de decidir o destino da viagem, fizeram uma pesquisa sobre a taxa de câmbio vigente para as moedas de cinco países que desejavam visitar e também sobre as estimativas de gasto diário em cada um, com o objetivo de escolher o destino que apresentasse o menor custo diário em real.

O quadro mostra os resultados obtidos com a pesquisa realizada.

![](https://enem.dev/2019/questions/180/8813c78d-9c4b-4850-bbd4-f5591bd28537.png)",['https://enem.dev/2019/questions/180/8813c78d-9c4b-4850-bbd4-f5591bd28537.png'],A,"Nessas condições, qual será o destino escolhido para a viagem?","[{'letter': 'A', 'text': 'Austrália.', 'file': None, 'isCorrect': True}, {'letter': 'B', 'text': 'Canadá.', 'file': None, 'isCorrect': False}, {'letter': 'C', 'text': 'EUA.', 'file': None, 'isCorrect': False}, {'letter': 'D', 'text': 'França.', 'file': None, 'isCorrect': False}, {'letter': 'E', 'text': 'Reino Unido.', 'file': None, 'isCorrect': False}]",Fácil,Matemática Básica,Razão e Proporção
221,Questão 136 - ENEM 2018,136,ciencias-humanas,2018,"A Transferência Eletrônica Disponível (TED) é uma transação financeira de valores entre diferentes bancos. Um economista decide analisar os valores enviados por meio de TEDs entre cinco bancos (1, 2, 3, 4 e 5) durante um mês. Para isso, ele dispõe esses  valores em uma matriz A = \[aij\], em que ![1 \leq i \leq 5](https://enem.dev/2018/questions/136/23c2a29c-f447-4817-ac9b-03321d6090a0.latex) e ![1 \leq j \leq 5](https://enem.dev/2018/questions/136/c8fdaeee-1c56-433d-a4dc-b2c1e43a94a4.latex), e o elemento aij corresponde ao total proveniente das operações feitas via TED, em milhão de real, transferidos do banco _i_ para o banco _j_ durante o mês. Observe que os elementos a_ij_ \= 0, uma vez que TED é uma transferência entre bancos distintos. Esta é a matriz obtida para essa análise:

![](https://enem.dev/2018/questions/136/d3c26019-2157-4edf-8f8b-6e53f876deab.png)","['https://enem.dev/2018/questions/136/23c2a29c-f447-4817-ac9b-03321d6090a0.latex', 'https://enem.dev/2018/questions/136/c8fdaeee-1c56-433d-a4dc-b2c1e43a94a4.latex', 'https://enem.dev/2018/questions/136/d3c26019-2157-4edf-8f8b-6e53f876deab.png']",A,"Com base nessas informações, o banco que transferiu a maior quantia via TED é o banco","[{'letter': 'A', 'text': '1.', 'file': None, 'isCorrect': True}, {'letter': 'B', 'text': '2.', 'file': None, 'isCorrect': False}, {'letter': 'C', 'text': '3.', 'file': None, 'isCorrect': False}, {'letter': 'D', 'text': '4.', 'file': None, 'isCorrect': False}, {'letter': 'E', 'text': '5.', 'file': None, 'isCorrect': False}]",Fácil,Matemática Básica,Análise de Gráficos/Tabelas
222,Questão 137 - ENEM 2018,137,matematica,2018,"Um contrato de empréstimo prevê que quando uma parcela é paga de forma antecipada, conceder-se-á uma redução de juros de acordo com o período de antecipação. Nesse caso, paga-se o valor presente, que é o valor, naquele momento, de uma quantia que deveria ser paga em uma data futura. Um valor presente _P_ submetido a juros compostos com taxa _i_, por um período de tempo _n_, produz um valor futuro _V_ determinado pela fórmula:

![](https://enem.dev/2018/questions/137/477c2dff-f10a-4655-bf0c-8a3babc99e12.png)

Em um contrato de empréstimo com sessenta parcelas fixas mensais, de R$820,00, a uma taxa de juros de 1,32% ao mês, junto com a trigésima parcela será paga antecipadamente uma outra parcela, desde que o desconto seja superior a 25% do valor da parcela.

Utilize 0,2877 como aproximação para In ![](https://enem.dev/2018/questions/137/2061f394-d117-48f8-a334-f76269a6c036.png) e 0,0131 como aproximação para In (1,0132).","['https://enem.dev/2018/questions/137/477c2dff-f10a-4655-bf0c-8a3babc99e12.png', 'https://enem.dev/2018/questions/137/2061f394-d117-48f8-a334-f76269a6c036.png']",C,A primeira das parcelas que poderá ser antecipada junto com a 30ª é a,"[{'letter': 'A', 'text': '56ª', 'file': None, 'isCorrect': False}, {'letter': 'B', 'text': '55ª', 'file': None, 'isCorrect': False}, {'letter': 'C', 'text': '52ª', 'file': None, 'isCorrect': True}, {'letter': 'D', 'text': '51ª', 'file': None, 'isCorrect': False}, {'letter': 'E', 'text': '45ª', 'file': None, 'isCorrect': False}]",Difícil,Álgebra e Funções,Funções Exponenciais e Logarítmicas
223,Questão 138 - ENEM 2018,138,matematica,2018,"Um jogo pedagógico utiliza-se de uma interface algébrico-geométrica do seguinte modo: os alunos devem eliminar os pontos do plano cartesiano dando “tiros”, seguindo trajetórias que devem passar pelos pontos escolhidos. Para dar os tiros, o aluno deve escrever em uma janela do programa a equação cartesiana de uma reta ou de uma circunferência que passa pelos pontos e pela origem do sistema de coordenadas. Se o tiro for dado por meio da equação da circunferência, cada ponto diferente da origem que for atingido vale 2 pontos. Se o tiro for dado por meio da equação de uma reta, cada ponto diferente da origem que for atingido vale 1 ponto. Em uma situação de jogo, ainda restam os  seguintes pontos para serem eliminados: A(0 ; 4), 6(4 ; 4), C(4 ; 0), D(2 ; 2) e E(0; 2).

![](https://enem.dev/2018/questions/138/da8a254c-332c-4417-b998-1bde73398c79.png)",['https://enem.dev/2018/questions/138/da8a254c-332c-4417-b998-1bde73398c79.png'],E,"Passando pelo ponto A, qual equação forneceria a maior pontuação?","[{'letter': 'A', 'text': 'X = 0', 'file': None, 'isCorrect': False}, {'letter': 'B', 'text': 'Y = 0', 'file': None, 'isCorrect': False}, {'letter': 'C', 'text': 'X² + y² =16', 'file': None, 'isCorrect': False}, {'letter': 'D', 'text': 'X² + (y-2)² = 4', 'file': None, 'isCorrect': False}, {'letter': 'E', 'text': '(x -2 )² + ( y - 2 )² = 8', 'file': None, 'isCorrect': True}]",Difícil,Álgebra e Funções,Equações e Funções de 1º e 2º Grau
224,Questão 139 - ENEM 2018,139,matematica,2018,"Sobre um sistema cartesiano considera-se uma malha formada por circunferências de raios com medidas dadas por números naturais e por 12 semirretas com extremidades na origem, separadas por ângulos de ![](https://enem.dev/2018/questions/139/d84b3e68-0894-4239-a9ec-c8e469562e5c.png) conforme a figura.

![](https://enem.dev/2018/questions/139/156b89f8-d720-4f70-a5d9-81bbfe878262.png)

Suponha que os objetos se desloquem apenas pelas semirretas e pelas circunferências dessa malha, não podendo passar pela origem (0;0).  
Considere o valor de _π_ com aproximação de, pelo menos, uma casa decimal.","['https://enem.dev/2018/questions/139/d84b3e68-0894-4239-a9ec-c8e469562e5c.png', 'https://enem.dev/2018/questions/139/156b89f8-d720-4f70-a5d9-81bbfe878262.png']",A,"Para realizar o percurso mais curto possível ao longo da malha, do ponto B até o ponto A, um objeto deve percorrer uma distância igual a:","[{'letter': 'A', 'text': None, 'file': 'https://enem.dev/2018/questions/139/1d1d2cb9-d3f2-40bd-8788-ceb1aaaf1252.png', 'isCorrect': True}, {'letter': 'B', 'text': None, 'file': 'https://enem.dev/2018/questions/139/3d56d354-9153-49b1-bfe6-34dba6a2b043.png', 'isCorrect': False}, {'letter': 'C', 'text': None, 'file': 'https://enem.dev/2018/questions/139/6adf9c16-37c7-4686-89e7-dc05a22c1a47.png', 'isCorrect': False}, {'letter': 'D', 'text': None, 'file': 'https://enem.dev/2018/questions/139/8161d961-7997-4971-b30d-427924fc0ac8.png', 'isCorrect': False}, {'letter': 'E', 'text': None, 'file': 'https://enem.dev/2018/questions/139/aa89cb88-6296-4a65-8d57-ebe259edc4b0.png', 'isCorrect': False}]",Média,Geometria Plana,Áreas de Figuras Planas (Círculos)
225,Questão 140 - ENEM 2018,140,ciencias-natureza,2018,"Um artesão possui potes cilíndricos de tinta cujas medidas externas são 4 cm de diâmetro e 6 cm de altura. Ele pretende adquirir caixas organizadoras para armazenar seus potes de tinta, empilhados verticalmente com tampas voltadas para cima, de forma que as caixas possam ser fechadas. No mercado,  existem cinco opções de caixas organizadoras, com tampa, em formato de  paralelepípedo reto retângulo, vendidas pelo mesmo preço, possuindo as seguintes dimensões internas:

![](https://enem.dev/2018/questions/140/14af8ae1-e147-45e4-85d1-1b26d33a047e.png)",['https://enem.dev/2018/questions/140/14af8ae1-e147-45e4-85d1-1b26d33a047e.png'],D,Qual desses modelos o artesão deve adquirir para conseguir armazenar o maior número de potes por caixa?,"[{'letter': 'A', 'text': 'I', 'file': None, 'isCorrect': False}, {'letter': 'B', 'text': 'II', 'file': None, 'isCorrect': False}, {'letter': 'C', 'text': 'III', 'file': None, 'isCorrect': False}, {'letter': 'D', 'text': 'IV', 'file': None, 'isCorrect': True}, {'letter': 'E', 'text': 'V', 'file': None, 'isCorrect': False}]",Média,Geometria Espacial,Volume e Área de Prismas / Unidades de Medida e Vazão
226,Questão 141 - ENEM 2018,141,matematica,2018,"A prefeitura de um pequeno município do interior decide colocar postes para  iluminação ao longo de uma estrada retilínea, que inicia em uma praça central e termina numa fazenda na zona rural. Como a praça já possui iluminação, o primeiro poste será colocado a 80 metros da praça, o segundo, a 100 metros, o terceiro, a 120 metros, e assim sucessivamente, mantendo-se sempre uma distância de vinte metros entre os postes, até que o último poste seja colocado a uma distância de 1 380 metros da praça.",[],C,"Se a prefeitura pode pagar, no máximo, R$ 8 000,00 por poste colocado, o maior valor que poderá gastar com a colocação desses postes é","[{'letter': 'A', 'text': 'R$512 000,00.', 'file': None, 'isCorrect': False}, {'letter': 'B', 'text': 'R$520 000,00.', 'file': None, 'isCorrect': False}, {'letter': 'C', 'text': 'R$528 000,00.', 'file': None, 'isCorrect': True}, {'letter': 'D', 'text': 'R$552 000,00.', 'file': None, 'isCorrect': False}, {'letter': 'E', 'text': 'R$584 000,00.', 'file': None, 'isCorrect': False}]",Média,Álgebra e Funções,Progressão Aritmética (PA) e Geométrica (PG)
227,Questão 142 - ENEM 2018,142,ciencias-natureza,2018,"De acordo com a Lei Universal da Gravitação, proposta por Isaac Newton, a intensidade da força gravitacional _F_ que a Terra exerce sobre um satélite em órbita circular é proporcional à massa _m_ do satélite e inversamente proporcional ao quadrado do raio r da órbita, ou seja,

![](https://enem.dev/2018/questions/142/dc1a457c-9fe4-4646-b999-1da5174f0402.png)

No plano cartesiano, três satélites, A, B e C, estão representados, cada um, por um ponto (m ; r) cujas coordenadas são, respectivamente, a massa do satélite e o raio da sua órbita em torno da Terra.

![](https://enem.dev/2018/questions/142/e0273eee-f427-4e03-8aba-d467449a753c.png)

Com base nas posições relativas dos pontos no gráfico, deseja-se comparar as intensidades ![](https://enem.dev/2018/questions/142/d3968814-fa4b-40eb-921d-9b874a4e1392.png) da força gravitacional que a Terra exerce sobre os satélites A, B e C, respectivamente.","['https://enem.dev/2018/questions/142/dc1a457c-9fe4-4646-b999-1da5174f0402.png', 'https://enem.dev/2018/questions/142/e0273eee-f427-4e03-8aba-d467449a753c.png', 'https://enem.dev/2018/questions/142/d3968814-fa4b-40eb-921d-9b874a4e1392.png']",E,As intensidades  expressas no gráfico satisfazem a relação,"[{'letter': 'A', 'text': None, 'file': 'https://enem.dev/2018/questions/142/993e8313-806c-473d-8428-0b3492e00ac1.png', 'isCorrect': False}, {'letter': 'B', 'text': None, 'file': 'https://enem.dev/2018/questions/142/195a22d0-866c-4e0e-8f3c-a7a8ba722a6f.png', 'isCorrect': False}, {'letter': 'C', 'text': None, 'file': 'https://enem.dev/2018/questions/142/60ef05e0-6434-4896-a3ac-8b276be82837.png', 'isCorrect': False}, {'letter': 'D', 'text': None, 'file': 'https://enem.dev/2018/questions/142/afd76d6b-e678-477b-ac84-be18a9bfb155.png', 'isCorrect': False}, {'letter': 'E', 'text': None, 'file': 'https://enem.dev/2018/questions/142/1f581f02-617c-46ec-8e9d-dca345861942.png', 'isCorrect': True}]",Média,Matemática Básica,Razão e Proporção
228,Questão 143 - ENEM 2018,143,matematica,2018,"Os tipos de prata normalmente vendidos são 975, 950 e 925. Essa classificação é feita de acordo com a sua pureza. Por exemplo, a prata 975 é a substância constituída de 975 partes de prata pura e 25 partes de cobre em 1 000 partes da substância. Já a prata 950 é constituída de 950 partes de prata pura e 50 de cobre em 1 000; e a prata 925 é constituída de 925 partes de prata pura e 75 partes de cobre em 1 000. Um ourives possui 10 gramas de prata 925 e deseja obter 40 gramas de prata 950 para produção de uma joia.",[],B,"Nessas condições, quantos gramas de prata e de cobre, respectivamente, devem ser fundidos com os 10 gramas de prata 925?","[{'letter': 'A', 'text': '29,25 e 0,75', 'file': None, 'isCorrect': False}, {'letter': 'B', 'text': '28,75 e 1,25', 'file': None, 'isCorrect': True}, {'letter': 'C', 'text': '28,50 e 1,50', 'file': None, 'isCorrect': False}, {'letter': 'D', 'text': '27,75 e 2,25', 'file': None, 'isCorrect': False}, {'letter': 'E', 'text': '25,00 e 5,00', 'file': None, 'isCorrect': False}]",Média,Matemática Básica,Razão e Proporção
229,Questão 144 - ENEM 2018,144,matematica,2018,"Em um aeroporto, os passageiros devem submeter suas bagagens a uma das cinco máquinas de raio-X disponíveis ao adentrarem a sala de embarque. Num dado instante, o tempo gasto por essas máquinas para escanear a bagagem de cada passageiro e o número de pessoas presentes em cada fila estão apresentados em um painel, como mostrado na figura.

![](https://enem.dev/2018/questions/144/c95def0f-e520-4774-9ff2-00ab5e8ab0c1.png)",['https://enem.dev/2018/questions/144/c95def0f-e520-4774-9ff2-00ab5e8ab0c1.png'],B,"Um passageiro, ao chegar à sala de embarque desse aeroporto no instante indicado, visando esperar o menor tempo possível, deverá se dirigir à máquina","[{'letter': 'A', 'text': '1.', 'file': None, 'isCorrect': False}, {'letter': 'B', 'text': '2.', 'file': None, 'isCorrect': True}, {'letter': 'C', 'text': '3.', 'file': None, 'isCorrect': False}, {'letter': 'D', 'text': '4.', 'file': None, 'isCorrect': False}, {'letter': 'E', 'text': '5.', 'file': None, 'isCorrect': False}]",Fácil,Matemática Básica,Razão e Proporção
230,Questão 145 - ENEM 2018,145,matematica,2018,"A Comissão Interna de Prevenção de Acidentes (CIPA) de uma empresa,  observando os altos custos com os frequentes acidentes de trabalho ocorridos, fez, a pedido da diretoria, uma pesquisa do número de acidentes sofridos por funcionários. Essa pesquisa, realizada com uma amostra de 100 funcionários, norteará as ações da empresa na política de segurança no trabalho.  
Os resultados obtidos estão no quadro.

![](https://enem.dev/2018/questions/145/bc57dd00-a683-42ea-95a4-b3ffd7949f55.png)",['https://enem.dev/2018/questions/145/bc57dd00-a683-42ea-95a4-b3ffd7949f55.png'],D,A média do número de acidentes por funcionário na amostra que a CIPA apresentará à diretoria da empresa é,"[{'letter': 'A', 'text': '0,15.', 'file': None, 'isCorrect': False}, {'letter': 'B', 'text': '0,30.', 'file': None, 'isCorrect': False}, {'letter': 'C', 'text': '0,50.', 'file': None, 'isCorrect': False}, {'letter': 'D', 'text': '1,11.', 'file': None, 'isCorrect': True}, {'letter': 'E', 'text': '2,22.', 'file': None, 'isCorrect': False}]",Fácil,Estatística e Probabilidade,Média (Aritmética/Ponderada)
231,Questão 146 - ENEM 2018,146,matematica,2018,"Numa atividade de treinamento realizada no Exército de um determinado país, três equipes – Alpha, Beta e Gama – foram designadas a percorrer diferentes caminhos, todos com os mesmos pontos de partida e de chegada.  
• A equipe Alpha realizou seu percurso em 90 minutos com uma velocidade média de 6,0 km/h.  
• A equipe Beta também percorreu sua trajetória em 90 minutos, mas sua velocidade média foi de 5,0 km/h.  
• Com uma velocidade média de 6,5 km/h, a equipe Gama concluiu seu caminho em 60 minutos.  
Com base nesses dados, foram comparadas as distâncias ![](https://enem.dev/2018/questions/146/fb3e90c2-53bf-4913-98a9-f14b290c135d.png) percorridas pelas três equipes.",['https://enem.dev/2018/questions/146/fb3e90c2-53bf-4913-98a9-f14b290c135d.png'],A,"A ordem das distâncias percorridas pelas equipes Alpha, Beta e Gama é","[{'letter': 'A', 'text': None, 'file': 'https://enem.dev/2018/questions/146/1fb8607c-0374-442f-a914-d45118679f4f.png', 'isCorrect': True}, {'letter': 'B', 'text': None, 'file': 'https://enem.dev/2018/questions/146/9652da77-3886-44df-909f-c3a7f1cc66d7.png', 'isCorrect': False}, {'letter': 'C', 'text': None, 'file': 'https://enem.dev/2018/questions/146/94830fa5-25d8-499d-a527-501c1c28c8cb.png', 'isCorrect': False}, {'letter': 'D', 'text': None, 'file': 'https://enem.dev/2018/questions/146/03f32730-2de7-4b08-a122-d4dc42b8bcce.png', 'isCorrect': False}, {'letter': 'E', 'text': None, 'file': 'https://enem.dev/2018/questions/146/f9dece31-c3d4-4018-adce-a72296ef5aaa.png', 'isCorrect': False}]",Média,Matemática Básica,Razão e Proporção
232,Questão 147 - ENEM 2018,147,matematica,2018,"O colesterol total de uma pessoa é obtido pela soma da taxa do seu “colesterol bom” com a taxa do seu “colesterol ruim”. Os exames periódicos, realizados em um paciente adulto, apresentaram taxa normal de “colesterol bom”, porém, taxa do “colesterol ruim” (também chamado LDL) de 280 mg/dL. O quadro apresenta uma classificação de acordo com as taxas de LDL em adultos.

![](https://enem.dev/2018/questions/147/38704883-6fae-4379-b321-b5d918656a3a.png)

O paciente, seguindo as recomendações médicas sobre estilo de vida e alimentação, realizou o exame logo após o primeiro mês, e a taxa de LDL reduziu 25%. No mês seguinte, realizou novo exame e constatou uma redução de mais 20% na taxa de LDL.",['https://enem.dev/2018/questions/147/38704883-6fae-4379-b321-b5d918656a3a.png'],D,"De acordo com o resultado do segundo exame, a classificação da taxa de LDL do paciente é","[{'letter': 'A', 'text': 'Ótima.', 'file': None, 'isCorrect': False}, {'letter': 'B', 'text': 'Próxima de ótima.', 'file': None, 'isCorrect': False}, {'letter': 'C', 'text': 'Limite', 'file': None, 'isCorrect': False}, {'letter': 'D', 'text': 'Alta.', 'file': None, 'isCorrect': True}, {'letter': 'E', 'text': 'Muito alta.', 'file': None, 'isCorrect': False}]",Média,Matemática Básica,Porcentagem
233,Questão 148 - ENEM 2018,148,matematica,2018,"Uma empresa deseja iniciar uma campanha publicitária divulgando uma promoção para seus possíveis consumidores. Para esse tipo de campanha, os meios mais viáveis são a distribuição de panfletos na rua e anúncios na rádio local. Considera-se que a população alcançada pela distribuição de panfletos seja igual ã quantidade de panfletos distribuídos, enquanto que a alcançada por um anúncio na rádio seja igual à quantidade de ouvintes desse anúncio. O custo de cada anúncio na rádio é de R$ 120,00, e a estimativa é de que seja ouvido por 1 500 pessoas. Já a produção e a distribuição dos panfletos custam R$ 180,00 cada 1 000 unidades. Considerando que cada pessoa será alcançada por um único desses meios de divulgação, a empresa pretende investir em ambas as mídias.

Considere X e Y os valores (em real) gastos em anúncios na rádio e com panfletos, respectivamente.",[],A,O número de pessoas alcançadas pela campanha será dado pela expressão,"[{'letter': 'A', 'text': None, 'file': 'https://enem.dev/2018/questions/148/815e56d4-7cf2-461e-b709-d3b3cc046213.png', 'isCorrect': True}, {'letter': 'B', 'text': None, 'file': 'https://enem.dev/2018/questions/148/a81a1d03-16e2-4934-8f48-901d1c2c8d0a.png', 'isCorrect': False}, {'letter': 'C', 'text': None, 'file': 'https://enem.dev/2018/questions/148/3b53ea9e-c3b3-47f1-a112-d94a02a89929.png', 'isCorrect': False}, {'letter': 'D', 'text': None, 'file': 'https://enem.dev/2018/questions/148/69efff97-2140-4f41-a084-51cb3aa9d1fb.png', 'isCorrect': False}, {'letter': 'E', 'text': None, 'file': 'https://enem.dev/2018/questions/148/4f37fa96-41c0-48d4-b071-319fe84388a3.png', 'isCorrect': False}]",Média,Matemática Básica,Razão e Proporção
234,Questão 149 - ENEM 2018,149,matematica,2018,"A inclinação de uma rampa é calculada da seguinte maneira: para cada metro medido na horizontal, mede-se x centímetros na vertical. Diz-se, nesse caso, que a rampa tem inclinação de x%, como no exemplo da figura:

![](https://enem.dev/2018/questions/149/7cd35de7-0953-4f3c-81c7-91d49f3e2f05.png)

A figura apresenta um projeto de uma rampa de acesso a uma garagem residencial cuja base, situada 2 metros abaixo do nível da rua, tem 8 metros de comprimento.

![](https://enem.dev/2018/questions/149/f33abdb8-3adb-4c94-8a4f-6e477d249440.png)

Depois de projetada a rampa, o responsável pela obra foi informado de que as normas técnicas do município onde ela está localizada exigem que a inclinação máxima de uma rampa de acesso a uma garagem residencial seja de 20%.  
Se a rampa projetada tiver inclinação superior a 20%, o nível da garagem deverá ser alterado para diminuir o percentual de inclinação, mantendo o comprimento da base da rampa.","['https://enem.dev/2018/questions/149/7cd35de7-0953-4f3c-81c7-91d49f3e2f05.png', 'https://enem.dev/2018/questions/149/f33abdb8-3adb-4c94-8a4f-6e477d249440.png']",A,"Para atender às normas técnicas do município, o nível da garagem deverá ser","[{'letter': 'A', 'text': 'Elevado em 40 cm.', 'file': None, 'isCorrect': True}, {'letter': 'B', 'text': 'Elevado em 50 cm.', 'file': None, 'isCorrect': False}, {'letter': 'C', 'text': 'Mantido no mesmo nível.', 'file': None, 'isCorrect': False}, {'letter': 'D', 'text': 'Rebaixado em 40 cm.', 'file': None, 'isCorrect': False}, {'letter': 'E', 'text': 'Rebaixado em 50 cm.', 'file': None, 'isCorrect': False}]",Média,Matemática Básica,Razão e Proporção
235,Questão 150 - ENEM 2018,150,matematica,2018,"Para ganhar um prêmio, uma pessoa deverá retirar, sucessivamente e sem reposição, duas bolas pretas de uma mesma urna.  
Inicialmente, as quantidades e cores das bolas são como descritas a seguir:  
• Urna A – Possui três bolas brancas, duas bolas pretas e uma bola verde;  
• Urna B – Possui seis bolas brancas, três bolas pretas e uma bola verde;  
• Urna C – Possui duas bolas pretas e duas bolas verdes;  
• Urna D – Possui três bolas brancas e três bolas pretas.  
A pessoa deve escolher uma entre as cinco opções apresentadas:  
• Opção 1 – Retirar, aleatoriamente, duas bolas da urna A;  
• Opção 2 – Retirar, aleatoriamente, duas bolas da urna B;  
• Opção 3 – Passar, aleatoriamente, uma bola da urna C para a urna A; após isso, retirar, aleatoriamente, duas bolas da urna A;  
• Opção 4 – Passar, aleatoriamente, uma bola da urna D para a urna C; após isso, retirar, aleatoriamente, duas bolas da urna C;  
• Opção 5 – Passar, aleatoriamente, uma bola da urna C para a urna D; após isso, retirar, aleatoriamente, duas bolas da urna D.",[],E,"Com o objetivo de obter a maior probabilidade possível de ganhar o prêmio, a pessoa deve escolher a opção","[{'letter': 'A', 'text': '1.', 'file': None, 'isCorrect': False}, {'letter': 'B', 'text': '2.', 'file': None, 'isCorrect': False}, {'letter': 'C', 'text': '3.', 'file': None, 'isCorrect': False}, {'letter': 'D', 'text': '4.', 'file': None, 'isCorrect': False}, {'letter': 'E', 'text': '5.', 'file': None, 'isCorrect': True}]",Difícil,Estatística e Probabilidade,Probabilidade Simples e Condicional
236,Questão 151 - ENEM 2018,151,matematica,2018,"A Ecofont possui _design_ baseado na velha fonte Vera Sans. Porém, ela tem um diferencial: pequenos buraquinhos circulares congruentes, e em todo o seu corpo, presentes em cada símbolo. Esses furos proporcionam um gasto de tinta menor na hora da impressão.

![](https://enem.dev/2018/questions/151/e405bd59-e5e2-4ca8-885b-52cd9a249d2d.png)

Suponha que a palavra ECO esteja escrita nessa fonte, com tamanho 192, e que seja composta por letras formadas por quadrados de lados x com furos circulares de raio ![](https://enem.dev/2018/questions/151/57de2d97-79b3-412f-b898-74d8da95dc5f.png) Para que a área a ser pintada seja reduzida a ![](https://enem.dev/2018/questions/151/54cbb144-7f20-4ae7-aeb6-f1d179294f74.png) da área inicial, pretende-se reduzir o tamanho da fonte. Sabe-se que, ao alterar o tamanho da fonte, o tamanho da letra é alterado na mesma proporção.","['https://enem.dev/2018/questions/151/e405bd59-e5e2-4ca8-885b-52cd9a249d2d.png', 'https://enem.dev/2018/questions/151/57de2d97-79b3-412f-b898-74d8da95dc5f.png', 'https://enem.dev/2018/questions/151/54cbb144-7f20-4ae7-aeb6-f1d179294f74.png']",B,"Nessas condições, o tamanho adequado da fonte será","[{'letter': 'A', 'text': '64.', 'file': None, 'isCorrect': False}, {'letter': 'B', 'text': '48.', 'file': None, 'isCorrect': True}, {'letter': 'C', 'text': '24.', 'file': None, 'isCorrect': False}, {'letter': 'D', 'text': '21.', 'file': None, 'isCorrect': False}, {'letter': 'E', 'text': '12.', 'file': None, 'isCorrect': False}]",Difícil,Geometria Plana,Áreas de Figuras Planas
237,Questão 152 - ENEM 2018,152,matematica,2018,"Para criar um logotipo, um profissional da área de _design_ gráfico deseja construí-lo utilizando o conjunto de pontos do plano na forma de um triângulo,  exatamente como mostra a imagem.

![](https://enem.dev/2018/questions/152/30a16007-c0c0-48d8-afa8-5a4b353de0ab.png)

Para construir tal imagem utilizando uma ferramenta gráfica, será necessário escrever algebricamente o conjunto que representa os pontos desse gráfico.",['https://enem.dev/2018/questions/152/30a16007-c0c0-48d8-afa8-5a4b353de0ab.png'],B,Esse conjunto é dado pelos pares ordenados tais que,"[{'letter': 'A', 'text': None, 'file': 'https://enem.dev/2018/questions/152/ba7275fc-dc07-4b42-94d6-da6c53844fa8.png', 'isCorrect': False}, {'letter': 'B', 'text': None, 'file': 'https://enem.dev/2018/questions/152/fea69a4e-b568-4a4e-a2a3-bf30a6e8d34c.png', 'isCorrect': True}, {'letter': 'C', 'text': None, 'file': 'https://enem.dev/2018/questions/152/a3a18021-6219-406f-81a0-8057aceea09e.png', 'isCorrect': False}, {'letter': 'D', 'text': None, 'file': 'https://enem.dev/2018/questions/152/37ae63c0-96c9-40d4-b88f-75223b31607a.png', 'isCorrect': False}, {'letter': 'E', 'text': None, 'file': 'https://enem.dev/2018/questions/152/e9743309-471e-43e8-a2de-71d1739329df.png', 'isCorrect': False}]",Difícil,Álgebra e Funções,Equações e Funções de 1º Grau
238,Questão 153 - ENEM 2018,153,matematica,2018,"A figura mostra uma praça circular que contém um chafariz em seu centro e, em seu entorno, um passeio. Os círculos que definem a praça e o chafariz são concêntricos.

![](https://enem.dev/2018/questions/153/222ea15d-d436-4e73-8297-5e4a490f851a.png)

O passeio terá seu piso revestido com ladrilhos. Sem condições de calcular os raios, pois o chafariz está cheio, um engenheiro fez a seguinte medição: esticou uma trena tangente ao chafariz, medindo a distância entre dois pontos _A_ e _B_, conforme a figura. Com isso, obteve a medida do segmento de reta _AB_: 16 m.

![](https://enem.dev/2018/questions/153/1d6e5ac1-393a-426c-95c0-c70622ddc252.png)

Dispondo apenas dessa medida, o engenheiro calculou corretamente a medida da área do passeio, em metro quadrado.","['https://enem.dev/2018/questions/153/222ea15d-d436-4e73-8297-5e4a490f851a.png', 'https://enem.dev/2018/questions/153/1d6e5ac1-393a-426c-95c0-c70622ddc252.png']",D,A medida encontrada pelo engenheiro foi,"[{'letter': 'A', 'text': '4π.', 'file': None, 'isCorrect': False}, {'letter': 'B', 'text': '8π.', 'file': None, 'isCorrect': False}, {'letter': 'C', 'text': '48π.', 'file': None, 'isCorrect': False}, {'letter': 'D', 'text': '64π.', 'file': None, 'isCorrect': True}, {'letter': 'E', 'text': '192π.', 'file': None, 'isCorrect': False}]",Difícil,Geometria Plana,Áreas de Figuras Planas
239,Questão 154 - ENEM 2018,154,matematica,2018,"Um _designer_ de jogos planeja um jogo que faz uso de um tabuleiro de dimensão  n x n, com ![](https://enem.dev/2018/questions/154/9362959c-1289-4dc6-b20f-48073903e287.png)no qual cada jogador, na sua vez, coloca uma peça sobre uma das casas vazias do tabuleiro. Quando uma peça é posicionada, a região formada pelas casas que estão na mesma linha ou coluna dessa peça é chamada de zona de combate dessa peça. Na figura está ilustrada a zona de combate de uma peça colocada em uma das casas de um tabuleiro de dimensão 8 x 8.

![](https://enem.dev/2018/questions/154/0068d482-0227-4b01-b0d9-39e450ef5215.png)

O tabuleiro deve ser dimensionado de forma que a probabilidade de se posicionar a segunda peça aleatoriamente, seguindo a regra do jogo, e esta ficar sobre a zona de combate da primeira, seja inferior a ![](https://enem.dev/2018/questions/154/bbc3b943-e82f-4763-a5c5-058753ed2f88.png)","['https://enem.dev/2018/questions/154/9362959c-1289-4dc6-b20f-48073903e287.png', 'https://enem.dev/2018/questions/154/0068d482-0227-4b01-b0d9-39e450ef5215.png', 'https://enem.dev/2018/questions/154/bbc3b943-e82f-4763-a5c5-058753ed2f88.png']",D,A dimensão mínima que o designer deve adotar para esse tabuleiro é,"[{'letter': 'A', 'text': '4 x 4.', 'file': None, 'isCorrect': False}, {'letter': 'B', 'text': '6 x 6.', 'file': None, 'isCorrect': False}, {'letter': 'C', 'text': '9 x 9.', 'file': None, 'isCorrect': False}, {'letter': 'D', 'text': '10 x 10.', 'file': None, 'isCorrect': True}, {'letter': 'E', 'text': '11 x 11.', 'file': None, 'isCorrect': False}]",Difícil,Estatística e Probabilidade,Probabilidade Simples e Condicional
240,Questão 155 - ENEM 2018,155,matematica,2018,"O remo de assento deslizante é um esporte que faz uso de um barco e dois remos do mesmo tamanho. A figura mostra uma das posições de uma técnica chamada afastamento.

![](https://enem.dev/2018/questions/155/f37e4605-4e3a-4335-beb3-c941cd9f8e05.png)

Nessa posição, os dois remos se encontram no ponto A e suas outras extremidades estão indicadas pelos pontos B e C. Esses três pontos formam um triângulo ABC cujo ângulo ![](https://enem.dev/2018/questions/155/8504e1af-d94a-4a73-96e9-f59d6b4fa9c4.png)  tem medida de 170°.","['https://enem.dev/2018/questions/155/f37e4605-4e3a-4335-beb3-c941cd9f8e05.png', 'https://enem.dev/2018/questions/155/8504e1af-d94a-4a73-96e9-f59d6b4fa9c4.png']",E,"O  tipo de triângulo com vértices nos pontos A, B e C, no momento em que o remador está nessa posição, é","[{'letter': 'A', 'text': 'Retângulo escaleno.', 'file': None, 'isCorrect': False}, {'letter': 'B', 'text': 'Acutângulo escaleno.', 'file': None, 'isCorrect': False}, {'letter': 'C', 'text': 'Acutângulo isósceles.', 'file': None, 'isCorrect': False}, {'letter': 'D', 'text': 'Obtusângulo escaleno.', 'file': None, 'isCorrect': False}, {'letter': 'E', 'text': 'Obtusângulo isósceles.', 'file': None, 'isCorrect': True}]",Fácil,Geometria Plana,"Áreas de Figuras Planas (Quadrados, Retângulos, Triângulos, Círculos)"
241,Questão 156 - ENEM 2018,156,matematica,2018,"Um rapaz estuda em uma escola que fica longe de sua casa, e por isso precisa utilizar o transporte público. Como é muito observador, todos os dias ele anota a hora exata (sem considerar os segundos) em que o ônibus passa pelo ponto de espera. Também notou que nunca consegue chegar ao ponto de ônibus antes de 6h 15 min da manhã. Analisando os dados coletados durante o mês de fevereiro, o  qual teve 21 dias letivos, ele concluiu que 6 h 21 min foi o que mais se repetiu, e que a mediana do conjunto de dados é 6 h 22 min.",[],D,"A probabilidade de que, em algum dos dias letivos de fevereiro, esse rapaz tenha apanhado o ônibus antes de 6 h 21 min da manhã é, no máximo,","[{'letter': 'A', 'text': '4/21', 'file': None, 'isCorrect': False}, {'letter': 'B', 'text': '5/21', 'file': None, 'isCorrect': False}, {'letter': 'C', 'text': '6/21', 'file': None, 'isCorrect': False}, {'letter': 'D', 'text': '7/21', 'file': None, 'isCorrect': True}, {'letter': 'E', 'text': '8/21', 'file': None, 'isCorrect': False}]",Difícil,Estatística e Probabilidade,Mediana / Moda / Probabilidade Simples
242,Questão 157 - ENEM 2018,157,matematica,2018,"Um mapa é a representação reduzida e simplificada de uma localidade. Essa redução, que é feita com o uso de uma escala, mantém a proporção do espaço representado em relação ao espaço real.  
Certo mapa tem escala 1 : 58 000 000.

![](https://enem.dev/2018/questions/157/4eb455e0-2c2e-46d3-83d6-d589c334a2c3.png)

Considere que, nesse mapa, o segmento de reta que liga o navio à marca do tesouro meça 7,6 cm.",['https://enem.dev/2018/questions/157/4eb455e0-2c2e-46d3-83d6-d589c334a2c3.png'],A,"A medida real, em quilômetro, desse segmento de reta é","[{'letter': 'A', 'text': '4 408.', 'file': None, 'isCorrect': True}, {'letter': 'B', 'text': '7 632.', 'file': None, 'isCorrect': False}, {'letter': 'C', 'text': '44 080.', 'file': None, 'isCorrect': False}, {'letter': 'D', 'text': '76 316.', 'file': None, 'isCorrect': False}, {'letter': 'E', 'text': '440 800.', 'file': None, 'isCorrect': False}]",Média,Matemática Básica,Escala
243,Questão 158 - ENEM 2018,158,matematica,2018,"Um produtor de milho utiliza uma área de 160 hectares para as suas atividades agrícolas. Essa área é dividida em duas partes: uma de 40 hectares, com maior produtividade, e outra, de 120 hectares, com menor produtividade. A produtividade é dada pela razão entre a produção, em tonelada, e a área cultivada. Sabe-se que a área de 40 hectares tem produtividade igual a 2,5 vezes à  
da outra. Esse fazendeiro pretende aumentar sua produção total em 15%,  aumentando o tamanho da sua propriedade. Para tanto, pretende comprar uma parte de uma fazenda vizinha, que possui a mesma produtividade da parte de 120 hectares de suas terras.",[],B,"Qual é a área mínima, em hectare, em que o produtor precisará comprar?","[{'letter': 'A', 'text': '36', 'file': None, 'isCorrect': False}, {'letter': 'B', 'text': '33', 'file': None, 'isCorrect': True}, {'letter': 'C', 'text': '27', 'file': None, 'isCorrect': False}, {'letter': 'D', 'text': '24', 'file': None, 'isCorrect': False}, {'letter': 'E', 'text': '21', 'file': None, 'isCorrect': False}]",Difícil,Matemática Básica,Razão e Proporção
244,Questão 159 - ENEM 2018,159,matematica,2018,"_Minecraft_ é um jogo virtual que pode auxiliar no desenvolvimento de conhecimentos relacionados a espaço e forma. É possível criar casas, edifícios, monumentos e até naves espaciais, tudo em escala real, através do empilhamento de cubinhos.  
Um jogador deseja construir um cubo com dimensões 4 x 4 x 4. Ele já empilhou alguns dos cubinhos necessários, conforme a figura.

![](https://enem.dev/2018/questions/159/3165700a-a712-45c3-9e96-cbcc942d98e7.png)

Os cubinhos que ainda faltam empilhar para finalizar a construção do cubo, juntos, formam uma peça única, capaz de completar a tarefa.",['https://enem.dev/2018/questions/159/3165700a-a712-45c3-9e96-cbcc942d98e7.png'],A,O formato da peça capaz de completar o cubo 4 x 4 x 4 é,"[{'letter': 'A', 'text': None, 'file': 'https://enem.dev/2018/questions/159/7e00d062-f3ef-413c-a6c6-8101297adb78.png', 'isCorrect': True}, {'letter': 'B', 'text': None, 'file': 'https://enem.dev/2018/questions/159/fac127c0-476f-4865-95e1-fc57636f7213.png', 'isCorrect': False}, {'letter': 'C', 'text': None, 'file': 'https://enem.dev/2018/questions/159/cbc5a41d-a91a-4869-b508-c47eab7acea0.png', 'isCorrect': False}, {'letter': 'D', 'text': None, 'file': 'https://enem.dev/2018/questions/159/2f93160d-cde0-4da6-914c-8be65a4cf0e6.png', 'isCorrect': False}, {'letter': 'E', 'text': None, 'file': 'https://enem.dev/2018/questions/159/e953ba55-bf4d-433f-8d1a-514afba2a67e.png', 'isCorrect': False}]",Média,Geometria Espacial,Volume e Área de Prismas
245,Questão 160 - ENEM 2018,160,matematica,2018,"De acordo com um relatório recente da Agência Internacional de Energia (AIE), o mercado de veículos elétricos atingiu um novo marco em 2016, quando foram vendidos mais de 750 mil automóveis da categoria. Com isso, o total de carros elétricos vendidos no mundo alcançou a marca de 2 milhões de unidades desde que os primeiros modelos começaram a ser comercializados em 2011. No Brasil, a expansão das vendas também se verifica. A marca A, por exemplo, expandiu suas vendas no ano de 2016, superando em 360 unidades as vendas de 2015, conforme representado no gráfico.

![](https://enem.dev/2018/questions/160/f5d1ad10-fc7b-4607-8c40-c152182706dd.png)",['https://enem.dev/2018/questions/160/f5d1ad10-fc7b-4607-8c40-c152182706dd.png'],D,"A média anual do número de carros vendidos pela marca A, nos anos representados no gráfico, foi de","[{'letter': 'A', 'text': '192.', 'file': None, 'isCorrect': False}, {'letter': 'B', 'text': '240.', 'file': None, 'isCorrect': False}, {'letter': 'C', 'text': '252.', 'file': None, 'isCorrect': False}, {'letter': 'D', 'text': '320.', 'file': None, 'isCorrect': True}, {'letter': 'E', 'text': '420.', 'file': None, 'isCorrect': False}]",Fácil,Estatística e Probabilidade,Média (Aritmética/Ponderada) / Análise de Gráficos
246,Questão 161 - ENEM 2018,161,matematica,2018,"Para apagar os focos A e B de um incêndio, que estavam a uma distância de 30m um do outro, os bombeiros de um quartel decidiram se posicionar de modo que a distância de um bombeiro ao foco A, de temperatura mais elevada, fosse sempre o dobro da distância desse bombeiro ao foco B, de temperatura menos elevada.",[],B,"Nestas condições, a maior distância, em metro, que dois bombeiros poderiam ter entre eles é","[{'letter': 'A', 'text': '30.', 'file': None, 'isCorrect': False}, {'letter': 'B', 'text': '40.', 'file': None, 'isCorrect': True}, {'letter': 'C', 'text': '45.', 'file': None, 'isCorrect': False}, {'letter': 'D', 'text': '60.', 'file': None, 'isCorrect': False}, {'letter': 'E', 'text': '68.', 'file': None, 'isCorrect': False}]",Difícil,Álgebra e Funções,Equações e Funções de 1º e 2º Grau
247,Questão 162 - ENEM 2018,162,matematica,2018,"Torneios de tênis, em geral, são disputados em sistema de eliminatória simples. Nesse sistema, são disputadas partidas entre dois competidores, com a eliminação do perdedor e promoção do vencedor para a fase seguinte. Dessa forma, se na 1ª fase o torneio conta com 2_n_ competidores, então na 2ª fase restarão _n_ competidores, e assim sucessivamente até a partida final.  
Em um torneio de tênis, disputado nesse sistema, participam 128 tenistas.",[],E,"Para se definir o campeão desse torneio, o número de partidas necessárias é dado por","[{'letter': 'A', 'text': '2 X 128', 'file': None, 'isCorrect': False}, {'letter': 'B', 'text': '64 + 32 + 16 + 8 + 4 + 2', 'file': None, 'isCorrect': False}, {'letter': 'C', 'text': '128 + 64 + 32 + 16 + 8 + 4 + 2 + 1', 'file': None, 'isCorrect': False}, {'letter': 'D', 'text': '128 + 64 + 32 + 16 + 8 + 4 + 2', 'file': None, 'isCorrect': False}, {'letter': 'E', 'text': '64 + 32 + 16 + 8+ 4 + 2+ 1', 'file': None, 'isCorrect': True}]",Média,Matemática Básica,Razão e Proporção
248,Questão 163 - ENEM 2018,163,matematica,2018,"O artigo 33 da lei brasileira sobre drogas prevê a pena de reclusão de 5 a 15 anos para qualquer pessoa que seja condenada por tráfico ilícito ou produção não autorizada de drogas. Entretanto, caso o condenado seja réu primário, com bons antecedentes criminais, essa pena pode sofrer uma redução de um sexto a dois terços.

Suponha que um réu primário, com bons antecedentes criminais, foi condenado pelo artigo 33 da lei brasileira sobre drogas.",[],A,"Após o benefício da redução de pena, sua pena poderá variar de","[{'letter': 'A', 'text': '1 ano e 8 meses a 12 anos e 6 meses.', 'file': None, 'isCorrect': True}, {'letter': 'B', 'text': '1 ano e 8 meses a 5 anos.', 'file': None, 'isCorrect': False}, {'letter': 'C', 'text': '3 anos e 4 meses a 10 anos.', 'file': None, 'isCorrect': False}, {'letter': 'D', 'text': '4 anos e 2 meses a 5 anos.', 'file': None, 'isCorrect': False}, {'letter': 'E', 'text': '4 anos e 2 meses a 12 anos e 6 meses.', 'file': None, 'isCorrect': False}]",Média,Matemática Básica,Porcentagem / Operações com Frações
249,Questão 164 - ENEM 2018,164,matematica,2018,"Um edifício tem a numeração dos andares iniciando no térreo (T), e continuando com primeiro, segundo, terceiro, …, até o último andar. Uma criança entrou no elevador e, tocando no painel, seguiu uma sequência de andares, parando, abrindo e fechando a porta em diversos andares. A partir de onde entrou a criança, o elevador subiu sete andares, em seguida desceu dez, desceu mais treze, subiu nove, desceu quatro e parou no quinto andar, finalizando a sequência. Considere que, no trajeto seguido pela criança, o elevador parou uma vez no último andar do edifício.",[],C,"De acordo com as informações dadas, o último andar do edifício é o","[{'letter': 'A', 'text': '16º', 'file': None, 'isCorrect': False}, {'letter': 'B', 'text': '22º', 'file': None, 'isCorrect': False}, {'letter': 'C', 'text': '23º', 'file': None, 'isCorrect': True}, {'letter': 'D', 'text': '25º', 'file': None, 'isCorrect': False}, {'letter': 'E', 'text': '32º', 'file': None, 'isCorrect': False}]",Média,Matemática Básica,Operações com Frações
250,Questão 165 - ENEM 2018,165,matematica,2018,"O Salão do Automóvel de São Paulo é um evento no qual vários fabricantes expõem seus modelos mais recentes de veículos, mostrando, principalmente, suas inovações em design e tecnologia.  
Disponível em: http://g1.globo.com. Acesso em: 4 fev. 2015 (adaptado).

Uma montadora pretende participar desse evento com dois estandes, um na entrada e outro na região central do salão, expondo, em cada um deles, um carro compacto e uma caminhonete. Para compor os estandes, foram disponibilizados pela montadora quatro carros compactos, de modelos distintos, e seis caminhonetes de diferentes cores para serem escolhidos aqueles que serão expostos. A posição dos carros dentro de cada estande é irrelevante.",[],C,Uma expressão que fornece a quantidade de maneiras diferentes que os estandes podem ser compostos é,"[{'letter': 'A', 'text': None, 'file': 'https://enem.dev/2018/questions/165/8a4d9acc-9b18-4293-9f6c-497c494f016d.png', 'isCorrect': False}, {'letter': 'B', 'text': None, 'file': 'https://enem.dev/2018/questions/165/2ebeb5be-8227-4178-9641-4b0a73914b53.png', 'isCorrect': False}, {'letter': 'C', 'text': None, 'file': 'https://enem.dev/2018/questions/165/e6a7bd56-205b-4909-b7e2-997d45edf6d5.png', 'isCorrect': True}, {'letter': 'D', 'text': None, 'file': 'https://enem.dev/2018/questions/165/a309bdb0-fe6a-4deb-86a0-2b602347e266.png', 'isCorrect': False}, {'letter': 'E', 'text': None, 'file': 'https://enem.dev/2018/questions/165/af3980ac-cba2-48cd-aa9c-75da41077140.png', 'isCorrect': False}]",Média,Combinatória e Trigonometria,Combinação
251,Questão 166 - ENEM 2018,166,matematica,2018,"Os alunos da disciplina de estatística, em um curso universitário, realizam quatro avaliações por semestre com os pesos de 20%, 10%, 30% e 40%, respectivamente.  
No final do semestre, precisam obter uma média nas quatro avaliações de, no mínimo, 60 pontos para serem aprovados. Um estudante dessa disciplina obteve os seguintes pontos nas três primeiras avaliações: 46, 60 e 50, respectivamente.",[],C,O mínimo de pontos que esse estudante precisa obter na quarta avaliação para ser aprovado é,"[{'letter': 'A', 'text': '29,8.', 'file': None, 'isCorrect': False}, {'letter': 'B', 'text': '71,0.', 'file': None, 'isCorrect': False}, {'letter': 'C', 'text': '74,5.', 'file': None, 'isCorrect': True}, {'letter': 'D', 'text': '75,5.', 'file': None, 'isCorrect': False}, {'letter': 'E', 'text': '84,0.', 'file': None, 'isCorrect': False}]",Média,Estatística e Probabilidade,Média (Aritmética/Ponderada)
252,Questão 167 - ENEM 2018,167,matematica,2018,"O gerente do setor de recursos humanos de uma empresa está organizando uma avaliação em que uma das etapas é um jogo de perguntas e respostas. Para essa etapa, ele classificou as perguntas, pelo nível de dificuldade, em fácil, médio e difícil, e escreveu cada pergunta em cartões para colocação em uma urna.

Contudo, após depositar vinte perguntas de diferentes níveis na urna, ele observou que 25% delas eram de nível fácil. Querendo que as perguntas de nível fácil sejam a maioria, o gerente decidiu acrescentar mais perguntas de nível fácil à urna, de modo que a probabilidade de o primeiro participante retirar, aleatoriamente, uma pergunta de nível fácil seja de 75%.",[],D,"Com essas informações, a quantidade de perguntas de nível fácil que o gerente deve acrescentar à urna é igual a","[{'letter': 'A', 'text': '10.', 'file': None, 'isCorrect': False}, {'letter': 'B', 'text': '15.', 'file': None, 'isCorrect': False}, {'letter': 'C', 'text': '35.', 'file': None, 'isCorrect': False}, {'letter': 'D', 'text': '40.', 'file': None, 'isCorrect': True}, {'letter': 'E', 'text': '45.', 'file': None, 'isCorrect': False}]",Média,Matemática Básica,Razão e Proporção
253,Questão 168 - ENEM 2018,168,matematica,2018,"A raiva é uma doença viral e infecciosa, transmitida por mamíferos. A campanha nacional de vacinação antirrábica tem o objetivo de controlar a circulação do vírus da raiva canina e felina, prevenindo a raiva humana. O gráfico mostra a cobertura (porcentagem de vacinados) da campanha, em cães, nos anos de 2013, 2015 e 2017, no município de Belo Horizonte, em Minas Gerais. Os valores das coberturas dos anos de 2014 e 2016 não estão informados no gráfico e deseja-se estimá-los. Para tal, levou-se em consideração que a variação na cobertura de vacinação da campanha antirrábica, nos períodos de 2013 a 2015 e de 2015 a 2017, deu-se de forma linear.

![](https://enem.dev/2018/questions/168/cc2d3b70-86a9-4939-9193-7a240258c191.png)",['https://enem.dev/2018/questions/168/cc2d3b70-86a9-4939-9193-7a240258c191.png'],B,Qual teria sido a cobertura dessa campanha no ano de 2014?,"[{'letter': 'A', 'text': '62,3%', 'file': None, 'isCorrect': False}, {'letter': 'B', 'text': '63,0%', 'file': None, 'isCorrect': True}, {'letter': 'C', 'text': '63,5%', 'file': None, 'isCorrect': False}, {'letter': 'D', 'text': '64,0%', 'file': None, 'isCorrect': False}, {'letter': 'E', 'text': '65,5%', 'file': None, 'isCorrect': False}]",Média,Álgebra e Funções,Equações e Funções de 1º Grau
254,Questão 169 - ENEM 2018,169,matematica,2018,"Uma empresa de comunicação tem a tarefa de elaborar um material publicitário de um estaleiro para divulgar um novo navio, equipado com um guindaste de 15m de altura e uma esteira de 90 m de comprimento. No desenho desse navio, a representação do guindaste deve ter sua altura entre 0,5 cm e 1 cm, enquanto a esteira deve apresentar comprimento superior a 4 cm. Todo o desenho deverá ser feito em uma escala 1 : X.",[],C,"Os valores possíveis para X são, apenas,","[{'letter': 'A', 'text': 'X > 1 500.', 'file': None, 'isCorrect': False}, {'letter': 'B', 'text': 'X < 3 000.', 'file': None, 'isCorrect': False}, {'letter': 'C', 'text': '1 500 < X < 2 250.', 'file': None, 'isCorrect': True}, {'letter': 'D', 'text': '1 500 < X < 3 000.', 'file': None, 'isCorrect': False}, {'letter': 'E', 'text': '2 250 < X < 3 000.', 'file': None, 'isCorrect': False}]",Média,Matemática Básica,Escala
255,Questão 170 - ENEM 2018,170,matematica,2018,"Em 2014 foi inaugurada a maior roda-gigante do mundo, a _High Roller_, situada em Las Vegas. A figura representa um esboço dessa roda-gigante, no qual o ponto A representa uma de suas cadeiras:

![](https://enem.dev/2018/questions/170/b84e9f23-d18e-4f36-9917-643beaf719e3.png)

A partir da posição indicada, em que o segmento _OA_ se encontra paralelo ao plano do solo, rotaciona-se a _High Roller_ no sentido anti-horário, em torno do ponto _O_. Sejam _t_ o ângulo determinado pelo segmento _OA_ em relação à sua posição inicial, e _f_ a função que descreve a altura do ponto _A_, em relação ao solo, em função de _t_. Após duas voltas completas, _f_ tem o seguinte gráfico:",['https://enem.dev/2018/questions/170/b84e9f23-d18e-4f36-9917-643beaf719e3.png'],A,A expressão da função altura é dada por,"[{'letter': 'A', 'text': 'F(t) = 80sen(t) + 88', 'file': None, 'isCorrect': True}, {'letter': 'B', 'text': 'F(t) = 80cos(t) + 8 8', 'file': None, 'isCorrect': False}, {'letter': 'C', 'text': 'F(t) = 88cos(t) + 168', 'file': None, 'isCorrect': False}, {'letter': 'D', 'text': 'F(t) = 168sen(t) + 88cos(t)', 'file': None, 'isCorrect': False}, {'letter': 'E', 'text': 'F(t) = 88sen(t) + 168cos(t)', 'file': None, 'isCorrect': False}]",Difícil,Álgebra e Funções,Funções Exponenciais e Logarítmicas
256,Questão 171 - ENEM 2018,171,matematica,2018,"A rosa dos ventos é uma figura que representa oito sentidos, que dividem o círculo em partes iguais.

![](https://enem.dev/2018/questions/171/17c9e8b1-0b8b-49a5-80c9-d7b32e25a0b3.png)

Uma câmera de vigilância está fixada no teto de um shopping e sua lente pode ser direcionada remotamente, através de um controlador, para qualquer sentido. A lente da câmera está apontada inicialmente no sentido Oeste e o seu controlador efetua três mudanças consecutivas, a saber:  
• 1ª mudança: 135° no sentido anti-horário;  
• 2ª mudança: 60° no sentido horário;  
• 3ª mudança: 45° no sentido anti-horário.  
Após a 3ª mudança, ele é orientado a reposicionar a câmera, com a menor amplitude possível, no sentido Noroeste (_NO_) devido a um movimento suspeito de um cliente.",['https://enem.dev/2018/questions/171/17c9e8b1-0b8b-49a5-80c9-d7b32e25a0b3.png'],E,Qual mudança de sentido o controlador deve efetuar para reposicionar a câmera?,"[{'letter': 'A', 'text': '75° no sentido horário.', 'file': None, 'isCorrect': False}, {'letter': 'B', 'text': '105° no sentido anti-horário.', 'file': None, 'isCorrect': False}, {'letter': 'C', 'text': '120° no sentido anti-horário.', 'file': None, 'isCorrect': False}, {'letter': 'D', 'text': '135° no sentido anti-horário.', 'file': None, 'isCorrect': False}, {'letter': 'E', 'text': '165° no sentido horário.', 'file': None, 'isCorrect': True}]",Média,Geometria Plana,Áreas de Figuras Planas
257,Questão 172 - ENEM 2018,172,matematica,2018,"Na teoria das eleições, o Método de Borda sugere que, em vez de escolher um candidato, cada juiz deve criar um _ranking_ de sua preferência para os concorrentes (isto é, criar uma lista com a ordem de classificação dos concorrentes). A este ranking é associada uma pontuação: um ponto para o último colocado no _ranking_, dois pontos para o penúltimo, três para o antepenúltimo, e assim sucessivamente. Ao final, soma-se a pontuação atribuída a cada concorrente por cada um dos juízes.

Em uma escola houve um concurso de poesia no qual cinco alunos concorreram a um prêmio, sendo julgados por 25 juízes. Para a escolha da poesia vencedora foi utilizado o Método de Borda. Nos quadros, estão apresentados os _rankings_ dos juízes e a frequência de cada _ranking_.

![](https://enem.dev/2018/questions/172/36a8ea01-988a-4748-8a82-5c9a2607cbdb.png)",['https://enem.dev/2018/questions/172/36a8ea01-988a-4748-8a82-5c9a2607cbdb.png'],E,A poesia vencedora foi a de,"[{'letter': 'A', 'text': 'Edu.', 'file': None, 'isCorrect': False}, {'letter': 'B', 'text': 'Dani.', 'file': None, 'isCorrect': False}, {'letter': 'C', 'text': 'Caio.', 'file': None, 'isCorrect': False}, {'letter': 'D', 'text': 'Bia.', 'file': None, 'isCorrect': False}, {'letter': 'E', 'text': 'Ana.', 'file': None, 'isCorrect': True}]",Média,Matemática Básica,Razão e Proporção
258,Questão 173 - ENEM 2018,173,matematica,2018,"Os guindastes são fundamentais em canteiros de obras, no manejo de materiais pesados como vigas de aço. A figura ilustra uma sequência de estágios em que um  guindaste iça uma viga de aço que se encontra inicialmente no solo.

![](https://enem.dev/2018/questions/173/ace966fb-7b1a-431d-9b54-2c57b1e78d0d.png)

Na figura, o ponto O representa a projeção ortogonal do cabo de aço sobre o plano do chão e este se mantém na vertical durante todo o movimento de içamento da viga, que se inicia no tempo t = 0 (estágio 1) e finaliza no ![](https://enem.dev/2018/questions/173/a57ff676-4fd7-4821-b75c-cf675966c899.png) (estágio 3). Uma das extremidades da viga é içada verticalmente a partir do ponto O, enquanto que a outra extremidade desliza sobre o solo em direção ao ponto O. Considere que o cabo de aço utilizado pelo guindaste para içar a viga fique sempre na posição vertical. Na figura, o ponto M representa o ponto médio do segmento que representa a viga.

![](https://enem.dev/2018/questions/173/a776c7e1-aebd-4f91-b40e-861331c1db77.png)","['https://enem.dev/2018/questions/173/ace966fb-7b1a-431d-9b54-2c57b1e78d0d.png', 'https://enem.dev/2018/questions/173/a57ff676-4fd7-4821-b75c-cf675966c899.png', 'https://enem.dev/2018/questions/173/a776c7e1-aebd-4f91-b40e-861331c1db77.png']",A,"O gráfico que descreve a distância do ponto M ao ponto O, em função do tempo, entre, é","[{'letter': 'A', 'text': None, 'file': 'https://enem.dev/2018/questions/173/ff2abae2-528e-4337-8115-3f45241150f7.png', 'isCorrect': True}, {'letter': 'B', 'text': None, 'file': 'https://enem.dev/2018/questions/173/f1baf187-1d0f-440c-bf5e-ddf90a972eb9.png', 'isCorrect': False}, {'letter': 'C', 'text': None, 'file': 'https://enem.dev/2018/questions/173/be3758af-749d-40c8-861c-79e0cc06eaa0.png', 'isCorrect': False}, {'letter': 'D', 'text': None, 'file': 'https://enem.dev/2018/questions/173/744395ff-a1d2-4989-9c4e-ab3599aae57f.png', 'isCorrect': False}, {'letter': 'E', 'text': None, 'file': 'https://enem.dev/2018/questions/173/a2c79be7-a0af-4389-a011-16d1b661007d.png', 'isCorrect': False}]",Difícil,Geometria Plana,Teorema de Pitágoras / Análise de Gráficos
259,Questão 174 - ENEM 2018,174,matematica,2018,"Com o avanço em ciência da computação, estamos próximos do momento em que o número de transistores no processador de um computador pessoal será da mesma ordem de grandeza que o número de neurônios em um cérebro humano, que é da ordem de 100 bilhões.  
Uma das grandezas determinantes para o desempenho de um processador é a densidade de transistores, que é o número de transistores por centímetro quadrado. Em 1986, uma empresa fabricava um processador contendo 100 000 transistores distribuídos em 0,25 cm² de área. Desde então, o número de transistores por centímetro quadrado que se pode colocar em um processador dobra a cada dois anos (Lei de Moore).

Disponível em: www.pocket-lint.com. Acesso em: 1 dez. 2017 (adaptado).",[],C,"Considere 0,30 como aproximação para 
Em que ano a empresa atingiu ou atingirá a densidade de 100 bilhões de transistores?","[{'letter': 'A', 'text': '1999', 'file': None, 'isCorrect': False}, {'letter': 'B', 'text': '2002', 'file': None, 'isCorrect': False}, {'letter': 'C', 'text': '2022', 'file': None, 'isCorrect': True}, {'letter': 'D', 'text': '2026', 'file': None, 'isCorrect': False}, {'letter': 'E', 'text': '2146', 'file': None, 'isCorrect': False}]",Difícil,Álgebra e Funções,Funções Exponenciais e Logarítmicas
260,Questão 175 - ENEM 2018,175,matematica,2018,"Uma loja vende automóveis em N parcelas iguais sem juros. No momento de contratar o financiamento, caso o cliente queira aumentar o prazo, acrescentando mais 5 parcelas, o valor de cada uma das parcelas diminui R$200,00, ou se ele quiser diminuir o prazo, com 4 parcelas a menos, o valor de cada uma das parcelas sobe R$ 232,00. Considere ainda que, nas três possibilidades de pagamento, o valor do automóvel é o mesmo, todas são sem juros e não ê dado desconto em nenhuma das situações.",[],B,"Nessas condições, qual é a quantidade N de parcelas a serem pagas de acordo com a proposta inicial da loja?","[{'letter': 'A', 'text': '20', 'file': None, 'isCorrect': False}, {'letter': 'B', 'text': '24', 'file': None, 'isCorrect': True}, {'letter': 'C', 'text': '29', 'file': None, 'isCorrect': False}, {'letter': 'D', 'text': '40', 'file': None, 'isCorrect': False}, {'letter': 'E', 'text': '58', 'file': None, 'isCorrect': False}]",Difícil,Álgebra e Funções,Equações e Funções de 1º e 2º Grau
261,Questão 176 - ENEM 2018,176,matematica,2018,"O salto ornamental é um esporte em que cada competidor realiza seis saltos. A nota em cada salto é calculada pela soma das notas dos juízes, multiplicada pela nota de partida (o grau de dificuldade de cada salto). Fica em primeiro lugar o atleta que obtiver a maior soma das seis notas recebidas.  
O atleta 10 irá realizar o último salto da final. Ele observa no Quadro 1, antes de executar o salto, o recorte do quadro parcial de notas com a sua classificação e a dos três primeiros lugares atê aquele momento.

![](https://enem.dev/2018/questions/176/858eaa5e-d8db-41d2-b16e-b2a312bb6f29.png)

Ele precisa decidir com seu treinador qual salto deverá realizar. Os dados dos possíveis tipos de salto estão no Quadro 2.

![](https://enem.dev/2018/questions/176/404191f9-8cdb-4a30-80b6-b7d08af2d364.png)

O atleta optará pelo salto com a maior probabilidade de obter a nota estimada, de maneira que lhe permita alcançar o primeiro lugar.","['https://enem.dev/2018/questions/176/858eaa5e-d8db-41d2-b16e-b2a312bb6f29.png', 'https://enem.dev/2018/questions/176/404191f9-8cdb-4a30-80b6-b7d08af2d364.png']",C,"Considerando essas condições, o salto que o atleta deverá escolher é o de tipo","[{'letter': 'A', 'text': 'T1.', 'file': None, 'isCorrect': False}, {'letter': 'B', 'text': 'T2.', 'file': None, 'isCorrect': False}, {'letter': 'C', 'text': 'T3.', 'file': None, 'isCorrect': True}, {'letter': 'D', 'text': 'T4.', 'file': None, 'isCorrect': False}, {'letter': 'E', 'text': 'T5.', 'file': None, 'isCorrect': False}]",Difícil,Matemática Básica,Razão e Proporção
262,Questão 177 - ENEM 2018,177,matematica,2018,"Devido ao não cumprimento das metas definidas para a campanha de vacinação contra a gripe comum e o vírus H1N1 em um ano, o Ministério da Saúde anunciou a prorrogação da campanha por mais uma semana. A tabela apresenta as quantidades de pessoas vacinadas dentre os cinco grupos de risco até a data de início da prorrogação da campanha

![](https://enem.dev/2018/questions/177/386a9f9b-dd80-4081-9bde-da2ac43d1940.png)",['https://enem.dev/2018/questions/177/386a9f9b-dd80-4081-9bde-da2ac43d1940.png'],D,Qual é a porcentagem do total de pessoas desses grupos de risco já vacinadas?,"[{'letter': 'A', 'text': '12', 'file': None, 'isCorrect': False}, {'letter': 'B', 'text': '18', 'file': None, 'isCorrect': False}, {'letter': 'C', 'text': '30', 'file': None, 'isCorrect': False}, {'letter': 'D', 'text': '40', 'file': None, 'isCorrect': True}, {'letter': 'E', 'text': '50', 'file': None, 'isCorrect': False}]",Fácil,Matemática Básica,Porcentagem
263,Questão 178 - ENEM 2018,178,matematica,2018,"Durante uma festa de colégio, um grupo de alunos organizou uma rifa. Oitenta alunos faltaram à festa e não participaram da rifa. Entre os que compareceram, alguns compraram três bilhetes, 45 compraram 2 bilhetes, e muitos compraram apenas um. O total de alunos que comprou um único bilhete era 20% do número total de bilhetes vendidos, e o total de bilhetes vendidos excedeu em 33 o número total de alunos do colégio.",[],D,Quantos alunos compraram somente um bilhete?,"[{'letter': 'A', 'text': '34', 'file': None, 'isCorrect': False}, {'letter': 'B', 'text': '42', 'file': None, 'isCorrect': False}, {'letter': 'C', 'text': '47', 'file': None, 'isCorrect': False}, {'letter': 'D', 'text': '48', 'file': None, 'isCorrect': True}, {'letter': 'E', 'text': '79', 'file': None, 'isCorrect': False}]",Difícil,Álgebra e Funções,Equações e Funções de 1º e 2º Grau
264,Questão 179 - ENEM 2018,179,matematica,2018,"Um quebra-cabeça consiste em recobrir um quadrado com triângulos retângulos isósceles, como ilustra a figura.

![](https://enem.dev/2018/questions/179/f90ac045-3059-4503-a9c5-2275ede0c308.png)

Uma artesã confecciona um quebra-cabeça como o descrito, de tal modo que a menor das peças é um triângulo retângulo isósceles cujos catetos medem 2 cm.

![](https://enem.dev/2018/questions/179/3fc75c6b-0e16-4686-857b-155ddd7ad50c.png) ![](https://enem.dev/2018/questions/179/5eabdb02-5a5d-4cc2-befb-903521158327.png) ![](https://enem.dev/2018/questions/179/6cbaacc0-e621-4e81-9314-bbd6d9120ad2.png)","['https://enem.dev/2018/questions/179/f90ac045-3059-4503-a9c5-2275ede0c308.png', 'https://enem.dev/2018/questions/179/3fc75c6b-0e16-4686-857b-155ddd7ad50c.png', 'https://enem.dev/2018/questions/179/5eabdb02-5a5d-4cc2-befb-903521158327.png', 'https://enem.dev/2018/questions/179/6cbaacc0-e621-4e81-9314-bbd6d9120ad2.png']",A,"O quebra-cabeça, quando montado, resultará em um quadrado cuja medida do lado, em centímetro, é","[{'letter': 'A', 'text': None, 'file': 'https://enem.dev/2018/questions/179/cffd9e29-a8e1-4ab9-8e46-24ec536138c5.png', 'isCorrect': True}, {'letter': 'B', 'text': None, 'file': 'https://enem.dev/2018/questions/179/80266f09-674e-4edd-a349-05c7d22ad5fc.png', 'isCorrect': False}, {'letter': 'C', 'text': None, 'file': 'https://enem.dev/2018/questions/179/8d325c60-94d7-4eb0-a780-db03877a4d0b.png', 'isCorrect': False}, {'letter': 'D', 'text': None, 'file': 'https://enem.dev/2018/questions/179/2e70100e-b60a-4924-adfc-ed2d2a8e6ea4.png', 'isCorrect': False}, {'letter': 'E', 'text': None, 'file': 'https://enem.dev/2018/questions/179/4903bfee-6848-4a2f-b393-2a45fa498cef.png', 'isCorrect': False}]",Média,Geometria Plana,Áreas de Figuras Planas
265,Questão 180 - ENEM 2018,180,matematica,2018,"Para decorar um cilindro circular reto será usada uma faixa retangular de papel transparente, na qual está desenhada em negrito uma diagonal que forma 30° com a borda inferior. O raio da base do cilindro mede 6/π cm, e ao enrolar a faixa obtém-se uma linha em formato de hélice, como na figura.

![](https://enem.dev/2018/questions/180/aefa4129-634d-4a56-9c4b-704b4c98c97b.png)",['https://enem.dev/2018/questions/180/aefa4129-634d-4a56-9c4b-704b4c98c97b.png'],B,"O valor da medida da altura do cilindro, em centímetro, é","[{'letter': 'A', 'text': None, 'file': 'https://enem.dev/2018/questions/180/790c259f-eca9-4bdb-b3ec-55577fcedf9c.png', 'isCorrect': False}, {'letter': 'B', 'text': None, 'file': 'https://enem.dev/2018/questions/180/da175caf-5e27-4ecf-8caa-f4ac6440c4bb.png', 'isCorrect': True}, {'letter': 'C', 'text': None, 'file': 'https://enem.dev/2018/questions/180/6dab86df-3603-49cd-b6a0-b25f4906eb77.png', 'isCorrect': False}, {'letter': 'D', 'text': None, 'file': 'https://enem.dev/2018/questions/180/6fc6dddc-7fe1-4dab-85c8-e43fa3eda51c.png', 'isCorrect': False}, {'letter': 'E', 'text': None, 'file': 'https://enem.dev/2018/questions/180/6f7a278d-b55a-499d-a86c-5afdf99a748c.png', 'isCorrect': False}]",Difícil,Geometria Espacial,"Volume e Área de Prismas, Cilindros, Cones, Pirâmides e Esferas"
266,Questão 136 - ENEM 2017,136,matematica,2017,"Um empréstimo foi feito à taxa mensal de i%, usando juros compostos, em oito parcelas fixas e iguais a P.

O devedor tem a possibilidade de quitar a dívida antecipadamente a qualquer momento, pagando para isso o valor atual das parcelas ainda a pagar. Após pagar a 5ª parcela, resolve quitar a dívida no ato de pagar a 6ª parcela.",[],A,A expressão que corresponde ao valor total pago pela quitação do empréstimo é:,"[{'letter': 'A', 'text': None, 'file': 'https://enem.dev/2017/questions/136/095d9fee-b0a3-4486-a6f7-5905be8a8aee.png', 'isCorrect': True}, {'letter': 'B', 'text': None, 'file': 'https://enem.dev/2017/questions/136/9b318931-f44c-47f6-bde1-7629aaf7b6e2.png', 'isCorrect': False}, {'letter': 'C', 'text': None, 'file': 'https://enem.dev/2017/questions/136/2a676854-c439-49bc-8187-107963dc04ef.png', 'isCorrect': False}, {'letter': 'D', 'text': None, 'file': 'https://enem.dev/2017/questions/136/0338bf3c-70fc-4cb5-b6d5-28ee0508731e.png', 'isCorrect': False}, {'letter': 'E', 'text': None, 'file': 'https://enem.dev/2017/questions/136/07869d30-eb4d-4450-a76a-ea0654e459f8.png', 'isCorrect': False}]",Difícil,Matemática Básica,Potenciação/Radiciação
267,Questão 137 - ENEM 2017,137,matematica,2017,"Para realizar a viagem dos sonhos, uma pessoa precisava fazer um empréstimo no valor de R$ 5000,00. Para pagar as prestações, dispõe de, no máximo, R$ 400,00 mensais. Para esse valor de empréstimo, o valor da prestação (P) é calculado em função do número de prestações (n) segundo a fórmula

![](https://enem.dev/2017/questions/137/e7e3ca34-7beb-43f1-bef0-8691dd8922f5.png)

Se necessário, utilize 0,005 como aproximação para log 1,013; 2,602 como aproximação para log 400; 2,525 como aproximação para log 335.",['https://enem.dev/2017/questions/137/e7e3ca34-7beb-43f1-bef0-8691dd8922f5.png'],D,"De acordo com a fórmula dada, o menor número de parcelas cujos valores não comprometem o limite definido pela pessoa é","[{'letter': 'A', 'text': '12', 'file': None, 'isCorrect': False}, {'letter': 'B', 'text': '14', 'file': None, 'isCorrect': False}, {'letter': 'C', 'text': '15', 'file': None, 'isCorrect': False}, {'letter': 'D', 'text': '16', 'file': None, 'isCorrect': True}, {'letter': 'E', 'text': '17', 'file': None, 'isCorrect': False}]",Difícil,Álgebra e Funções,Funções Exponenciais e Logarítmicas
268,Questão 138 - ENEM 2017,138,matematica,2017,"Raios de luz solar estão atingindo a superfície de um lago formando um ângulo X com a sua superfície, conforme indica a figura.

Em determinadas condições, pode-se supor que a intensidade luminosa desses raios, na superfície do lago, seja dada aproximadamente por I(x) = k . sen(x)

sendo k uma constante, e supondo-se que X está entre 0° e 90º.

![](https://enem.dev/2017/questions/138/7d715e4d-7f9b-43a6-8f5e-4f0e1e782780.png)",['https://enem.dev/2017/questions/138/7d715e4d-7f9b-43a6-8f5e-4f0e1e782780.png'],B,"Quando x = 30º, a intensidade luminosa se reduz a qual percentual de seu valor máximo?","[{'letter': 'A', 'text': '33%', 'file': None, 'isCorrect': False}, {'letter': 'B', 'text': '50%', 'file': None, 'isCorrect': True}, {'letter': 'C', 'text': '57%', 'file': None, 'isCorrect': False}, {'letter': 'D', 'text': '70%', 'file': None, 'isCorrect': False}, {'letter': 'E', 'text': '86%', 'file': None, 'isCorrect': False}]",Média,Combinatória e Trigonometria,Razões Trigonométricas no Triângulo Retângulo
269,Questão 139 - ENEM 2017,139,matematica,2017,"Os congestionamentos de trânsito constituem um problema que aflige, todos os dias, milhares de motoristas brasileiros. O gráfico ilustra a situação, representando, ao longo de um intervalo definido de tempo, a variação da velocidade de um veículo durante um congestionamento.

![](https://enem.dev/2017/questions/139/cae1675d-9ef1-41d5-b0c6-f0a0df4b56b7.png)",['https://enem.dev/2017/questions/139/cae1675d-9ef1-41d5-b0c6-f0a0df4b56b7.png'],C,Quantos minutos o veículo permaneceu imóvel ao longo do intervalo de tempo total analisado?,"[{'letter': 'A', 'text': '4.', 'file': None, 'isCorrect': False}, {'letter': 'B', 'text': '3.', 'file': None, 'isCorrect': False}, {'letter': 'C', 'text': '2.', 'file': None, 'isCorrect': True}, {'letter': 'D', 'text': '1.', 'file': None, 'isCorrect': False}, {'letter': 'E', 'text': '0.', 'file': None, 'isCorrect': False}]",Fácil,Estatística e Probabilidade,Análise de Gráficos/Tabelas
270,Questão 140 - ENEM 2017,140,matematica,2017,"Um garçom precisa escolher uma bandeja de base retangular para servir quatro taças de espumante que precisam ser dispostas em uma única fileira, paralela ao lado maior da bandeja, e com suas bases totalmente apoiadas na bandeja. A base e a borda superior das taças são círculos de raio 4 cm e 5 cm, respectivamente.

![](https://enem.dev/2017/questions/140/40dd65c7-1ff1-420a-a8b1-27f26691f08b.png)",['https://enem.dev/2017/questions/140/40dd65c7-1ff1-420a-a8b1-27f26691f08b.png'],C,"A bandeja a ser escolhida deverá ter uma área mínima, em centímetro quadrado, igual a","[{'letter': 'A', 'text': '192.', 'file': None, 'isCorrect': False}, {'letter': 'B', 'text': '300.', 'file': None, 'isCorrect': False}, {'letter': 'C', 'text': '304.', 'file': None, 'isCorrect': True}, {'letter': 'D', 'text': '320.', 'file': None, 'isCorrect': False}, {'letter': 'E', 'text': '400.', 'file': None, 'isCorrect': False}]",Média,Geometria Plana,"Áreas de Figuras Planas (Quadrados, Retângulos, Triângulos, Círculos)"
271,Questão 141 - ENEM 2017,141,ciencias-humanas,2017,"Em uma cantina, o sucesso de venda no verão são sucos preparados à base de polpa de frutas. Um dos sucos mais vendidos é o de morango com acerola, que é preparado com 2/3 de polpa de morango e 1/3 de polpa de acerola.

Para o comerciante, as polpas são vendidas em embalagens de igual volume. Atualmente, a embalagem da polpa de morango custa R$ 18,00 e a de acerola, R$ 14,70. Porém, está prevista uma alta no preço da embalagem da polpa de acerola no próximo mês, passando a custar R$ 15,30.

Para não aumentar o preço do suco, o comerciante negociou com o fornecedor uma redução no preço da embalagem da polpa de morango.",[],E,"A redução, em real, no preço da embalagem da polpa de morango deverá ser de","[{'letter': 'A', 'text': '1,20.', 'file': None, 'isCorrect': False}, {'letter': 'B', 'text': '0,90.', 'file': None, 'isCorrect': False}, {'letter': 'C', 'text': '0,60.', 'file': None, 'isCorrect': False}, {'letter': 'D', 'text': '0,40.', 'file': None, 'isCorrect': False}, {'letter': 'E', 'text': '0,30', 'file': None, 'isCorrect': True}]",Média,Matemática Básica,Operações com Frações / Razão e Proporção
272,Questão 142 - ENEM 2017,142,matematica,2017,"Um casal realiza sua mudança de domicílio e necessita colocar numa caixa de papelão um objeto cúbico, de 80 cm de aresta, que não pode ser desmontado. Eles têm à disposição cinco caixas, com diferentes dimensões, conforme descrito:

• Caixa 1: 86 cm x 86 cm x 86 cm  
• Caixa 2: 75 cm x 82 cm x 90 cm  
• Caixa 3: 85 cm x 82 cm x 90 cm  
• Caixa 4: 82 cm x 95 cm x 82 cm  
• Caixa 5: 80 cm x 95 cm x 85 cm

O casal precisa escolher uma caixa na qual o objeto caiba, de modo que sobre o menor espaço livre em seu interior.",[],C,A caixa escolhida pelo casal deve ser a de número,"[{'letter': 'A', 'text': '1.', 'file': None, 'isCorrect': False}, {'letter': 'B', 'text': '2.', 'file': None, 'isCorrect': False}, {'letter': 'C', 'text': '3.', 'file': None, 'isCorrect': True}, {'letter': 'D', 'text': '4.', 'file': None, 'isCorrect': False}, {'letter': 'E', 'text': '5.', 'file': None, 'isCorrect': False}]",Fácil,Geometria Espacial,Volume e Área de Prismas
273,Questão 143 - ENEM 2017,143,matematica,2017,"Um brinquedo infantil caminhão-cegonha é formado por uma carreta e dez carrinhos nela transportados, conforme a figura.

![](https://enem.dev/2017/questions/143/c62c83ca-4ab4-4be7-b882-cedb9116763a.png)

No setor de produção da empresa que fabrica esse brinquedo, é feita a pintura de todos os carrinhos para que o aspecto do brinquedo fique mais atraente. São utilizadas as cores amarelo, branco, laranja e verde, e cada carrinho é pintado apenas com uma cor. O caminhão-cegonha tem uma cor fixa. A empresa determinou que em todo caminhão-cegonha deve haver pelo menos um carrinho de cada uma das quatro cores disponíveis. Mudança de posição dos carrinhos no caminhão-cegonha não gera um novo modelo do brinquedo.",['https://enem.dev/2017/questions/143/c62c83ca-4ab4-4be7-b882-cedb9116763a.png'],B,"Com base nessas informações, quantos são os modelos distintos do brinquedo caminhão-cegonha que essa empresa poderá produzir?","[{'letter': 'A', 'text': 'C6,4', 'file': None, 'isCorrect': False}, {'letter': 'B', 'text': 'C9,3', 'file': None, 'isCorrect': True}, {'letter': 'C', 'text': 'C10,4', 'file': None, 'isCorrect': False}, {'letter': 'D', 'text': '64', 'file': None, 'isCorrect': False}, {'letter': 'E', 'text': '46', 'file': None, 'isCorrect': False}]",Difícil,Combinatória e Trigonometria,Combinação
274,Questão 144 - ENEM 2017,144,matematica,2017,"Uma empresa especializada em conservação de piscinas utiliza um produto para tratamento da água cujas especificações técnicas sugerem que seja adicionado 1,5 mL desse produto para cada 1 000 L de água da piscina. Essa empresa foi contratada para cuidar de uma piscina de base retangular, de profundidade constante igual a 1,7 m, com largura e comprimento iguais a 3 m e 5 m, respectivamente. O nível da lâmina d’água dessa piscina é mantido a 50 cm da borda da piscina.",[],B,"A quantidade desse produto, em mililitro, que deve ser adicionada a essa piscina de modo a atender às suas especificações técnicas é","[{'letter': 'A', 'text': '11,25.', 'file': None, 'isCorrect': False}, {'letter': 'B', 'text': '27,00.', 'file': None, 'isCorrect': True}, {'letter': 'C', 'text': '28,80.', 'file': None, 'isCorrect': False}, {'letter': 'D', 'text': '32,25.', 'file': None, 'isCorrect': False}, {'letter': 'E', 'text': '49,50.', 'file': None, 'isCorrect': False}]",Média,Geometria Espacial,Volume e Área de Prismas / Unidades de Medida e Vazão
275,Questão 145 - ENEM 2017,145,matematica,2017,"Um instituto de pesquisas eleitorais recebe uma encomenda na qual a margem de erro deverá ser de, no máximo, 2 pontos percentuais (0,02).

O instituto tem 5 pesquisas recentes, P1 a P5, sobre o tema objeto da encomenda e irá usar a que tiver o erro menor que o pedido.

Os dados sobre as pesquisas são os seguintes:

![](https://enem.dev/2017/questions/145/2cf08ed8-74ba-469c-9e95-8e264b79394b.png)

em que σ é um parâmetro e N é o número de pessoas  
entrevistadas pela pesquisa.",['https://enem.dev/2017/questions/145/2cf08ed8-74ba-469c-9e95-8e264b79394b.png'],D,Qual pesquisa deverá ser utilizada?,"[{'letter': 'A', 'text': 'P1.', 'file': None, 'isCorrect': False}, {'letter': 'B', 'text': 'P2.', 'file': None, 'isCorrect': False}, {'letter': 'C', 'text': 'P3.', 'file': None, 'isCorrect': False}, {'letter': 'D', 'text': 'P4.', 'file': None, 'isCorrect': True}, {'letter': 'E', 'text': 'P5.', 'file': None, 'isCorrect': False}]",Difícil,Matemática Básica,Operações com Frações / Potenciação/Radiciação
276,Questão 146 - ENEM 2017,146,ciencias-natureza,2017,"Em um teleférico turístico, bondinhos saem de estações ao nível do mar e do topo de uma montanha. A travessia dura 1,5 minuto e ambos os bondinhos se deslocam à mesma velocidade. Quarenta segundos após o bondinho A partir da estação ao nível do mar, ele cruza com o bondinho B, que havia saído do topo da montanha.",[],B,Quantos segundos após a partida do bondinho B partiu o bondinho A?,"[{'letter': 'A', 'text': '5.', 'file': None, 'isCorrect': False}, {'letter': 'B', 'text': '10.', 'file': None, 'isCorrect': True}, {'letter': 'C', 'text': '15.', 'file': None, 'isCorrect': False}, {'letter': 'D', 'text': '20.', 'file': None, 'isCorrect': False}, {'letter': 'E', 'text': '25.', 'file': None, 'isCorrect': False}]",Difícil,Álgebra e Funções,Equações e Funções de 1º Grau
277,Questão 147 - ENEM 2017,147,matematica,2017,"Num dia de tempestade, a alteração na profundidade de um rio, num determinado local, foi registrada durante um período de 4 horas. Os resultados estão indicados no gráfico de linhas. Nele, a profundidade h, registrada às 13 horas, não foi anotada e, a partir de h, cada unidade sobre o eixo vertical representa um metro.

![](https://enem.dev/2017/questions/147/285302d4-e938-4376-a2f3-3f320be38b8c.png)

Foi informado que entre 15 horas e 16 horas, a profundidade do rio diminuiu em 10%.",['https://enem.dev/2017/questions/147/285302d4-e938-4376-a2f3-3f320be38b8c.png'],A,"Às 16 horas, qual é a profundidade do rio, em metro, no local onde foram feitos os registros?","[{'letter': 'A', 'text': '18.', 'file': None, 'isCorrect': True}, {'letter': 'B', 'text': '20.', 'file': None, 'isCorrect': False}, {'letter': 'C', 'text': '24.', 'file': None, 'isCorrect': False}, {'letter': 'D', 'text': '36.', 'file': None, 'isCorrect': False}, {'letter': 'E', 'text': '40.', 'file': None, 'isCorrect': False}]",Média,Matemática Básica,Porcentagem / Análise de Gráficos
278,Questão 148 - ENEM 2017,148,matematica,2017,"Uma rede hoteleira dispõe de cabanas simples na ilha de Gotland, na Suécia, conforme Figura 1. A estrutura de sustentação de cada uma dessas cabanas está representada na Figura 2. A ideia é permitir ao hóspede uma estada livre de tecnologia, mas conectada com a natureza

![](https://enem.dev/2017/questions/148/aff2b260-7282-4164-b347-1cd2ebdf4951.png)",['https://enem.dev/2017/questions/148/aff2b260-7282-4164-b347-1cd2ebdf4951.png'],E,A forma geométrica da superfície cujas arestas estão representadas na Figura 2 é,"[{'letter': 'A', 'text': 'Tetraedro.', 'file': None, 'isCorrect': False}, {'letter': 'B', 'text': 'Pirâmide retangular.', 'file': None, 'isCorrect': False}, {'letter': 'C', 'text': 'Tronco de pirâmide retangular.', 'file': None, 'isCorrect': False}, {'letter': 'D', 'text': 'Prisma quadrangular reto.', 'file': None, 'isCorrect': False}, {'letter': 'E', 'text': 'Prisma triangular reto.', 'file': None, 'isCorrect': True}]",Fácil,Geometria Espacial,"Volume e Área de Prismas, Cilindros, Cones, Pirâmides e Esferas"
279,Questão 149 - ENEM 2017,149,matematica,2017,"A figura ilustra uma partida de Campo Minado, o jogo presente em praticamente todo computador pessoal. Quatro quadrados em um tabuleiro 16 x 16 foram abertos, e os números em suas faces indicam quantos dos seus 8 vizinhos contêm minas (a serem evitadas). O número 40 no canto inferior direito é o número total de minas no tabuleiro, cujas posições foram escolhidas ao acaso, de forma uniforme, antes de se abrir qualquer quadrado.

![](https://enem.dev/2017/questions/149/d94daac4-0e76-47a6-bdec-90200af5b3c0.png)

Em sua próxima jogada, o jogador deve escolher dentre os quadrados marcados com as letras P, Q, R, S e T um para abrir, sendo que deve escolher aquele com a menor probabilidade de conter uma mina.",['https://enem.dev/2017/questions/149/d94daac4-0e76-47a6-bdec-90200af5b3c0.png'],B,O jogador deverá abrir o quadrado marcado com a letra,"[{'letter': 'A', 'text': 'P.', 'file': None, 'isCorrect': False}, {'letter': 'B', 'text': 'Q.', 'file': None, 'isCorrect': True}, {'letter': 'C', 'text': 'R.', 'file': None, 'isCorrect': False}, {'letter': 'D', 'text': 'S.', 'file': None, 'isCorrect': False}, {'letter': 'E', 'text': 'T.', 'file': None, 'isCorrect': False}]",Difícil,Estatística e Probabilidade,Probabilidade Simples e Condicional
280,Questão 150 - ENEM 2017,150,matematica,2017,"A imagem apresentada na figura é uma cópia em preto e branco da tela quadrada intitulada O peixe, de Marcos Pinto, que foi colocada em uma parede para exposição e fixada nos pontos A e B.

Por um problema na fixação de um dos pontos, a tela se desprendeu, girando rente à parede. Após o giro, ela ficou posicionada como ilustrado na figura, formando um ângulo de 45° com a linha do horizonte.

![](https://enem.dev/2017/questions/150/e2c89b3e-9c0a-4707-86d9-ea6b70f3cd11.png)

Para recolocar a tela na sua posição original, deve-se girá-la, rente à parede, no menor ângulo possível inferior a 360°",['https://enem.dev/2017/questions/150/e2c89b3e-9c0a-4707-86d9-ea6b70f3cd11.png'],B,"A forma de recolocar a tela na posição original, obedecendo ao que foi estabelecido, é girando-a em um ângulo de","[{'letter': 'A', 'text': '90° no sentido horário.', 'file': None, 'isCorrect': False}, {'letter': 'B', 'text': '135° no sentido horário.', 'file': None, 'isCorrect': True}, {'letter': 'C', 'text': '180° no sentido anti-horário.', 'file': None, 'isCorrect': False}, {'letter': 'D', 'text': '270° no sentido anti-horário', 'file': None, 'isCorrect': False}, {'letter': 'E', 'text': '315° no sentido horário.', 'file': None, 'isCorrect': False}]",Média,Geometria Plana,Áreas de Figuras Planas
281,Questão 151 - ENEM 2017,151,matematica,2017,"A avaliação de rendimento de alunos de um curso universitário baseia-se na média ponderada das notas obtidas nas disciplinas pelos respectivos números de créditos, como mostra o quadro:

![](https://enem.dev/2017/questions/151/deda154b-bdf4-471b-b4a7-85c1dfae90c1.png)

Quanto melhor a avaliação de um aluno em determinado período letivo, maior sua prioridade na escolha de disciplinas para o período seguinte.

Determinado aluno sabe que se obtiver avaliação “Bom” ou “Excelente” conseguirá matrícula nas disciplinas que deseja. Ele já realizou as provas de 4 das 5 disciplinas em que está matriculado, mas ainda não realizou a prova da disciplina I, conforme o quadro.

![](https://enem.dev/2017/questions/151/7ea7b9c7-5a2c-4d4e-899d-834c2b5f4af2.png)","['https://enem.dev/2017/questions/151/deda154b-bdf4-471b-b4a7-85c1dfae90c1.png', 'https://enem.dev/2017/questions/151/7ea7b9c7-5a2c-4d4e-899d-834c2b5f4af2.png']",D,"Para que atinja seu objetivo, a nota mínima que ele deve conseguir na disciplina I é","[{'letter': 'A', 'text': '7,00.', 'file': None, 'isCorrect': False}, {'letter': 'B', 'text': '7,38.', 'file': None, 'isCorrect': False}, {'letter': 'C', 'text': '7,50.', 'file': None, 'isCorrect': False}, {'letter': 'D', 'text': '8,25.', 'file': None, 'isCorrect': True}, {'letter': 'E', 'text': '9,00.', 'file': None, 'isCorrect': False}]",Média,Estatística e Probabilidade,Média (Aritmética/Ponderada)
282,Questão 152 - ENEM 2017,152,matematica,2017,"A água para o abastecimento de um prédio é armazenada em um sistema formado por dois reservatórios idênticos, em formato de bloco retangular, ligados entre si por um cano igual ao cano de entrada, conforme ilustra a figura.

![](https://enem.dev/2017/questions/152/8a5c8c84-dc4a-434c-95d8-ac7e8a188f0b.png)

A água entra no sistema pelo cano de entrada no Reservatório 1 a uma vazão constante e, ao atingir o nível do cano de ligação, passa a abastecer o Reservatório 2. Suponha que, inicialmente, os dois reservatórios estejam vazios.",['https://enem.dev/2017/questions/152/8a5c8c84-dc4a-434c-95d8-ac7e8a188f0b.png'],D,"Qual dos gráficos melhor descreverá a altura h do nível da água no Reservatório 1, em função do volume V de água no sistema?","[{'letter': 'A', 'text': None, 'file': 'https://enem.dev/2017/questions/152/f4cd2fd5-8ffc-4cb7-91ae-2c3bd3f73900.png', 'isCorrect': False}, {'letter': 'B', 'text': None, 'file': 'https://enem.dev/2017/questions/152/da408f74-0165-4374-94f7-4efc3ba68756.png', 'isCorrect': False}, {'letter': 'C', 'text': None, 'file': 'https://enem.dev/2017/questions/152/73c9ec1b-6c30-4e0e-8c6a-baf78b10dbb8.png', 'isCorrect': False}, {'letter': 'D', 'text': None, 'file': 'https://enem.dev/2017/questions/152/29e329de-44fe-4da6-8f85-d63e8b31cadd.png', 'isCorrect': True}, {'letter': 'E', 'text': None, 'file': 'https://enem.dev/2017/questions/152/f4376ddd-f5cb-46ff-b7d6-f95ac887e91c.png', 'isCorrect': False}]",Média,Geometria Espacial,Volume e Área de Prismas / Unidades de Medida e Vazão
283,Questão 153 - ENEM 2017,153,matematica,2017,"A manchete demonstra que o transporte de grandes cargas representa cada vez mais preocupação quando feito em vias urbanas.

**Caminhão entala em viaduto no Centro**

Um caminhão de grande porte entalou embaixo do viaduto no cruzamento das avenidas Borges de Medeiros e Loureiro da Silva no sentido Centro-Bairro, próximo à Ponte de Pedra, na capital. Esse veículo vinha de São Paulo para Porto Alegre e transportava três grandes tubos, conforme ilustrado na foto.

![](https://enem.dev/2017/questions/153/fab0cf9a-a91f-4842-8d0b-ea7d9cf7dab3.png)

Considere que o raio externo de cada cano da imagem seja 0,60 m e que eles estejam em cima de uma carroceria cuja parte superior está a 1,30 m do solo. O desenho representa a vista traseira do empilhamento dos canos.

![](https://enem.dev/2017/questions/153/e76c0b65-e180-4f4a-9bd0-aef3b42965d8.png)

A margem de segurança recomendada para que um veículo passe sob um viaduto é que a altura total do veículo com a carga seja, no mínimo, 0,50 m menor do que a altura do vão do viaduto.

Considere 1,7 como aproximação para (3)1/2","['https://enem.dev/2017/questions/153/fab0cf9a-a91f-4842-8d0b-ea7d9cf7dab3.png', 'https://enem.dev/2017/questions/153/e76c0b65-e180-4f4a-9bd0-aef3b42965d8.png']",D,"Qual deveria ser a altura mínima do viaduto, em metro, para que esse caminhão pudesse passar com segurança sob seu vão?","[{'letter': 'A', 'text': '2,82.', 'file': None, 'isCorrect': False}, {'letter': 'B', 'text': '3,52.', 'file': None, 'isCorrect': False}, {'letter': 'C', 'text': '3,70.', 'file': None, 'isCorrect': False}, {'letter': 'D', 'text': '4,02.', 'file': None, 'isCorrect': True}, {'letter': 'E', 'text': '4,20.', 'file': None, 'isCorrect': False}]",Difícil,Geometria Plana,Áreas de Figuras Planas / Semelhança de Triângulos
284,Questão 154 - ENEM 2017,154,matematica,2017,"Um menino acaba de se mudar para um novo bairro e deseja ir à padaria. Pediu ajuda a um amigo que lhe forneceu um mapa com pontos numerados, que representam cinco locais de interesse, entre os quais está a padaria. Além disso, o amigo passou as seguintes instruções: a partir do ponto em que você se encontra, representado pela letra X, ande para oeste, vire à direita na primeira rua que encontrar, siga em frente e vire à esquerda na próxima rua. A padaria estará logo a seguir

![](https://enem.dev/2017/questions/154/e003f9f9-7641-401e-9a08-2226bde38679.png)",['https://enem.dev/2017/questions/154/e003f9f9-7641-401e-9a08-2226bde38679.png'],A,A padaria está representada pelo ponto numerado com,"[{'letter': 'A', 'text': '1.', 'file': None, 'isCorrect': True}, {'letter': 'B', 'text': '2.', 'file': None, 'isCorrect': False}, {'letter': 'C', 'text': '3.', 'file': None, 'isCorrect': False}, {'letter': 'D', 'text': '4.', 'file': None, 'isCorrect': False}, {'letter': 'E', 'text': '5.', 'file': None, 'isCorrect': False}]",Fácil,Matemática Básica,Análise de Gráficos/Tabelas
285,Questão 155 - ENEM 2017,155,matematica,2017,"Três alunos, X, Y e Z, estão matriculados em um curso de inglês. Para avaliar esses alunos, o professor optou por fazer cinco provas. Para que seja aprovado nesse curso, o aluno deverá ter a média aritmética das notas das cinco provas maior ou igual a 6. Na tabela, estão dispostas as notas que cada aluno tirou em cada prova.

![](https://enem.dev/2017/questions/155/fb7df640-ed2c-4e7f-99d5-93815129aa75.png)",['https://enem.dev/2017/questions/155/fb7df640-ed2c-4e7f-99d5-93815129aa75.png'],B,"Com base nos dados da tabela e nas informações dadas, ficará(ão) reprovado(s)","[{'letter': 'A', 'text': 'Apenas o aluno Y', 'file': None, 'isCorrect': False}, {'letter': 'B', 'text': 'Apenas o aluno Z', 'file': None, 'isCorrect': True}, {'letter': 'C', 'text': 'Apenas os alunos x e y', 'file': None, 'isCorrect': False}, {'letter': 'D', 'text': 'Apenas os alunos x e z', 'file': None, 'isCorrect': False}, {'letter': 'E', 'text': 'Os alunos x, y, z', 'file': None, 'isCorrect': False}]",Fácil,Estatística e Probabilidade,Média (Aritmética/Ponderada)
286,Questão 156 - ENEM 2017,156,matematica,2017,"Uma desenhista projetista deverá desenhar uma tampa de panela em forma circular. Para realizar esse desenho, ela dispõe, no momento, de apenas um compasso, cujo comprimento das hastes é de 10 cm, um transferidor e uma folha de papel com um plano cartesiano. Para esboçar o desenho dessa tampa, ela afastou as hastes do compasso de forma que o ângulo formado por elas fosse de 120o. A ponta seca está representada pelo ponto C, a ponta do grafite está representada pelo ponto B e a cabeça do compasso está representada pelo ponto A conforme a figura.

![](https://enem.dev/2017/questions/156/85a380fd-271f-48cc-99fd-ebb68a0032bc.png)

Após concluir o desenho, ela o encaminha para o setor de produção. Ao receber o desenho com a indicação do raio da tampa, verificará em qual intervalo este se encontra e decidirá o tipo de material a ser utilizado na sua fabricação, de acordo com os dados.

![](https://enem.dev/2017/questions/156/9fbeb0c5-eaec-4613-89d7-585bc786b147.png)","['https://enem.dev/2017/questions/156/85a380fd-271f-48cc-99fd-ebb68a0032bc.png', 'https://enem.dev/2017/questions/156/9fbeb0c5-eaec-4613-89d7-585bc786b147.png']",D,O tipo de material a ser utilizado pelo setor de produção será,"[{'letter': 'A', 'text': 'I', 'file': None, 'isCorrect': False}, {'letter': 'B', 'text': 'II', 'file': None, 'isCorrect': False}, {'letter': 'C', 'text': 'III', 'file': None, 'isCorrect': False}, {'letter': 'D', 'text': 'IV', 'file': None, 'isCorrect': True}, {'letter': 'E', 'text': 'V', 'file': None, 'isCorrect': False}]",Difícil,Combinatória e Trigonometria,Razões Trigonométricas no Triângulo Retângulo
287,Questão 157 - ENEM 2017,157,matematica,2017,"Uma pessoa ganhou uma pulseira formada por pérolas esféricas, na qual faltava uma das pérolas. A figura indica a posição em que estaria faltando esta pérola.

![](https://enem.dev/2017/questions/157/a3037c5e-69fb-4c42-8587-ba4c6c0f81b4.png)

Ela levou a jóia a um joalheiro que verificou que a medida do diâmetro dessas pérolas era 4 milímetros. Em seu estoque, as pérolas do mesmo tipo e formato, disponíveis para reposição, tinham diâmetros iguais a: 4,025 mm; 4,100 mm; 3,970 mm; 4,080 mm e 3,099 mm.

O joalheiro então colocou na pulseira a pérola cujo diâmetro era o mais próximo do diâmetro das pérolas originais.",['https://enem.dev/2017/questions/157/a3037c5e-69fb-4c42-8587-ba4c6c0f81b4.png'],C,"A pérola colocada na pulseira pelo joalheiro tem diâmetro, em milímetro, igual a","[{'letter': 'A', 'text': '3,099.', 'file': None, 'isCorrect': False}, {'letter': 'B', 'text': '3,970.', 'file': None, 'isCorrect': False}, {'letter': 'C', 'text': '4,025.', 'file': None, 'isCorrect': True}, {'letter': 'D', 'text': '4,080.', 'file': None, 'isCorrect': False}, {'letter': 'E', 'text': '4,100.', 'file': None, 'isCorrect': False}]",Fácil,Matemática Básica,Operações com Frações / Números Decimais
288,Questão 158 - ENEM 2017,158,matematica,2017,"Em uma de suas viagens, um turista comprou uma lembrança de um dos monumentos que visitou. Na base do objeto há informações dizendo que se trata de uma peça em escala 1: 400, e que seu volume é de 25 cm3.",[],C,"O volume do monumento original, em metro cúbico, é de","[{'letter': 'A', 'text': '100', 'file': None, 'isCorrect': False}, {'letter': 'B', 'text': '400', 'file': None, 'isCorrect': False}, {'letter': 'C', 'text': '1600', 'file': None, 'isCorrect': True}, {'letter': 'D', 'text': '6250', 'file': None, 'isCorrect': False}, {'letter': 'E', 'text': '10000', 'file': None, 'isCorrect': False}]",Média,Matemática Básica,Escala
289,Questão 159 - ENEM 2017,159,matematica,2017,"Uma bicicleta do tipo mountain bike tem uma coroa com 3 engrenagens e uma catraca com 6 engrenagens, que, combinadas entre si, determinam 18 marchas (número de engrenagens da coroa vezes o número de engrenagens da catraca).

![](https://enem.dev/2017/questions/159/c66f38e4-cac9-40bd-ab40-dcc28709d1f2.png)

Os números de dentes das engrenagens das coroas e das catracas dessa bicicleta estão listados no quadro.

![](https://enem.dev/2017/questions/159/71fe199d-31a3-491a-9ed1-4f4266bcec67.png)

Sabe-se que o número de voltas efetuadas pela roda traseira a cada pedalada é calculado dividindo-se a quantidade de dentes da coroa pela quantidade de dentes da catraca.

Durante um passeio em uma bicicleta desse tipo, deseja-se fazer um percurso o mais devagar possível, escolhendo, para isso, uma das seguintes combinações de engrenagens (coroa x catraca):

![](https://enem.dev/2017/questions/159/1e1958eb-584c-47db-9aff-348f62def6d6.png)","['https://enem.dev/2017/questions/159/c66f38e4-cac9-40bd-ab40-dcc28709d1f2.png', 'https://enem.dev/2017/questions/159/71fe199d-31a3-491a-9ed1-4f4266bcec67.png', 'https://enem.dev/2017/questions/159/1e1958eb-584c-47db-9aff-348f62def6d6.png']",D,A combinação escolhida para realizar esse passeio da forma desejada é,"[{'letter': 'A', 'text': 'I', 'file': None, 'isCorrect': False}, {'letter': 'B', 'text': 'II', 'file': None, 'isCorrect': False}, {'letter': 'C', 'text': 'III', 'file': None, 'isCorrect': False}, {'letter': 'D', 'text': 'IV', 'file': None, 'isCorrect': True}, {'letter': 'E', 'text': 'V', 'file': None, 'isCorrect': False}]",Fácil,Matemática Básica,Razão e Proporção
290,Questão 160 - ENEM 2017,160,matematica,2017,"O comitê organizador da Copa do Mundo 2014 criou a logomarca da Copa, composta de uma figura plana e o slogan “Juntos num só ritmo”, com mãos que se unem formando a taça Fifa. Considere que o comitê organizador resolvesse utilizar todas as cores da bandeira nacional (verde, amarelo, azul e branco) para colorir a logomarca, de forma que regiões vizinhas tenham cores diferentes.

![](https://enem.dev/2017/questions/160/f334ade2-9e0c-4a56-b232-855e5320a966.png)",['https://enem.dev/2017/questions/160/f334ade2-9e0c-4a56-b232-855e5320a966.png'],E,De quantas maneiras diferentes o comitê organizador da Copa poderia pintar a logomarca com as cores citadas?,"[{'letter': 'A', 'text': '15', 'file': None, 'isCorrect': False}, {'letter': 'B', 'text': '30', 'file': None, 'isCorrect': False}, {'letter': 'C', 'text': '108', 'file': None, 'isCorrect': False}, {'letter': 'D', 'text': '360', 'file': None, 'isCorrect': False}, {'letter': 'E', 'text': '972', 'file': None, 'isCorrect': True}]",Difícil,Combinatória e Trigonometria,Princípio Fundamental da Contagem
291,Questão 161 - ENEM 2017,161,matematica,2017,"Viveiros de lagostas são construídos, por cooperativas locais de pescadores, em formato de prismas reto-retangulares, fixados ao solo e com telas flexíveis de mesma altura, capazes de suportar a corrosão marinha. Para cada viveiro a ser construído, a cooperativa utiliza integralmente 100 metros lineares dessa tela, que é usada apenas nas laterais.

![](https://enem.dev/2017/questions/161/1ab19169-92f4-402e-9e53-2eedef827715.png)",['https://enem.dev/2017/questions/161/1ab19169-92f4-402e-9e53-2eedef827715.png'],D,"Quais devem ser os valores de X e de Y, em metro, para que a área da base do viveiro seja máxima?","[{'letter': 'A', 'text': '1 e 49', 'file': None, 'isCorrect': False}, {'letter': 'B', 'text': '1 e 99', 'file': None, 'isCorrect': False}, {'letter': 'C', 'text': '10 e 10', 'file': None, 'isCorrect': False}, {'letter': 'D', 'text': '25 E 25', 'file': None, 'isCorrect': True}, {'letter': 'E', 'text': '50 E 50', 'file': None, 'isCorrect': False}]",Difícil,Álgebra e Funções,Equações e Funções de 1º e 2º Grau
292,Questão 162 - ENEM 2017,162,matematica,2017,"O fisiologista inglês Archibald Vivian Hill propôs, em seus estudos, que a velocidade V de contração de um músculo ao ser submetido a um peso p é dada pela equação (p + a) (v +b) = K, com a, b e K constantes.

Um fisioterapeuta, com o intuito de maximizar o efeito benéfico dos exercícios que recomendaria a um de seus pacientes, quis estudar essa equação e a classificou desta forma:

##### **TIPO DE CURVA**

**Semirreta oblíqua**

**Semirreta horizontal**

**Ramo de parábola**

**Arco de circunferência**

**Ramo de hipérbola**

O fisioterapeuta analisou a dependência entre v e p na equação de Hill e a classificou de acordo com sua representação geométrica no plano cartesiano, utilizando o par de coordenadas (p. V). Admita que K> 0.

Disponível em: http://rspb.royalsocietypublishing.org. Acesso em: 14jul2015 (adaptado).",[],E,O gráfico da equação que o fisioterapeuta utilizou para maximizar o efeito dos exercícios é do tipo,"[{'letter': 'A', 'text': 'Semirreta oblíqua.', 'file': None, 'isCorrect': False}, {'letter': 'B', 'text': 'Semirreta horizontal.', 'file': None, 'isCorrect': False}, {'letter': 'C', 'text': 'Ramo de parábola.', 'file': None, 'isCorrect': False}, {'letter': 'D', 'text': 'Arco de circunferência.', 'file': None, 'isCorrect': False}, {'letter': 'E', 'text': 'Ramo de hipérbole.', 'file': None, 'isCorrect': True}]",Média,Álgebra e Funções,Equações e Funções de 1º e 2º Grau
293,Questão 163 - ENEM 2017,163,matematica,2017,"![](https://enem.dev/2017/questions/163/b4c6dcfc-5f86-46af-9f78-dd94358a2301.png)

O acesso aos elevadores tem os seguintes custos:  
• Subir pelo elevador 1: R$ 0,15;  
• Subir pelo elevador 2: R$ 1,80;  
• Descer pelo elevador 1: R$ 0,10;  
• Descer pelo elevador 2: R$ 2,30.

O custo da passagem do teleférico partindo do topo do mirante 1 para o topo do mirante 2 é de R$ 2,00, e do topo do mirante 2 para o topo do mirante 1 é de R$ 2,50.",['https://enem.dev/2017/questions/163/b4c6dcfc-5f86-46af-9f78-dd94358a2301.png'],C,"Qual é o menor custo, em real, para uma pessoa visitar os topos dos dois mirantes e retornar ao solo?","[{'letter': 'A', 'text': '2,25', 'file': None, 'isCorrect': False}, {'letter': 'B', 'text': '3,90', 'file': None, 'isCorrect': False}, {'letter': 'C', 'text': '4,35', 'file': None, 'isCorrect': True}, {'letter': 'D', 'text': '4,40', 'file': None, 'isCorrect': False}, {'letter': 'E', 'text': '4,45', 'file': None, 'isCorrect': False}]",Média,Matemática Básica,Operações com Frações / Regra de Três
294,Questão 164 - ENEM 2017,164,matematica,2017,"A mensagem digitada no celular, enquanto você dirige, tira a sua atenção e, por isso, deve ser evitada. Pesquisas mostram que um motorista que dirige um carro a uma velocidade constante percorre “às cegas” (isto é, sem ter visão da pista) uma distância proporcional ao tempo gasto ao olhar para o celular durante a digitação da mensagem. Considere que isso de fato aconteça. Suponha que dois motoristas (_X_ e _Y_) dirigem com a mesma velocidade constante e digitam a mesma mensagem em seus celulares. Suponha, ainda, que o tempo gasto pelo motorista _X_ olhando para seu celular enquanto digita a mensagem corresponde a 25% do tempo gasto pelo motorista _Y_ para executar a mesma tarefa.

Disponível em: http://g1.globo.com. Acesso em: 21 jul. 2012 (adaptado).",[],B,"A razão entre as distâncias percorridas às cegas por X e Y, nessa ordem, é igual a","[{'letter': 'A', 'text': '5/4', 'file': None, 'isCorrect': False}, {'letter': 'B', 'text': '1/4', 'file': None, 'isCorrect': True}, {'letter': 'C', 'text': '4/3', 'file': None, 'isCorrect': False}, {'letter': 'D', 'text': '4/1', 'file': None, 'isCorrect': False}, {'letter': 'E', 'text': '3/4', 'file': None, 'isCorrect': False}]",Fácil,Matemática Básica,Razão e Proporção
295,Questão 165 - ENEM 2017,165,matematica,2017,"![](https://enem.dev/2017/questions/165/c4d1bd98-124e-4136-9db8-7df0ddc7fdde.png)

Ao ser divulgado esse resultado em jornal, o Gráfico 1 foi cortado durante a diagramação, como mostra o Gráfico 2.

![](https://enem.dev/2017/questions/165/6200b8f9-1e5e-46a5-8516-7e24a6a79bd8.png)

Apesar de os valores apresentados estarem corretos e a largura das colunas ser a mesma, muitos leitores criticaram o formato do Gráfico 2 impresso no jornal, alegando que houve prejuízo visual para o candidato B.","['https://enem.dev/2017/questions/165/c4d1bd98-124e-4136-9db8-7df0ddc7fdde.png', 'https://enem.dev/2017/questions/165/6200b8f9-1e5e-46a5-8516-7e24a6a79bd8.png']",E,A diferença entre as razões da altura da coluna B pela coluna A nos gráficos 1 e 2 é,"[{'letter': 'A', 'text': '0.', 'file': None, 'isCorrect': False}, {'letter': 'B', 'text': '1/2.', 'file': None, 'isCorrect': False}, {'letter': 'C', 'text': '1/5.', 'file': None, 'isCorrect': False}, {'letter': 'D', 'text': '2/15.', 'file': None, 'isCorrect': False}, {'letter': 'E', 'text': '8/35.', 'file': None, 'isCorrect': True}]",Difícil,Matemática Básica,Razão e Proporção
296,Questão 166 - ENEM 2017,166,matematica,2017,![](https://enem.dev/2017/questions/166/41a14ec3-8c43-4dc3-b116-be74098827c0.png),['https://enem.dev/2017/questions/166/41a14ec3-8c43-4dc3-b116-be74098827c0.png'],A,"A função P(t) obtida, por este cientista, ao analisar o caso específico foi","[{'letter': 'A', 'text': 'P(t) = 99 + 21cos(3πt)', 'file': None, 'isCorrect': True}, {'letter': 'B', 'text': 'P(t) = 78 + 42cos(3πt)', 'file': None, 'isCorrect': False}, {'letter': 'C', 'text': 'P(t) = 99 + 21cos(2πt)', 'file': None, 'isCorrect': False}, {'letter': 'D', 'text': 'P(t) = 99 + 21cos(t)', 'file': None, 'isCorrect': False}, {'letter': 'E', 'text': 'P(t) = 78 + 42cos(t)', 'file': None, 'isCorrect': False}]",Difícil,Combinatória e Trigonometria,Razões Trigonométricas no Triângulo Retângulo
297,Questão 167 - ENEM 2017,167,matematica,2017,![](https://enem.dev/2017/questions/167/7bf9f382-d44e-49aa-b785-8f24191c1fb5.png),['https://enem.dev/2017/questions/167/7bf9f382-d44e-49aa-b785-8f24191c1fb5.png'],C,"Para atingir todos os seus objetivos, o chefe deverá cortar a calota do melão numa altura h, em centímetro, igual a","[{'letter': 'A', 'text': '5 - √91/2', 'file': None, 'isCorrect': False}, {'letter': 'B', 'text': '10 - √91', 'file': None, 'isCorrect': False}, {'letter': 'C', 'text': '1', 'file': None, 'isCorrect': True}, {'letter': 'D', 'text': '4', 'file': None, 'isCorrect': False}, {'letter': 'E', 'text': '5', 'file': None, 'isCorrect': False}]",Difícil,Geometria Espacial,"Volume e Área de Prismas, Cilindros, Cones, Pirâmides e Esferas"
298,Questão 168 - ENEM 2017,168,matematica,2017,![](https://enem.dev/2017/questions/168/24aef861-9c64-4357-ab76-d58d4bf20931.png),['https://enem.dev/2017/questions/168/24aef861-9c64-4357-ab76-d58d4bf20931.png'],D,"Qual a medida da altura H, em metro, indicada na Figura 2?","[{'letter': 'A', 'text': '16/3', 'file': None, 'isCorrect': False}, {'letter': 'B', 'text': '31/5', 'file': None, 'isCorrect': False}, {'letter': 'C', 'text': '25/4', 'file': None, 'isCorrect': False}, {'letter': 'D', 'text': '25/3', 'file': None, 'isCorrect': True}, {'letter': 'E', 'text': '75/2', 'file': None, 'isCorrect': False}]",Média,Geometria Plana,Semelhança de Triângulos
299,Questão 169 - ENEM 2017,169,matematica,2017,![](https://enem.dev/2017/questions/169/2a8f5ab3-e6e4-4457-8cb4-1fefac4ab935.png),['https://enem.dev/2017/questions/169/2a8f5ab3-e6e4-4457-8cb4-1fefac4ab935.png'],A,"Analisando os gráficos do computador, a maior taxa de aumento no tempo de acesso, da sexta-feira para o sábado, foi no site","[{'letter': 'A', 'text': 'X.', 'file': None, 'isCorrect': True}, {'letter': 'B', 'text': 'Y.', 'file': None, 'isCorrect': False}, {'letter': 'C', 'text': 'Z.', 'file': None, 'isCorrect': False}, {'letter': 'D', 'text': 'W.', 'file': None, 'isCorrect': False}, {'letter': 'E', 'text': 'U.', 'file': None, 'isCorrect': False}]",Fácil,Estatística e Probabilidade,Análise de Gráficos/Tabelas
300,Questão 170 - ENEM 2017,170,matematica,2017,"Neste modelo de termômetro, os filetes na cor preta registram as temperaturas mínima e máxima do dia anterior e os filetes na cor cinza registram a temperatura ambiente atual, ou seja, no momento da leitura do termômetro.

![](https://enem.dev/2017/questions/170/7264cbc1-0ae7-4f5d-976a-228c6d2e1184.png)

Por isso ele tem duas colunas. Na da esquerda, os números estão em ordem crescente, de cima para baixo, de -30 °C até 50 °C. Na coluna da direita, os números estão ordenados de forma crescente, de baixo para cima, de -30 °C até 50 °C.

A leitura é feita da seguinte maneira:  
• a temperatura mínima é indicada pelo nível inferior do filete preto na coluna da esquerda;  
• a temperatura máxima é indicada pelo nível inferior do filete preto na coluna da direita;  
• a temperatura atual é indicada pelo nível superior dos filetes cinza nas duas colunas.

Disponível em: www.if.ufrgs.br. Acesso em: 28 ago. 2014 (adaptado).",['https://enem.dev/2017/questions/170/7264cbc1-0ae7-4f5d-976a-228c6d2e1184.png'],E,Qual é a temperatura máxima mais aproximada registrada nesse termômetro?,"[{'letter': 'A', 'text': '5 °C', 'file': None, 'isCorrect': False}, {'letter': 'B', 'text': '7 °C', 'file': None, 'isCorrect': False}, {'letter': 'C', 'text': '13 °C', 'file': None, 'isCorrect': False}, {'letter': 'D', 'text': '15 °C', 'file': None, 'isCorrect': False}, {'letter': 'E', 'text': '19 °C', 'file': None, 'isCorrect': True}]",Fácil,Estatística e Probabilidade,Análise de Gráficos/Tabelas
301,Questão 171 - ENEM 2017,171,matematica,2017,"![](https://enem.dev/2017/questions/171/3bb8824e-3a19-4855-a081-9cc594573f03.png)

Um pivô de três torres (T1, T2 e T3) será instalado em uma fazenda, sendo que as distâncias entre torres consecutivas bem como da base à torre T1 são iguais a 50 m. O fazendeiro pretende ajustar as velocidades das torres, de tal forma que o pivô efetue uma volta completa em 25 horas. Use 3 como aproximação para π.",['https://enem.dev/2017/questions/171/3bb8824e-3a19-4855-a081-9cc594573f03.png'],A,"Para atingir seu objetivo, as velocidades das torres T1, T2 e T3 devem ser, em metro por hora, de","[{'letter': 'A', 'text': '12, 24 e 36.', 'file': None, 'isCorrect': True}, {'letter': 'B', 'text': '6, 12 e 18.', 'file': None, 'isCorrect': False}, {'letter': 'C', 'text': '2, 4 e 6.', 'file': None, 'isCorrect': False}, {'letter': 'D', 'text': '300, 1200 e 2700.', 'file': None, 'isCorrect': False}, {'letter': 'E', 'text': '600, 2400 e 5400.', 'file': None, 'isCorrect': False}]",Média,Geometria Plana,Áreas de Figuras Planas (Círculos)
302,Questão 172 - ENEM 2017,172,matematica,2017,![](https://enem.dev/2017/questions/172/3cab013f-abdc-4a51-8c74-6c0771ab0c6e.png),['https://enem.dev/2017/questions/172/3cab013f-abdc-4a51-8c74-6c0771ab0c6e.png'],A,O número de horas em que os dois reservatórios contêm a mesma quantidade de água é,"[{'letter': 'A', 'text': '1.', 'file': None, 'isCorrect': True}, {'letter': 'B', 'text': '2.', 'file': None, 'isCorrect': False}, {'letter': 'C', 'text': '4.', 'file': None, 'isCorrect': False}, {'letter': 'D', 'text': '5.', 'file': None, 'isCorrect': False}, {'letter': 'E', 'text': '6.', 'file': None, 'isCorrect': False}]",Média,Álgebra e Funções,Equações e Funções de 1º Grau
303,Questão 173 - ENEM 2017,173,matematica,2017,"Para uma temporada das corridas de Fórmula 1, a capacidade do tanque de combustível de cada carro passou a ser de 100 kg de gasolina. Uma equipe optou por utilizar uma gasolina com densidade de 750 gramas por litro, iniciando a corrida com o tanque cheio. Na primeira parada de reabastecimento, um carro dessa equipe apresentou um registro em seu computador de bordo acusando o consumo de quatro décimos da gasolina originalmente existente no tanque. Para minimizar o peso desse carro e garantir o término da corrida, a equipe de apoio reabasteceu o carro com a terça parte do que restou no tanque na chegada ao reabastecimento.

Disponível em: www.superdanilof1page.com.br. Acesso em: 6 jul. 2015 (adaptado).",[],B,"A quantidade de gasolina utilizada, em litro, no reabastecimento foi","[{'letter': 'A', 'text': '20/0,075', 'file': None, 'isCorrect': False}, {'letter': 'B', 'text': '20/0,75', 'file': None, 'isCorrect': True}, {'letter': 'C', 'text': '20/7,5', 'file': None, 'isCorrect': False}, {'letter': 'D', 'text': '20 x 0,075', 'file': None, 'isCorrect': False}, {'letter': 'E', 'text': '20 x 0,75', 'file': None, 'isCorrect': False}]",Média,Matemática Básica,Razão e Proporção
304,Questão 174 - ENEM 2017,174,matematica,2017,"![](https://enem.dev/2017/questions/174/8da9e00a-e25a-4467-8f2f-53488edb0a1f.png)

IBGE. Pesquisa mensal de emprego. Disponível em: www.ibge.gov.br. Acesso em: 30 jul. 2012 (adaptado).",['https://enem.dev/2017/questions/174/8da9e00a-e25a-4467-8f2f-53488edb0a1f.png'],B,"A mediana dessa taxa de desemprego, no período de março de 2008 a abril de 2009, foi de","[{'letter': 'A', 'text': '8,1%', 'file': None, 'isCorrect': False}, {'letter': 'B', 'text': '8,0%', 'file': None, 'isCorrect': True}, {'letter': 'C', 'text': '7,9%', 'file': None, 'isCorrect': False}, {'letter': 'D', 'text': '7,7%', 'file': None, 'isCorrect': False}, {'letter': 'E', 'text': '7,6%', 'file': None, 'isCorrect': False}]",Fácil,Estatística e Probabilidade,Mediana / Análise de Gráficos/Tabelas
305,Questão 175 - ENEM 2017,175,matematica,2017,,[],A,Qual a probabilidade de que esta pessoa tenha observado exatamente um sinal na cor verde?,"[{'letter': 'A', 'text': None, 'file': 'https://enem.dev/2017/questions/175/76855355-588b-40de-adfa-78c67373b3cd.png', 'isCorrect': True}, {'letter': 'B', 'text': None, 'file': 'https://enem.dev/2017/questions/175/f0b54cb7-a0b0-4661-a2e2-afda4b8d2135.png', 'isCorrect': False}, {'letter': 'C', 'text': None, 'file': 'https://enem.dev/2017/questions/175/b7396163-6b89-41cf-b08b-473d800ef585.png', 'isCorrect': False}, {'letter': 'D', 'text': None, 'file': 'https://enem.dev/2017/questions/175/486162c7-f43b-49a2-9476-dddf8af7bdf4.png', 'isCorrect': False}, {'letter': 'E', 'text': None, 'file': 'https://enem.dev/2017/questions/175/744d3069-d18a-4930-9697-45171bee53b2.png', 'isCorrect': False}]",Média,Estatística e Probabilidade,Probabilidade Simples e Condicional
306,Questão 176 - ENEM 2017,176,matematica,2017,"A energia solar vai abastecer parte da demanda de energia do _campus_ de uma universidade brasileira. A instalação de painéis solares na área dos estacionamentos e na cobertura do hospital pediátrico será aproveitada nas instalações universitárias e também ligada na rede da companhia elétrica distribuidora de energia.  
O projeto inclui 100 m2 de painéis solares que ficarão instalados nos estacionamentos, produzindo energia elétrica e proporcionando sombra para os carros. Sobre o hospital pediátrico serão colocados aproximadamente 300 m2 de painéis, sendo 100 m2 para gerar energia elétrica utilizada no _campus_, e 200 m2 para geração de energia térmica, produzindo aquecimento de água utilizada nas caldeiras do hospital.  
Suponha que cada metro quadrado de painel solar para energia elétrica gere uma economia de 1 kWh por dia e cada metro quadrado produzindo energia térmica permita economizar 0,7 kWh por dia para a universidade. Em uma segunda fase do projeto, será aumentada em 75% a área coberta pelos painéis solares que geram energia elétrica. Nessa fase também deverá ser ampliada a área de cobertura com painéis para geração de energia térmica.

Disponível em: http://agenciabrasil.ebc.com.br. Acesso em: 30 out. 2013 (adaptado).",[],C,"Para se obter o dobro da quantidade de energia economizada diariamente, em relação à primeira fase, a área total dos painéis que geram energia térmica, em metro quadrado, deverá ter o valor mais próximo de","[{'letter': 'A', 'text': '231.', 'file': None, 'isCorrect': False}, {'letter': 'B', 'text': '431.', 'file': None, 'isCorrect': False}, {'letter': 'C', 'text': '472.', 'file': None, 'isCorrect': True}, {'letter': 'D', 'text': '523.', 'file': None, 'isCorrect': False}, {'letter': 'E', 'text': '672.', 'file': None, 'isCorrect': False}]",Difícil,Matemática Básica,Porcentagem / Operações com Frações
307,Questão 177 - ENEM 2017,177,matematica,2017,"![](https://enem.dev/2017/questions/177/56a01150-592b-4611-8550-81876ca345ec.png)

As letras do alfabeto, entre as 26 possíveis, bem como os dígitos, entre os 10 possíveis, podem se repetir em qualquer das opções.  
A empresa quer escolher uma opção de formato cujo número de senhas distintas possíveis seja superior ao número esperado de clientes, mas que esse número não seja superior ao dobro do número esperado de clientes.",['https://enem.dev/2017/questions/177/56a01150-592b-4611-8550-81876ca345ec.png'],E,A opção que mais se adequa às condições da empresa é,"[{'letter': 'A', 'text': 'I.', 'file': None, 'isCorrect': False}, {'letter': 'B', 'text': 'II.', 'file': None, 'isCorrect': False}, {'letter': 'C', 'text': 'III.', 'file': None, 'isCorrect': False}, {'letter': 'D', 'text': 'IV.', 'file': None, 'isCorrect': False}, {'letter': 'E', 'text': 'V.', 'file': None, 'isCorrect': True}]",Difícil,Combinatória e Trigonometria,Princípio Fundamental da Contagem
308,Questão 178 - ENEM 2017,178,matematica,2017,![](https://enem.dev/2017/questions/178/9f831180-9696-4e04-9744-29b02d88f8e8.png),['https://enem.dev/2017/questions/178/9f831180-9696-4e04-9744-29b02d88f8e8.png'],E,"Se a quantidade de jogadores for 8, quantas partidas serão realizadas?","[{'letter': 'A', 'text': '64', 'file': None, 'isCorrect': False}, {'letter': 'B', 'text': '56', 'file': None, 'isCorrect': False}, {'letter': 'C', 'text': '49', 'file': None, 'isCorrect': False}, {'letter': 'D', 'text': '36', 'file': None, 'isCorrect': False}, {'letter': 'E', 'text': '28', 'file': None, 'isCorrect': True}]",Média,Combinatória e Trigonometria,Combinação
309,Questão 179 - ENEM 2017,179,matematica,2017,,[],C,Qual é a probabilidade de esse morador se atrasar para o serviço no dia para o qual foi dada a estimativa de chuva?,"[{'letter': 'A', 'text': '0,075', 'file': None, 'isCorrect': False}, {'letter': 'B', 'text': '0,150', 'file': None, 'isCorrect': False}, {'letter': 'C', 'text': '0,325', 'file': None, 'isCorrect': True}, {'letter': 'D', 'text': '0,600', 'file': None, 'isCorrect': False}, {'letter': 'E', 'text': '0,800', 'file': None, 'isCorrect': False}]",Difícil,Estatística e Probabilidade,Probabilidade Simples e Condicional
310,Questão 180 - ENEM 2017,180,matematica,2017,,[],D,O instante em que a água dessa piscina terminar de escoar completamente está compreendido entre,"[{'letter': 'A', 'text': '19 h 30 min e 20 h 10 min.', 'file': None, 'isCorrect': False}, {'letter': 'B', 'text': '19 h 20 min e 19 h 30 min.', 'file': None, 'isCorrect': False}, {'letter': 'C', 'text': '19 h 10 min e 19 h 20 min.', 'file': None, 'isCorrect': False}, {'letter': 'D', 'text': '19 h e 19 h 10 min.', 'file': None, 'isCorrect': True}, {'letter': 'E', 'text': '18 h 40 min e 19 h.', 'file': None, 'isCorrect': False}]",Difícil,Geometria Espacial,"Volume e Área de Prismas, Cilindros, Cones, Pirâmides e Esferas / Unidades de Medida e Vazão"
311,Questão 136 - ENEM 2016,136,matematica,2016,![](https://enem.dev/2016/questions/136/27018caf-dac3-4dce-9379-fb0c5bd5416d.png),['https://enem.dev/2016/questions/136/27018caf-dac3-4dce-9379-fb0c5bd5416d.png'],D,"Utilize 3 como aproximação para π.
O número mínimo de viagens que o caminhão precisará fazer para transportar todo o volume de grãos armazenados no silo é","[{'letter': 'A', 'text': '6', 'file': None, 'isCorrect': False}, {'letter': 'B', 'text': '16', 'file': None, 'isCorrect': False}, {'letter': 'C', 'text': '17', 'file': None, 'isCorrect': False}, {'letter': 'D', 'text': '18', 'file': None, 'isCorrect': True}, {'letter': 'E', 'text': '21', 'file': None, 'isCorrect': False}]",Média,Geometria Espacial,"Volume e Área de Prismas, Cilindros, Cones, Pirâmides e Esferas / Unidades de Medida e Vazão"
312,Questão 137 - ENEM 2016,137,matematica,2016,,[],A,"A altura, a largura e a profundidade do desenho impresso para a apresentação serão, respectivamente,","[{'letter': 'A', 'text': '22,00 cm, 12,00 cm e 5,00 cm.', 'file': None, 'isCorrect': True}, {'letter': 'B', 'text': '27,50 cm, 15,00 cm e 6,25 cm.', 'file': None, 'isCorrect': False}, {'letter': 'C', 'text': '34,37 cm, 18,75 cm e 7,81 cm.', 'file': None, 'isCorrect': False}, {'letter': 'D', 'text': '35,20 cm, 19,20 cm e 8,00 cm.', 'file': None, 'isCorrect': False}, {'letter': 'E', 'text': '44,00 cm, 24,00 cm e 10,00 cm.', 'file': None, 'isCorrect': False}]",Média,Matemática Básica,Escala
313,Questão 138 - ENEM 2016,138,matematica,2016,![](https://enem.dev/2016/questions/138/484f68f6-18c6-4987-b92e-58c44f18b07b.png),['https://enem.dev/2016/questions/138/484f68f6-18c6-4987-b92e-58c44f18b07b.png'],D,"Não habituado com a unidade pé, e querendo satisfazer sua curiosidade, esse turista consultou um manual de unidades de medidas e constatou que 1 pé equivale a 12 polegadas, e que 1 polegada equivale a 2,54 cm. Após alguns cálculos de conversão, o turista ficou surpreendido com o resultado obtido em metros.
Qual a medida que mais se aproxima do diâmetro da Roda do Milênio, em metro?","[{'letter': 'A', 'text': '53', 'file': None, 'isCorrect': False}, {'letter': 'B', 'text': '94', 'file': None, 'isCorrect': False}, {'letter': 'C', 'text': '113', 'file': None, 'isCorrect': False}, {'letter': 'D', 'text': '135', 'file': None, 'isCorrect': True}, {'letter': 'E', 'text': '145', 'file': None, 'isCorrect': False}]",Média,Matemática Básica,Razão e Proporção
314,Questão 139 - ENEM 2016,139,matematica,2016,![](https://enem.dev/2016/questions/139/c748d750-cec7-42af-8fb1-4690aee8d9a8.png),['https://enem.dev/2016/questions/139/c748d750-cec7-42af-8fb1-4690aee8d9a8.png'],C,"Qual é a vazão, em litro por hora, da bomba que foi ligada no início da segunda hora?","[{'letter': 'A', 'text': '1 000', 'file': None, 'isCorrect': False}, {'letter': 'B', 'text': '1 250', 'file': None, 'isCorrect': False}, {'letter': 'C', 'text': '1 500', 'file': None, 'isCorrect': True}, {'letter': 'D', 'text': '2 000', 'file': None, 'isCorrect': False}, {'letter': 'E', 'text': '2 500', 'file': None, 'isCorrect': False}]",Média,Geometria Espacial,Unidades de Medida e Vazão
315,Questão 140 - ENEM 2016,140,matematica,2016,![](https://enem.dev/2016/questions/140/ae197a69-68db-46c4-9321-f4fd03e424dc.png),['https://enem.dev/2016/questions/140/ae197a69-68db-46c4-9321-f4fd03e424dc.png'],C,"Após as três “pesagens”, os organizadores do torneio informaram aos atletas quais deles se enfrentariam na primeira luta.
A primeira luta foi entre os atletas","[{'letter': 'A', 'text': 'I e III', 'file': None, 'isCorrect': False}, {'letter': 'B', 'text': 'I e IV', 'file': None, 'isCorrect': False}, {'letter': 'C', 'text': 'II e III', 'file': None, 'isCorrect': True}, {'letter': 'D', 'text': 'II e IV', 'file': None, 'isCorrect': False}, {'letter': 'E', 'text': 'III e IV', 'file': None, 'isCorrect': False}]",Fácil,Matemática Básica,Razão e Proporção
316,Questão 141 - ENEM 2016,141,matematica,2016,![](https://enem.dev/2016/questions/141/5157ff2e-1b33-4a36-91dd-d088df930d2c.png),['https://enem.dev/2016/questions/141/5157ff2e-1b33-4a36-91dd-d088df930d2c.png'],E,"O proprietário de um veículo precisa trocar os pneus de seu carro e, ao chegar a uma loja, é informado por um vendedor que há somente pneus com os seguintes códigos: 175/65R15, 175/75R15, 175/80R15, 185/60R15 e 205/55R15. Analisando, juntamente com o vendedor, as opções de pneus disponíveis, concluem que o pneu mais adequado para seu veículo é o que tem a menor altura.
Desta forma, o proprietário do veículo deverá comprar o pneu com a marcação","[{'letter': 'A', 'text': '205/55R15.', 'file': None, 'isCorrect': False}, {'letter': 'B', 'text': '175/65R15.', 'file': None, 'isCorrect': False}, {'letter': 'C', 'text': '175/75R15.', 'file': None, 'isCorrect': False}, {'letter': 'D', 'text': '175/80R15.', 'file': None, 'isCorrect': False}, {'letter': 'E', 'text': '185/60R15', 'file': None, 'isCorrect': True}]",Média,Matemática Básica,Razão e Proporção
317,Questão 142 - ENEM 2016,142,matematica,2016,![](https://enem.dev/2016/questions/142/27a20fd0-d2a2-46da-972f-c621f3cbdce8.png),['https://enem.dev/2016/questions/142/27a20fd0-d2a2-46da-972f-c621f3cbdce8.png'],C,"A família pretende que esse imóvel tenha a mesma distância de percurso até o local de trabalho da mãe, localizado na rua 6 com a rua E, o consultório do pai, na rua 2 com a rua E, e a escola das crianças, na rua 4 com a rua A.
Com base nesses dados, o imóvel que atende as pretensões da família deverá ser localizado no encontro das ruas","[{'letter': 'A', 'text': '3 e C', 'file': None, 'isCorrect': False}, {'letter': 'B', 'text': '4 e C', 'file': None, 'isCorrect': False}, {'letter': 'C', 'text': '4 e D', 'file': None, 'isCorrect': True}, {'letter': 'D', 'text': '4 e E', 'file': None, 'isCorrect': False}, {'letter': 'E', 'text': '5 e C', 'file': None, 'isCorrect': False}]",Média,Geometria Plana,Áreas de Figuras Planas
318,Questão 143 - ENEM 2016,143,matematica,2016,![](https://enem.dev/2016/questions/143/ed2f51dd-ec06-4496-8180-b5b75383fd27.png),['https://enem.dev/2016/questions/143/ed2f51dd-ec06-4496-8180-b5b75383fd27.png'],B,"Para satisfazer o filho mais novo, esse senhor precisa encontrar um terreno retangular cujas medidas, em metro, do comprimento e da largura sejam iguais, respectivamente, a","[{'letter': 'A', 'text': '7,5 e 14,5.', 'file': None, 'isCorrect': False}, {'letter': 'B', 'text': '9,0 e 16,0.', 'file': None, 'isCorrect': True}, {'letter': 'C', 'text': '9,3 e 16,3.', 'file': None, 'isCorrect': False}, {'letter': 'D', 'text': '10,0 e 17,0.', 'file': None, 'isCorrect': False}, {'letter': 'E', 'text': '13,5 e 20,5.', 'file': None, 'isCorrect': False}]",Média,Álgebra e Funções,Equações e Funções de 1º e 2º Grau
319,Questão 144 - ENEM 2016,144,matematica,2016,"![](https://enem.dev/2016/questions/144/3c5cca0b-8c29-4ca2-9a1f-eba9121870b2.png)

Avaliando os resultados, o conselho diretor da empresa decidiu comprar, nos dois meses subsequentes, a mesma quantidade de matéria-prima comprada no mês em que o lucro mais se aproximou da média dos lucros mensais dessa empresa nesse período de sete meses.",['https://enem.dev/2016/questions/144/3c5cca0b-8c29-4ca2-9a1f-eba9121870b2.png'],D,"Nos próximos dois meses, essa empresa deverá comprar a mesma quantidade de matéria-prima comprada no mês","[{'letter': 'A', 'text': 'I', 'file': None, 'isCorrect': False}, {'letter': 'B', 'text': 'II', 'file': None, 'isCorrect': False}, {'letter': 'C', 'text': 'IV', 'file': None, 'isCorrect': False}, {'letter': 'D', 'text': 'V', 'file': None, 'isCorrect': True}, {'letter': 'E', 'text': 'VII', 'file': None, 'isCorrect': False}]",Média,Estatística e Probabilidade,Média / Análise de Gráficos
320,Questão 145 - ENEM 2016,145,matematica,2016,"_Art. 93. A empresa com 100 (cem) ou mais empregados está obrigada a preencher de 2% (dois por cento) a 5% (cinco por cento) dos seus cargos com beneficiários reabilitados ou pessoas com deficiência, habilitadas, na seguinte proporção:_  
_I. até 200 empregados……………….. 2%;_  
_II. de 201 a 500 empregados…………… 3%;_  
_III. de 501 a 1 000 empregados………… 4%;_  
_IV. de 1 001 em diante………………. 5%._

Disponível em: www.planalto.gov.br. Acesso em: 3 fev. 2015.

Constatou-se que a empresa possui 1 200 funcionários, dos quais 10 são reabilitados ou com deficiência, habilitados.

Para adequar-se à referida lei, a empresa contratará apenas empregados que atendem ao perfil indicado no artigo 93.",[],E,"O número mínimo de empregados reabilitados ou com deficiência, habilitados, que deverá ser contratado pela empresa é","[{'letter': 'A', 'text': '74', 'file': None, 'isCorrect': False}, {'letter': 'B', 'text': '70', 'file': None, 'isCorrect': False}, {'letter': 'C', 'text': '64', 'file': None, 'isCorrect': False}, {'letter': 'D', 'text': '60', 'file': None, 'isCorrect': False}, {'letter': 'E', 'text': '53', 'file': None, 'isCorrect': True}]",Média,Matemática Básica,Porcentagem
321,Questão 146 - ENEM 2016,146,matematica,2016,,[],C,"Para atingir seu objetivo, e supondo que todos os picolés disponíveis foram vendidos no segundo dia, o valor de venda de cada picolé, no segundo dia, deve ser","[{'letter': 'A', 'text': 'R$ 0,96', 'file': None, 'isCorrect': False}, {'letter': 'B', 'text': 'R$ 1,00', 'file': None, 'isCorrect': False}, {'letter': 'C', 'text': 'R$ 1,40', 'file': None, 'isCorrect': True}, {'letter': 'D', 'text': 'R$ 1,50', 'file': None, 'isCorrect': False}, {'letter': 'E', 'text': 'R$ 1,56', 'file': None, 'isCorrect': False}]",Média,Matemática Básica,Razão e Proporção
322,Questão 147 - ENEM 2016,147,matematica,2016,,[],A,Qual o número de possibilidades de escolha dos tenistas para a partida de exibição?,"[{'letter': 'A', 'text': None, 'file': 'https://enem.dev/2016/questions/147/b312c7db-dd7d-4633-af66-83c020de8340.png', 'isCorrect': True}, {'letter': 'B', 'text': None, 'file': 'https://enem.dev/2016/questions/147/6eea6a39-3b2d-4b06-8f22-3fb8b3354049.png', 'isCorrect': False}, {'letter': 'C', 'text': None, 'file': 'https://enem.dev/2016/questions/147/e5274b9d-58c1-47d8-80c4-9ba8ea7db58f.png', 'isCorrect': False}, {'letter': 'D', 'text': None, 'file': 'https://enem.dev/2016/questions/147/9ed4324a-682b-4a89-b93b-ce8035218bc6.png', 'isCorrect': False}, {'letter': 'E', 'text': None, 'file': 'https://enem.dev/2016/questions/147/3f06a01b-fdec-4bb2-affb-45cf27b74bfd.png', 'isCorrect': False}]",Média,Combinatória e Trigonometria,Combinação
323,Questão 148 - ENEM 2016,148,matematica,2016,![](https://enem.dev/2016/questions/148/1a5c2092-7910-4ff5-8151-fc226f7d5abe.png),['https://enem.dev/2016/questions/148/1a5c2092-7910-4ff5-8151-fc226f7d5abe.png'],D,"Nessa disposição, o número que está representado na figura é","[{'letter': 'A', 'text': '46 171.', 'file': None, 'isCorrect': False}, {'letter': 'B', 'text': '147 016', 'file': None, 'isCorrect': False}, {'letter': 'C', 'text': '171 064.', 'file': None, 'isCorrect': False}, {'letter': 'D', 'text': '460 171.', 'file': None, 'isCorrect': True}, {'letter': 'E', 'text': '610 741.', 'file': None, 'isCorrect': False}]",Fácil,Matemática Básica,Operações com Frações
324,Questão 149 - ENEM 2016,149,matematica,2016,"![](https://enem.dev/2016/questions/149/555013c9-a224-4e98-8e48-a30e33d02321.png)

Com base nessas simulações, observou-se que a trajetória do projétil B deveria ser alterada para que o objetivo fosse alcançado.",['https://enem.dev/2016/questions/149/555013c9-a224-4e98-8e48-a30e33d02321.png'],C,"Para alcançar o objetivo, o coeficiente angular da reta que representa a trajetória de B deverá","[{'letter': 'A', 'text': 'Diminuir em 2 unidades', 'file': None, 'isCorrect': False}, {'letter': 'B', 'text': 'Diminuir em 4 unidades', 'file': None, 'isCorrect': False}, {'letter': 'C', 'text': 'Aumentar em 2 unidades.', 'file': None, 'isCorrect': True}, {'letter': 'D', 'text': 'Aumentar em 4 unidades.', 'file': None, 'isCorrect': False}, {'letter': 'E', 'text': 'Aumentar em 8 unidades.', 'file': None, 'isCorrect': False}]",Média,Álgebra e Funções,Equações e Funções de 1º Grau
325,Questão 150 - ENEM 2016,150,matematica,2016,,[],B,"Uma expressão que fornece o custo para revestir uma parede de área A (em metro quadrado), situada a D metros da fonte sonora, é","[{'letter': 'A', 'text': None, 'file': 'https://enem.dev/2016/questions/150/d98b4a6b-0f17-4c11-a265-5d349d907c4e.png', 'isCorrect': False}, {'letter': 'B', 'text': None, 'file': 'https://enem.dev/2016/questions/150/5eb36277-7f4b-4c1d-a3fd-68a26c9401e5.png', 'isCorrect': True}, {'letter': 'C', 'text': None, 'file': 'https://enem.dev/2016/questions/150/7ee2ec8a-740e-4cf4-a8da-b1e661261059.png', 'isCorrect': False}, {'letter': 'D', 'text': None, 'file': 'https://enem.dev/2016/questions/150/ba2ff490-2587-496a-9dce-5f8ea60661bd.png', 'isCorrect': False}, {'letter': 'E', 'text': None, 'file': 'https://enem.dev/2016/questions/150/9eebb46b-522f-45a2-96f3-469420638079.png', 'isCorrect': False}]",Média,Matemática Básica,Razão e Proporção
326,Questão 151 - ENEM 2016,151,matematica,2016,"![](https://enem.dev/2016/questions/151/b9e723b5-a63c-4c11-b026-d686e0c3c807.png)

Uma menina aos 3 anos de idade tinha altura de 85 centímetros e aos 4 anos e 4 meses sua altura chegou a um valor que corresponde a um ponto exatamente sobre a curva p50.",['https://enem.dev/2016/questions/151/b9e723b5-a63c-4c11-b026-d686e0c3c807.png'],A,"Qual foi o aumento percentual da altura dessa menina, descrito com uma casa decimal, no período considerado?","[{'letter': 'A', 'text': '23,5%', 'file': None, 'isCorrect': True}, {'letter': 'B', 'text': '21,2%', 'file': None, 'isCorrect': False}, {'letter': 'C', 'text': '19,0%', 'file': None, 'isCorrect': False}, {'letter': 'D', 'text': '11,8%', 'file': None, 'isCorrect': False}, {'letter': 'E', 'text': '10,0%', 'file': None, 'isCorrect': False}]",Média,Matemática Básica,Porcentagem / Análise de Gráficos
327,Questão 152 - ENEM 2016,152,matematica,2016,"![](https://enem.dev/2016/questions/152/b9f02657-5528-4c2c-8687-9a8db0f4a232.png)

Suponha que relativamente a cada ramificação, as opções existentes de percurso pelos caminhos apresentem iguais probabilidades de escolha, que a caminhada foi feita escolhendo ao acaso os caminhos existentes e que, ao tomar um caminho que chegue a uma área distinta da IV, o adolescente necessariamente passa por ela ou retorna.",['https://enem.dev/2016/questions/152/b9f02657-5528-4c2c-8687-9a8db0f4a232.png'],C,"Nessas condições, a probabilidade de ele chegar à área IV sem passar por outras áreas e sem
retornar é igual a","[{'letter': 'A', 'text': '1/96', 'file': None, 'isCorrect': False}, {'letter': 'B', 'text': '1/64', 'file': None, 'isCorrect': False}, {'letter': 'C', 'text': '5/24', 'file': None, 'isCorrect': True}, {'letter': 'D', 'text': '1/4', 'file': None, 'isCorrect': False}, {'letter': 'E', 'text': '5/12', 'file': None, 'isCorrect': False}]",Difícil,Estatística e Probabilidade,Probabilidade Simples e Condicional
328,Questão 153 - ENEM 2016,153,matematica,2016,"![](https://enem.dev/2016/questions/153/5ba13490-30b2-456d-9bd4-754e04e288c3.png)

A prefeitura optou pela seguinte distribuição dos funcionários a serem contratados:

I. 10 funcionários para cada região da cidade cujo número de casos seja maior que a média dos casos confirmados.  
II. 7 funcionários para cada região da cidade cujo número de casos seja menor ou igual à média dos casos confirmados.",['https://enem.dev/2016/questions/153/5ba13490-30b2-456d-9bd4-754e04e288c3.png'],D,Quantos funcionários a prefeitura deverá contratar para efetivar a ação?,"[{'letter': 'A', 'text': '59', 'file': None, 'isCorrect': False}, {'letter': 'B', 'text': '65', 'file': None, 'isCorrect': False}, {'letter': 'C', 'text': '68', 'file': None, 'isCorrect': False}, {'letter': 'D', 'text': '71', 'file': None, 'isCorrect': True}, {'letter': 'E', 'text': '80', 'file': None, 'isCorrect': False}]",Média,Estatística e Probabilidade,Média (Aritmética/Ponderada) / Análise de Gráficos/Tabelas
329,Questão 154 - ENEM 2016,154,matematica,2016,"• Marca A: 2 g de fibras a cada 50 g de pão;  
• Marca B: 5 g de fibras a cada 40 g de pão;  
• Marca C: 5 g de fibras a cada 100 g de pão;  
• Marca D: 6 g de fibras a cada 90 g de pão;  
• Marca E: 7 g de fibras a cada 70 g de pão.

Recomenda-se a ingestão do pão que possui a maior concentração de fibras.

Disponível em: www.blog.saude.gov.br. Acesso em: 25 fev. 2013.",[],B,A marca a ser escolhida é,"[{'letter': 'A', 'text': 'A', 'file': None, 'isCorrect': False}, {'letter': 'B', 'text': 'B', 'file': None, 'isCorrect': True}, {'letter': 'C', 'text': 'C', 'file': None, 'isCorrect': False}, {'letter': 'D', 'text': 'D', 'file': None, 'isCorrect': False}, {'letter': 'E', 'text': 'E', 'file': None, 'isCorrect': False}]",Fácil,Matemática Básica,Razão e Proporção
330,Questão 155 - ENEM 2016,155,matematica,2016,![](https://enem.dev/2016/questions/155/bb458c60-9970-4521-a651-92e97767141a.png),['https://enem.dev/2016/questions/155/bb458c60-9970-4521-a651-92e97767141a.png'],C,Qual é o esboço obtido pelos alunos?,"[{'letter': 'A', 'text': None, 'file': 'https://enem.dev/2016/questions/155/e5c3117b-e59c-4133-8c1c-e12224e04762.png', 'isCorrect': False}, {'letter': 'B', 'text': None, 'file': 'https://enem.dev/2016/questions/155/a49c7a7a-8bb9-4ad2-a162-bcbbaf8c5935.png', 'isCorrect': False}, {'letter': 'C', 'text': None, 'file': 'https://enem.dev/2016/questions/155/182db264-e8a6-4e01-a680-2e76be4309e6.png', 'isCorrect': True}, {'letter': 'D', 'text': None, 'file': 'https://enem.dev/2016/questions/155/c2eb34bf-a4a9-4bbc-87c5-9a6a9f8339e6.png', 'isCorrect': False}, {'letter': 'E', 'text': None, 'file': 'https://enem.dev/2016/questions/155/0a817a97-acb8-40b4-9b80-4b49b55bc9e6.png', 'isCorrect': False}]",Fácil,Geometria Espacial,Projeção Ortogonal
331,Questão 156 - ENEM 2016,156,matematica,2016,,[],E,Quantos policiais serão necessários no início do evento para garantir a segurança?,"[{'letter': 'A', 'text': '360', 'file': None, 'isCorrect': False}, {'letter': 'B', 'text': '485', 'file': None, 'isCorrect': False}, {'letter': 'C', 'text': '560', 'file': None, 'isCorrect': False}, {'letter': 'D', 'text': '740', 'file': None, 'isCorrect': False}, {'letter': 'E', 'text': '860', 'file': None, 'isCorrect': True}]",Média,Matemática Básica,Razão e Proporção
332,Questão 157 - ENEM 2016,157,matematica,2016,![](https://enem.dev/2016/questions/157/a509eb59-7fd2-4a42-a356-e1be71c628f2.png),['https://enem.dev/2016/questions/157/a509eb59-7fd2-4a42-a356-e1be71c628f2.png'],E,"Qual deve ser o lucro mínimo da empresa no mês de junho, em milhares de reais, para o gerente continuar no cargo no próximo semestre?","[{'letter': 'A', 'text': '26', 'file': None, 'isCorrect': False}, {'letter': 'B', 'text': '29', 'file': None, 'isCorrect': False}, {'letter': 'C', 'text': '30', 'file': None, 'isCorrect': False}, {'letter': 'D', 'text': '31', 'file': None, 'isCorrect': False}, {'letter': 'E', 'text': '35', 'file': None, 'isCorrect': True}]",Média,Estatística e Probabilidade,Média (Aritmética/Ponderada)
333,Questão 158 - ENEM 2016,158,matematica,2016,![](https://enem.dev/2016/questions/158/af29d603-c954-4ab7-a8b4-2c4db0cf6458.png),['https://enem.dev/2016/questions/158/af29d603-c954-4ab7-a8b4-2c4db0cf6458.png'],A,"Nas condições dadas, qual o tempo mínimo, após o sexto mês, para que o reservatório atinja o nível zero de sua capacidade?","[{'letter': 'A', 'text': '2 meses e meio.', 'file': None, 'isCorrect': True}, {'letter': 'B', 'text': '3 meses e meio.', 'file': None, 'isCorrect': False}, {'letter': 'C', 'text': '1 mês e meio.', 'file': None, 'isCorrect': False}, {'letter': 'D', 'text': '4 meses.', 'file': None, 'isCorrect': False}, {'letter': 'E', 'text': '1 mês.', 'file': None, 'isCorrect': False}]",Média,Álgebra e Funções,Equações e Funções de 1º Grau
334,Questão 159 - ENEM 2016,159,matematica,2016,,[],B,"Para atender essas condições, a quantidade de vacinas contra febre amarela que o posto de saúde deve adquirir no início do sexto mês é","[{'letter': 'A', 'text': '156', 'file': None, 'isCorrect': False}, {'letter': 'B', 'text': '180', 'file': None, 'isCorrect': True}, {'letter': 'C', 'text': '192', 'file': None, 'isCorrect': False}, {'letter': 'D', 'text': '264', 'file': None, 'isCorrect': False}, {'letter': 'E', 'text': '288', 'file': None, 'isCorrect': False}]",Média,Álgebra e Funções,Progressão Aritmética (PA) e Geométrica (PG)
335,Questão 160 - ENEM 2016,160,matematica,2016,,[],D,"Use 0,477 como aproximação para log10 3 e 1,041 como aproximação para log10 11.
O tempo decorrido, em hora, até que a liga atinja 30℃ é mais próximo de","[{'letter': 'A', 'text': '22', 'file': None, 'isCorrect': False}, {'letter': 'B', 'text': '50', 'file': None, 'isCorrect': False}, {'letter': 'C', 'text': '100', 'file': None, 'isCorrect': False}, {'letter': 'D', 'text': '200', 'file': None, 'isCorrect': True}, {'letter': 'E', 'text': '400', 'file': None, 'isCorrect': False}]",Difícil,Álgebra e Funções,Funções Exponenciais e Logarítmicas
336,Questão 161 - ENEM 2016,161,matematica,2016,![](https://enem.dev/2016/questions/161/576da257-907a-462b-98b2-4d67f2679d3d.png),['https://enem.dev/2016/questions/161/576da257-907a-462b-98b2-4d67f2679d3d.png'],D,"Suponha que ocorra um desastre quando o petroleiro se encontra com sua carga máxima: ele sofre um acidente que ocasiona um furo no fundo do compartimento C.
Para fins de cálculo, considere desprezíveis as espessuras das placas divisórias.
Após o fim do vazamento, o volume de petróleo derramado terá sido de","[{'letter': 'A', 'text': '1,4 × 10³  m³', 'file': None, 'isCorrect': False}, {'letter': 'B', 'text': '1,8 × 10³  m³', 'file': None, 'isCorrect': False}, {'letter': 'C', 'text': '2,0 × 10³  m³', 'file': None, 'isCorrect': False}, {'letter': 'D', 'text': '3,2 × 10³  m³', 'file': None, 'isCorrect': True}, {'letter': 'E', 'text': '6,0 × 10³  m³', 'file': None, 'isCorrect': False}]",Média,Geometria Espacial,Volume e Área de Prismas / Unidades de Medida e Vazão
337,Questão 162 - ENEM 2016,162,matematica,2016,![](https://enem.dev/2016/questions/162/2d6250c2-b7ea-457b-8798-db4253b32235.png),['https://enem.dev/2016/questions/162/2d6250c2-b7ea-457b-8798-db4253b32235.png'],A,"Com base nas informações do gráfico, o floricultor verificou que poderia plantar essa flor rara.
O mês escolhido para o plantio foi","[{'letter': 'A', 'text': 'Janeiro', 'file': None, 'isCorrect': True}, {'letter': 'B', 'text': 'Fevereiro', 'file': None, 'isCorrect': False}, {'letter': 'C', 'text': 'Agosto', 'file': None, 'isCorrect': False}, {'letter': 'D', 'text': 'Novembro', 'file': None, 'isCorrect': False}, {'letter': 'E', 'text': 'Dezembro', 'file': None, 'isCorrect': False}]",Fácil,Estatística e Probabilidade,Análise de Gráficos/Tabelas
338,Questão 163 - ENEM 2016,163,matematica,2016,,[],A,"Após a análise, os alunos ordenaram corretamente as densidades desses corpos da seguinte maneira","[{'letter': 'A', 'text': 'DB < dA < dC', 'file': None, 'isCorrect': True}, {'letter': 'B', 'text': 'DB = dA < dC', 'file': None, 'isCorrect': False}, {'letter': 'C', 'text': 'DC < dB = dA', 'file': None, 'isCorrect': False}, {'letter': 'D', 'text': 'DB < dC < dA', 'file': None, 'isCorrect': False}, {'letter': 'E', 'text': 'DC < dB < dA', 'file': None, 'isCorrect': False}]",Média,Geometria Espacial,Unidades de Medida e Vazão
339,Questão 164 - ENEM 2016,164,matematica,2016,"![](https://enem.dev/2016/questions/164/6be55162-4edb-4b05-9826-2502c11e4f14.png)

Como o motorista conhece o percurso, sabe que existem, até a chegada a seu destino, cinco postos de abastecimento de combustível, localizados a 150 km, 187 km, 450 km, 500 km e 570 km do ponto de partida.",['https://enem.dev/2016/questions/164/6be55162-4edb-4b05-9826-2502c11e4f14.png'],B,"Qual a máxima distância, em quilômetro, que poderá percorrer até ser necessário reabastecer o veículo, de modo a não ficar sem combustível na estrada?","[{'letter': 'A', 'text': '570', 'file': None, 'isCorrect': False}, {'letter': 'B', 'text': '500', 'file': None, 'isCorrect': True}, {'letter': 'C', 'text': '450', 'file': None, 'isCorrect': False}, {'letter': 'D', 'text': '187', 'file': None, 'isCorrect': False}, {'letter': 'E', 'text': '150', 'file': None, 'isCorrect': False}]",Fácil,Matemática Básica,Razão e Proporção
340,Questão 165 - ENEM 2016,165,matematica,2016,,[],D,Qual é o número de andares desse edifício?,"[{'letter': 'A', 'text': '40', 'file': None, 'isCorrect': False}, {'letter': 'B', 'text': '60', 'file': None, 'isCorrect': False}, {'letter': 'C', 'text': '100', 'file': None, 'isCorrect': False}, {'letter': 'D', 'text': '115', 'file': None, 'isCorrect': True}, {'letter': 'E', 'text': '120', 'file': None, 'isCorrect': False}]",Média,Matemática Básica,Razão e Proporção
341,Questão 166 - ENEM 2016,166,matematica,2016,"![](https://enem.dev/2016/questions/166/353d7220-13cd-44e2-b88b-a63acba081cd.png)

Estudos de viabilidade técnica mostraram que, pelas características do solo, a construção de 1 m de galeria via segmento de reta demora 1,0 h, enquanto que 1 m de construção de galeria via semicircunferência demora 0,6 h. Há urgência em disponibilizar água para esse bairro.

Use 3 como aproximação para π e 1,4 como aproximação para √2 .",['https://enem.dev/2016/questions/166/353d7220-13cd-44e2-b88b-a63acba081cd.png'],B,"O menor tempo possível, em hora, para conclusão da construção da galeria, para atender às necessidades de água do bairro, é de","[{'letter': 'A', 'text': '1 260.', 'file': None, 'isCorrect': False}, {'letter': 'B', 'text': '2 520.', 'file': None, 'isCorrect': True}, {'letter': 'C', 'text': '2 800.', 'file': None, 'isCorrect': False}, {'letter': 'D', 'text': '3 600.', 'file': None, 'isCorrect': False}, {'letter': 'E', 'text': '4 000.', 'file': None, 'isCorrect': False}]",Difícil,Geometria Plana,Áreas de Figuras Planas / Semelhança de Triângulos / Razão e Proporção
342,Questão 167 - ENEM 2016,167,matematica,2016,,[],C,"Qual é a área da parte frontal da tampa de concreto, em metro quadrado?","[{'letter': 'A', 'text': '18', 'file': None, 'isCorrect': False}, {'letter': 'B', 'text': '20', 'file': None, 'isCorrect': False}, {'letter': 'C', 'text': '36', 'file': None, 'isCorrect': True}, {'letter': 'D', 'text': '45', 'file': None, 'isCorrect': False}, {'letter': 'E', 'text': '54', 'file': None, 'isCorrect': False}]",Fácil,Geometria Plana,"Áreas de Figuras Planas (Quadrados, Retângulos, Triângulos, Círculos)"
343,Questão 168 - ENEM 2016,168,matematica,2016,"Para cadastrar-se em um _site_, uma pessoa precisa escolher uma senha composta por quatro caracteres, sendo dois algarismos e duas letras (maiúsculas ou minúsculas). As letras e os algarismos podem estar em qualquer posição. Essa pessoa sabe que o alfabeto é composto por vinte e seis letras e que uma letra maiúscula difere da minúscula em uma senha.

Disponível em: www.infowester.com. Acesso em: 14 dez. 2012.",[],E,O número total de senhas possíveis para o cadastramento nesse site é dado por,"[{'letter': 'A', 'text': None, 'file': 'https://enem.dev/2016/questions/168/9c64c46b-2045-4d24-b6fe-4910a0fa92c6.png', 'isCorrect': False}, {'letter': 'B', 'text': None, 'file': 'https://enem.dev/2016/questions/168/71faed84-26d8-4498-af67-d92759a194fc.png', 'isCorrect': False}, {'letter': 'C', 'text': None, 'file': 'https://enem.dev/2016/questions/168/4afeb4f7-4f38-4401-b874-8386eef6b19c.png', 'isCorrect': False}, {'letter': 'D', 'text': None, 'file': 'https://enem.dev/2016/questions/168/81a766be-84c7-4074-ac24-ee3ef4a57a20.png', 'isCorrect': False}, {'letter': 'E', 'text': None, 'file': 'https://enem.dev/2016/questions/168/2e697e5f-81cd-4458-877d-a18c3082d73e.png', 'isCorrect': True}]",Difícil,Combinatória e Trigonometria,Princípio Fundamental da Contagem
344,Questão 169 - ENEM 2016,169,matematica,2016,"![](https://enem.dev/2016/questions/169/2a3b1883-983c-4974-9c15-d43c42742ae4.png)

O Índice de Gini, que mede o grau de concentração de renda de um determinado grupo, pode ser calculado pela razão A/(A + B) em que A e B são as medidas das áreas indicadas no gráfico.

A empresa tem como meta tornar seu Índice de Gini igual ao do país, que é 0,3. Para tanto, precisa ajustar os salários de modo a alterar o percentual que representa a parcela recebida pelos 10% dos funcionários de maior salário em relação ao total da massa salarial.

Disponível em: www.ipea.gov.br. Acesso em: 4 maio 2016 (adaptado)",['https://enem.dev/2016/questions/169/2a3b1883-983c-4974-9c15-d43c42742ae4.png'],A,"Para atingir a meta desejada, o percentual deve ser","[{'letter': 'A', 'text': '40%', 'file': None, 'isCorrect': True}, {'letter': 'B', 'text': '20%', 'file': None, 'isCorrect': False}, {'letter': 'C', 'text': '60%', 'file': None, 'isCorrect': False}, {'letter': 'D', 'text': '30%', 'file': None, 'isCorrect': False}, {'letter': 'E', 'text': '70%', 'file': None, 'isCorrect': False}]",Difícil,Geometria Plana,Áreas de Figuras Planas
345,Questão 170 - ENEM 2016,170,matematica,2016,![](https://enem.dev/2016/questions/170/4e96593f-1006-47bb-9f6f-2eac204f496c.png),['https://enem.dev/2016/questions/170/4e96593f-1006-47bb-9f6f-2eac204f496c.png'],D,"Com base no quadro, qual é a moda do número de pessoas no elevador durante a subida do térreo ao quinto andar?","[{'letter': 'A', 'text': '2', 'file': None, 'isCorrect': False}, {'letter': 'B', 'text': '3', 'file': None, 'isCorrect': False}, {'letter': 'C', 'text': '4', 'file': None, 'isCorrect': False}, {'letter': 'D', 'text': '5', 'file': None, 'isCorrect': True}, {'letter': 'E', 'text': '6', 'file': None, 'isCorrect': False}]",Fácil,Estatística e Probabilidade,Moda / Análise de Gráficos/Tabelas
346,Questão 171 - ENEM 2016,171,matematica,2016,![](https://enem.dev/2016/questions/171/27a2aa79-e89f-40f4-a7ef-46822e39123c.png),['https://enem.dev/2016/questions/171/27a2aa79-e89f-40f4-a7ef-46822e39123c.png'],D,O valor mais próximo do percentual que descreve o aumento da população nas capitais da Região Nordeste é,"[{'letter': 'A', 'text': '125%', 'file': None, 'isCorrect': False}, {'letter': 'B', 'text': '231%', 'file': None, 'isCorrect': False}, {'letter': 'C', 'text': '331%', 'file': None, 'isCorrect': False}, {'letter': 'D', 'text': '700%', 'file': None, 'isCorrect': True}, {'letter': 'E', 'text': '800%', 'file': None, 'isCorrect': False}]",Média,Matemática Básica,Porcentagem / Análise de Gráficos
347,Questão 172 - ENEM 2016,172,matematica,2016,![](https://enem.dev/2016/questions/172/3fe1c831-6ce3-4efe-babc-02de4a8381b4.png),['https://enem.dev/2016/questions/172/3fe1c831-6ce3-4efe-babc-02de4a8381b4.png'],B,"Considere 1,4 e 1,7 como aproximações para √2 e √3 , respectivamente.
Para que seja atingido o seu objetivo, qual dos exemplares de serra copo o marceneiro deverá escolher?","[{'letter': 'A', 'text': 'I', 'file': None, 'isCorrect': False}, {'letter': 'B', 'text': 'II', 'file': None, 'isCorrect': True}, {'letter': 'C', 'text': 'III', 'file': None, 'isCorrect': False}, {'letter': 'D', 'text': 'IV', 'file': None, 'isCorrect': False}, {'letter': 'E', 'text': 'V', 'file': None, 'isCorrect': False}]",Média,Matemática Básica,Potenciação/Radiciação
348,Questão 173 - ENEM 2016,173,matematica,2016,"![](https://enem.dev/2016/questions/173/fdf8c101-992d-4af6-8a5a-fa7bb406d400.png)

Considere que o padrão apresentado no resultado do exame, no período analisado, se repita para os dias subsequentes.",['https://enem.dev/2016/questions/173/fdf8c101-992d-4af6-8a5a-fa7bb406d400.png'],E,"O valor do parâmetro estabelecido pelo nutricionista, para uma dieta semanal, será igual a","[{'letter': 'A', 'text': '28', 'file': None, 'isCorrect': False}, {'letter': 'B', 'text': '21', 'file': None, 'isCorrect': False}, {'letter': 'C', 'text': '2', 'file': None, 'isCorrect': False}, {'letter': 'D', 'text': '7', 'file': None, 'isCorrect': False}, {'letter': 'E', 'text': '14', 'file': None, 'isCorrect': True}]",Fácil,Matemática Básica,Razão e Proporção
349,Questão 174 - ENEM 2016,174,matematica,2016,,[],C,O número de gotas por minuto que o paciente deverá receber após as quatro primeiras horas será,"[{'letter': 'A', 'text': '16', 'file': None, 'isCorrect': False}, {'letter': 'B', 'text': '20', 'file': None, 'isCorrect': False}, {'letter': 'C', 'text': '24', 'file': None, 'isCorrect': True}, {'letter': 'D', 'text': '34', 'file': None, 'isCorrect': False}, {'letter': 'E', 'text': '40', 'file': None, 'isCorrect': False}]",Média,Matematica Básica,Razão e Proporção
350,Questão 175 - ENEM 2016,175,matematica,2016,,[],E,"Segundo a classificação dos polígonos, quais deles são possíveis de serem obtidos pelo artista plástico?","[{'letter': 'A', 'text': 'Quadrados, apenas', 'file': None, 'isCorrect': False}, {'letter': 'B', 'text': 'Triângulos e quadrados, apenas', 'file': None, 'isCorrect': False}, {'letter': 'C', 'text': 'Triângulos, quadrados e trapézios, apenas', 'file': None, 'isCorrect': False}, {'letter': 'D', 'text': 'Triângulos, quadrados, trapézios e quadriláteros irregulares, apenas.', 'file': None, 'isCorrect': False}, {'letter': 'E', 'text': 'Triângulos, quadrados, trapézios, quadriláteros irregulares e pentágonos, apenas.', 'file': None, 'isCorrect': True}]",Média,Geometria Plana,Áreas de Figuras Planas
351,Questão 176 - ENEM 2016,176,matematica,2016,![](https://enem.dev/2016/questions/176/61a544a6-f994-4313-812d-2c4b7e563cc8.png),['https://enem.dev/2016/questions/176/61a544a6-f994-4313-812d-2c4b7e563cc8.png'],B,"Em qual intervalo de tempo, em minuto, o reservatório tem uma vazão constante de enchimento?","[{'letter': 'A', 'text': 'De 0 a 10.', 'file': None, 'isCorrect': False}, {'letter': 'B', 'text': 'De 5 a 10.', 'file': None, 'isCorrect': True}, {'letter': 'C', 'text': 'De 5 a 15.', 'file': None, 'isCorrect': False}, {'letter': 'D', 'text': 'De 15 a 25.', 'file': None, 'isCorrect': False}, {'letter': 'E', 'text': 'De 0 a 25.', 'file': None, 'isCorrect': False}]",Fácil,Estatística e Probabilidade,Análise de Gráficos/Tabelas
352,Questão 177 - ENEM 2016,177,matematica,2016,"O LIRAa, Levantamento Rápido do Índice de Infestação por Aedes aegypti, consiste num mapeamento da infestação do mosquito Aedes aegypti. O LIRAa é dado pelo percentual do número de imóveis com focos do mosquito, entre os escolhidos de uma região em avaliação.

O serviço de vigilância sanitária de um município, no mês de outubro do ano corrente, analisou o LIRAa de cinco bairros que apresentaram o maior índice de infestação no ano anterior. Os dados obtidos para cada bairro foram:

I. 14 imóveis com focos de mosquito em 400 imóveis no bairro;  
II. 6 imóveis com focos de mosquito em 500 imóveis no bairro;  
III. 13 imóveis com focos de mosquito em 520 imóveis no bairro;  
IV. 9 imóveis com focos de mosquito em 360 imóveis no bairro;  
V. 15 imóveis com focos de mosquito em 500 imóveis no bairro.

Disponível em: http://bvsms.saude.gov.br. Acesso em: 28 out. 2015",[],A,As ações de controle iniciarão pelo bairro,"[{'letter': 'A', 'text': 'I', 'file': None, 'isCorrect': True}, {'letter': 'B', 'text': 'II', 'file': None, 'isCorrect': False}, {'letter': 'C', 'text': 'III', 'file': None, 'isCorrect': False}, {'letter': 'D', 'text': 'IV', 'file': None, 'isCorrect': False}, {'letter': 'E', 'text': 'V', 'file': None, 'isCorrect': False}]",Média,Matemática Básica,Porcentagem / Razão e Proporção
353,Questão 178 - ENEM 2016,178,matematica,2016,![](https://enem.dev/2016/questions/178/9dd54a28-fb1e-492d-85a3-60f05af05d97.png),['https://enem.dev/2016/questions/178/9dd54a28-fb1e-492d-85a3-60f05af05d97.png'],E,"A projeção ortogonal, no plano α, do caminho traçado no globo pode ser representada por","[{'letter': 'A', 'text': None, 'file': 'https://enem.dev/2016/questions/178/61295cd7-dbbd-4c5b-a020-38fe0d4ff8e8.png', 'isCorrect': False}, {'letter': 'B', 'text': None, 'file': 'https://enem.dev/2016/questions/178/72e0c12c-006b-4bc6-aaa6-6613a78850e7.png', 'isCorrect': False}, {'letter': 'C', 'text': None, 'file': 'https://enem.dev/2016/questions/178/9e017368-a37a-4646-8617-6931fcb8a553.png', 'isCorrect': False}, {'letter': 'D', 'text': None, 'file': 'https://enem.dev/2016/questions/178/d3cc0e36-2585-409c-91b9-1e911c184f39.png', 'isCorrect': False}, {'letter': 'E', 'text': None, 'file': 'https://enem.dev/2016/questions/178/441c5d19-71f8-48ed-96c3-897298ff37c9.png', 'isCorrect': True}]",Média,Geometria Espacial,Projeção Ortogonal
354,Questão 179 - ENEM 2016,179,matematica,2016,,[],B,O filtro descartado é o,"[{'letter': 'A', 'text': 'F1.', 'file': None, 'isCorrect': False}, {'letter': 'B', 'text': 'F2.', 'file': None, 'isCorrect': True}, {'letter': 'C', 'text': 'F3.', 'file': None, 'isCorrect': False}, {'letter': 'D', 'text': 'F4.', 'file': None, 'isCorrect': False}, {'letter': 'E', 'text': 'F5.', 'file': None, 'isCorrect': False}]",Média,Geometria Espacial,"Volume e Área de Prismas, Cilindros, Cones, Pirâmides e Esferas"
355,Questão 180 - ENEM 2016,180,matematica,2016,"![](https://enem.dev/2016/questions/180/903f1104-77ad-4319-a940-e7e2ab5d498b.png)

sendo E a energia, em kWh, liberada pelo terremoto e E0 uma constante real positiva. Considere que E1 e E2 representam as energias liberadas nos terremotos ocorridos no Japão e na China, respectivamente.",['https://enem.dev/2016/questions/180/903f1104-77ad-4319-a940-e7e2ab5d498b.png'],C,Qual a relação entre E1 e E2?,"[{'letter': 'A', 'text': 'E1 = E2 + 2', 'file': None, 'isCorrect': False}, {'letter': 'B', 'text': 'E1 = 10².E2', 'file': None, 'isCorrect': False}, {'letter': 'C', 'text': 'E1 = 10³.E2', 'file': None, 'isCorrect': True}, {'letter': 'D', 'text': 'E1 = 109/7.E2', 'file': None, 'isCorrect': False}, {'letter': 'E', 'text': 'E1 = 9/7.E2', 'file': None, 'isCorrect': False}]",Difícil,Álgebra e Funções,Funções Exponenciais e Logarítmicas
356,Questão 136 - ENEM 2015,136,matematica,2015,![](https://enem.dev/2015/questions/136/84935bca-6121-4afe-b517-3d0bce9ed500.png),['https://enem.dev/2015/questions/136/84935bca-6121-4afe-b517-3d0bce9ed500.png'],B,Quantas operações o investidor fez naquele dia?,"[{'letter': 'A', 'text': '3', 'file': None, 'isCorrect': False}, {'letter': 'B', 'text': '4', 'file': None, 'isCorrect': True}, {'letter': 'C', 'text': '5', 'file': None, 'isCorrect': False}, {'letter': 'D', 'text': '6', 'file': None, 'isCorrect': False}, {'letter': 'E', 'text': '7', 'file': None, 'isCorrect': False}]",Fácil,Estatística e Probabilidade,Análise de Gráficos/Tabelas
357,Questão 137 - ENEM 2015,137,matematica,2015,"Considere 1,7 como aproximação para √3.",[],A,"O tampo a ser escolhido será aquele cujo raio, em centímetros, é igual a","[{'letter': 'A', 'text': '18', 'file': None, 'isCorrect': True}, {'letter': 'B', 'text': '26', 'file': None, 'isCorrect': False}, {'letter': 'C', 'text': '30', 'file': None, 'isCorrect': False}, {'letter': 'D', 'text': '35', 'file': None, 'isCorrect': False}, {'letter': 'E', 'text': '60', 'file': None, 'isCorrect': False}]",Média,Geometria Plana,Áreas de Figuras Planas
358,Questão 138 - ENEM 2015,138,matematica,2015,![](https://enem.dev/2015/questions/138/386a223a-c3a3-4465-9197-ec9ac1d2fc9d.png),['https://enem.dev/2015/questions/138/386a223a-c3a3-4465-9197-ec9ac1d2fc9d.png'],D,"O valor pago na locadora Q é menor ou igual àquele pago na locadora P para distâncias, em quilômetros, presentes em qual(is) intervalo(s)?","[{'letter': 'A', 'text': 'De 20 a 100.', 'file': None, 'isCorrect': False}, {'letter': 'B', 'text': 'De 80 a 130.', 'file': None, 'isCorrect': False}, {'letter': 'C', 'text': 'De 100 a 160.', 'file': None, 'isCorrect': False}, {'letter': 'D', 'text': 'De 0 a 20 e de 100 a 160.', 'file': None, 'isCorrect': True}, {'letter': 'E', 'text': 'De 40 a 80 e de 130 a 160.', 'file': None, 'isCorrect': False}]",Média,Álgebra e Funções,Equações e Funções de 1º Grau
359,Questão 139 - ENEM 2015,139,matematica,2015,![](https://enem.dev/2015/questions/139/84f82cb3-3bd8-4fa1-8795-652c0c91fa30.png),['https://enem.dev/2015/questions/139/84f82cb3-3bd8-4fa1-8795-652c0c91fa30.png'],E,"Segundo as regras do jogo, quantas cartas da mão desse jogador podem formar um par com a carta da mesa?","[{'letter': 'A', 'text': '9', 'file': None, 'isCorrect': False}, {'letter': 'B', 'text': '7', 'file': None, 'isCorrect': False}, {'letter': 'C', 'text': '5', 'file': None, 'isCorrect': False}, {'letter': 'D', 'text': '4', 'file': None, 'isCorrect': False}, {'letter': 'E', 'text': '3', 'file': None, 'isCorrect': True}]",Fácil,Matemática Básica,Operações com Frações
360,Questão 140 - ENEM 2015,140,matematica,2015,"![](https://enem.dev/2015/questions/140/b83a0d54-9959-4218-96b9-3b44ec7d745e.png)

Uma empresa vai lançar uma promoção utilizando apenas uma categoria nas classes A e B (A/B) e uma categoria nas classes C e D (C/D).",['https://enem.dev/2015/questions/140/b83a0d54-9959-4218-96b9-3b44ec7d745e.png'],B,"De acordo com o resultado da pesquisa, para atingir o maior número de consumidores das classes A/B e C/D, a empresa deve realizar a promoção, respectivamente, via","[{'letter': 'A', 'text': 'Correios e SMS.', 'file': None, 'isCorrect': False}, {'letter': 'B', 'text': 'Internet e Correios.', 'file': None, 'isCorrect': True}, {'letter': 'C', 'text': 'Internet e internet.', 'file': None, 'isCorrect': False}, {'letter': 'D', 'text': 'Internet e mídias sociais.', 'file': None, 'isCorrect': False}, {'letter': 'E', 'text': 'Rádio/TV e rádio/TV.', 'file': None, 'isCorrect': False}]",Fácil,Estatística e Probabilidade,Análise de Gráficos/Tabelas
361,Questão 141 - ENEM 2015,141,matematica,2015,,[],C,"O volume máximo, em cm³, da mistura sabor morango que deverá ser colocado na embalagem é","[{'letter': 'A', 'text': '450.', 'file': None, 'isCorrect': False}, {'letter': 'B', 'text': '500.', 'file': None, 'isCorrect': False}, {'letter': 'C', 'text': '600.', 'file': None, 'isCorrect': True}, {'letter': 'D', 'text': '750.', 'file': None, 'isCorrect': False}, {'letter': 'E', 'text': '1 000.', 'file': None, 'isCorrect': False}]",Média,Geometria Espacial,"Volume e Área de Prismas, Cilindros, Cones, Pirâmides e Esferas"
362,Questão 142 - ENEM 2015,142,matematica,2015,,[],C,Qual é a probabilidade de a senha sorteada ser um número de 1 a 20?,"[{'letter': 'A', 'text': '1/100', 'file': None, 'isCorrect': False}, {'letter': 'B', 'text': '19/100', 'file': None, 'isCorrect': False}, {'letter': 'C', 'text': '20/100', 'file': None, 'isCorrect': True}, {'letter': 'D', 'text': '21/100', 'file': None, 'isCorrect': False}, {'letter': 'E', 'text': '80/100', 'file': None, 'isCorrect': False}]",Fácil,Estatística e Probabilidade,Probabilidade Simples e Condicional
363,Questão 143 - ENEM 2015,143,matematica,2015,![](https://enem.dev/2015/questions/143/782cd653-e43f-4da4-9a86-bce130429805.png),['https://enem.dev/2015/questions/143/782cd653-e43f-4da4-9a86-bce130429805.png'],D,A mediana dos tempos apresentados no quadro é,"[{'letter': 'A', 'text': '20,70.', 'file': None, 'isCorrect': False}, {'letter': 'B', 'text': '20,77.', 'file': None, 'isCorrect': False}, {'letter': 'C', 'text': '20,80.', 'file': None, 'isCorrect': False}, {'letter': 'D', 'text': '20,85.', 'file': None, 'isCorrect': True}, {'letter': 'E', 'text': '20,90.', 'file': None, 'isCorrect': False}]",Fácil,Estatística e Probabilidade,Mediana
364,Questão 144 - ENEM 2015,144,matematica,2015,"![](https://enem.dev/2015/questions/144/4b656609-56fc-45a4-8e34-a4c7e0bb8513.png)

Visando atender as orientações do Comitê Central da Federação Internacional de Basquete (Fiba) em 2010, que unificou as marcações das diversas ligas, foi prevista uma modificação nos garrafões das quadras, que passariam a ser retângulos, como mostra o Esquema II.

![](https://enem.dev/2015/questions/144/c4aff79b-17b7-4a0e-86ce-a00808954ddc.png)","['https://enem.dev/2015/questions/144/4b656609-56fc-45a4-8e34-a4c7e0bb8513.png', 'https://enem.dev/2015/questions/144/c4aff79b-17b7-4a0e-86ce-a00808954ddc.png']",A,"Após executdas as modificações previstas, houve uma alteração na área ocupada por cada garrafão, que corresponde a um(a)","[{'letter': 'A', 'text': 'Aumento de 5 800 cm².', 'file': None, 'isCorrect': True}, {'letter': 'B', 'text': 'Aumento de 75 400 cm².', 'file': None, 'isCorrect': False}, {'letter': 'C', 'text': 'Aumento de 214 600 cm².', 'file': None, 'isCorrect': False}, {'letter': 'D', 'text': 'Diminuição de 63 800 cm².', 'file': None, 'isCorrect': False}, {'letter': 'E', 'text': 'Diminuição de 272 600 cm².', 'file': None, 'isCorrect': False}]",Média,Geometria Plana,"Áreas de Figuras Planas (Quadrados, Retângulos, Triângulos, Círculos)"
365,Questão 146 - ENEM 2015,146,matematica,2015,,[],C,"Qual deve ser o aumento, em metros, no raio da cisterna para atingir o volume desejado?","[{'letter': 'A', 'text': '0,5', 'file': None, 'isCorrect': False}, {'letter': 'B', 'text': '1,0', 'file': None, 'isCorrect': False}, {'letter': 'C', 'text': '2,0', 'file': None, 'isCorrect': True}, {'letter': 'D', 'text': '3,5', 'file': None, 'isCorrect': False}, {'letter': 'E', 'text': '8,0', 'file': None, 'isCorrect': False}]",Média,Geometria Espacial,"Volume e Área de Prismas, Cilindros, Cones, Pirâmides e Esferas"
366,Questão 147 - ENEM 2015,147,matematica,2015,![](https://enem.dev/2015/questions/147/09fe1110-3444-4a3d-b60c-d86c6f3d705a.png),['https://enem.dev/2015/questions/147/09fe1110-3444-4a3d-b60c-d86c6f3d705a.png'],C,Quantas configurações distintas das notas a serem atribuídas pelo jurado B no quesito Bateria tornariam campeã a Escola II?,"[{'letter': 'A', 'text': '21', 'file': None, 'isCorrect': False}, {'letter': 'B', 'text': '90', 'file': None, 'isCorrect': False}, {'letter': 'C', 'text': '750', 'file': None, 'isCorrect': True}, {'letter': 'D', 'text': '1 250', 'file': None, 'isCorrect': False}, {'letter': 'E', 'text': '3 125', 'file': None, 'isCorrect': False}]",Difícil,Combinatória e Trigonometria,Princípio Fundamental da Contagem
367,Questão 148 - ENEM 2015,148,matematica,2015,"![](https://enem.dev/2015/questions/148/971eb9cd-abf9-48be-994d-d1e0f2bdcc60.png)

De acordo com as normas desse porto, os contêineres deverão ser empilhados de forma a não sobrarem espaços nem ultrapassarem a área delimitada",['https://enem.dev/2015/questions/148/971eb9cd-abf9-48be-994d-d1e0f2bdcc60.png'],A,"Após o empilhamento total da carga e atendendo à norma do porto, a altura mínima a ser atingida por essa pilha de contêineres é","[{'letter': 'A', 'text': '12,5 m.', 'file': None, 'isCorrect': True}, {'letter': 'B', 'text': '17,5 m.', 'file': None, 'isCorrect': False}, {'letter': 'C', 'text': '25,0 m.', 'file': None, 'isCorrect': False}, {'letter': 'D', 'text': '22,5 m.', 'file': None, 'isCorrect': False}, {'letter': 'E', 'text': '32,5 m.', 'file': None, 'isCorrect': False}]",Média,Matemática Básica,Razão e Proporção / Operações com Frações
368,Questão 149 - ENEM 2015,149,matematica,2015,,[],C,"Com base nas informações, qual é a quantidade de cores que serão utilizadas na pintura das faces do troféu?","[{'letter': 'A', 'text': '6', 'file': None, 'isCorrect': False}, {'letter': 'B', 'text': '8', 'file': None, 'isCorrect': False}, {'letter': 'C', 'text': '14', 'file': None, 'isCorrect': True}, {'letter': 'D', 'text': '24', 'file': None, 'isCorrect': False}, {'letter': 'E', 'text': '30', 'file': None, 'isCorrect': False}]",Difícil,Combinatória e Trigonometria,Princípio Fundamental da Contagem
369,Questão 150 - ENEM 2015,150,matematica,2015,"q = 400 – 100_p_,

na qual _q_ representa a quantidade de pães especiais vendidos diariamente e _p_, o seu preço em reais.

A fim de aumentar o fluxo de clientes, o gerente da padaria decidiu fazer uma promoção. Para tanto, modificará o preço do pão especial de modo que a quantidade a ser vendida diariamente seja a maior possível, sem diminuir a média de arrecadação diária na venda desse produto.",[],A,"O preço p, em reais, do pão especial nessa promoção deverá estar no intervalo","[{'letter': 'A', 'text': 'R$ 0,50 ≤ p < R$ 1,50', 'file': None, 'isCorrect': True}, {'letter': 'B', 'text': 'R$ 1,50 ≤ p < R$ 2,50', 'file': None, 'isCorrect': False}, {'letter': 'C', 'text': 'R$ 2,50 ≤ p < R$ 3,50', 'file': None, 'isCorrect': False}, {'letter': 'D', 'text': 'R$ 3,50 ≤ p < R$ 4,50', 'file': None, 'isCorrect': False}, {'letter': 'E', 'text': 'R$ 4,50 ≤ p < R$ 5,50', 'file': None, 'isCorrect': False}]",Difícil,Álgebra e Funções,Equações e Funções de 1º e 2º Grau
370,Questão 151 - ENEM 2015,151,matematica,2015,"Para diminuir os custos, a proposta escolhida deveria ser também aquela que vacinasse a menor quantidade possível de pessoas.

Disponível em: www.virushpv.com.br. Acesso em: 30 ago. 2014 (adaptado).",[],A,A proposta implementada foi a de número,"[{'letter': 'A', 'text': 'I.', 'file': None, 'isCorrect': True}, {'letter': 'B', 'text': 'II.', 'file': None, 'isCorrect': False}, {'letter': 'C', 'text': 'III.', 'file': None, 'isCorrect': False}, {'letter': 'D', 'text': 'IV.', 'file': None, 'isCorrect': False}, {'letter': 'E', 'text': 'V.', 'file': None, 'isCorrect': False}]",Fácil,Matemática Básica,Razão e Proporção
371,Questão 152 - ENEM 2015,152,matematica,2015,,[],E,"Se a estimativa for alcançada, qual é a expressão que determina o número de unidades produzidas P em função de t, para t ≥ 1?","[{'letter': 'A', 'text': 'P(t) = 0,5 · t-1 + 8 000', 'file': None, 'isCorrect': False}, {'letter': 'B', 'text': 'P(t) = 50 · t-1 + 8 000', 'file': None, 'isCorrect': False}, {'letter': 'C', 'text': 'P(t) = 4 000 · t-1 + 8 000', 'file': None, 'isCorrect': False}, {'letter': 'D', 'text': 'P(t) = 8 000 · (0,5)t - 1', 'file': None, 'isCorrect': False}, {'letter': 'E', 'text': 'P(t) = 8 000 · (1,5)t - 1', 'file': None, 'isCorrect': True}]",Difícil,Álgebra e Funções,Funções Exponenciais e Logarítmicas
372,Questão 153 - ENEM 2015,153,matematica,2015,![](https://enem.dev/2015/questions/153/867b7f6a-c261-459f-b335-19447fabfce0.png),['https://enem.dev/2015/questions/153/867b7f6a-c261-459f-b335-19447fabfce0.png'],C,"Entre esses polígonos, o único que satisfaz as condições necessárias para representar a ingestão correta de diferentes tipos de alimentos é o","[{'letter': 'A', 'text': 'Triângulo.', 'file': None, 'isCorrect': False}, {'letter': 'B', 'text': 'Losango.', 'file': None, 'isCorrect': False}, {'letter': 'C', 'text': 'Pentágono.', 'file': None, 'isCorrect': True}, {'letter': 'D', 'text': 'Hexágono.', 'file': None, 'isCorrect': False}, {'letter': 'E', 'text': 'Octógono.', 'file': None, 'isCorrect': False}]",Fácil,Geometria Plana,Áreas de Figuras Planas
373,Questão 154 - ENEM 2015,154,matematica,2015,"![](https://enem.dev/2015/questions/154/65c7dd7a-2e17-4352-a584-ed42ea5b0559.png)

A forma do vidro foi concebida de modo que o eixo _x_ sempre divida ao meio a altura _h_ do vidro e a base do vidro seja paralela ao eixo _x_. Obedecendo a essas condições, o engenheiro determinou uma expressão que fornece a altura h do vidro em função da medida _n_ de sua base, em metros.",['https://enem.dev/2015/questions/154/65c7dd7a-2e17-4352-a584-ed42ea5b0559.png'],E,A expressão algébrica que determina a altura do vidro é,"[{'letter': 'A', 'text': None, 'file': 'https://enem.dev/2015/questions/154/be2d8a09-67d6-47ab-9914-97fc82b976f6.png', 'isCorrect': False}, {'letter': 'B', 'text': None, 'file': 'https://enem.dev/2015/questions/154/43c54dd9-c26a-453d-bf90-d9fa906df4aa.png', 'isCorrect': False}, {'letter': 'C', 'text': None, 'file': 'https://enem.dev/2015/questions/154/2c78e0f7-b32d-4fd2-ba1c-8e1f94ba5b4f.png', 'isCorrect': False}, {'letter': 'D', 'text': None, 'file': 'https://enem.dev/2015/questions/154/4ddc69b0-924b-4616-9310-a765045b9be8.png', 'isCorrect': False}, {'letter': 'E', 'text': None, 'file': 'https://enem.dev/2015/questions/154/4905391e-89e5-4c92-b16b-8c709883a102.png', 'isCorrect': True}]",Difícil,Álgebra e Funções,Equações e Funções de 1º e 2º Grau
374,Questão 155 - ENEM 2015,155,matematica,2015,"![](https://enem.dev/2015/questions/155/b5b18afc-ec22-42af-9b29-474d822405e7.png)

O ponto _O_ indica a posição da nova antena, e sua região de cobertura será um círculo cuja circunferência tangenciará externamente as circunferências das áreas de cobertura menores.",['https://enem.dev/2015/questions/155/b5b18afc-ec22-42af-9b29-474d822405e7.png'],A,"Com a instalação da nova antena, a medida da área de cobertura, em quilômetros quadrados, foi ampliada em","[{'letter': 'A', 'text': '8π.', 'file': None, 'isCorrect': True}, {'letter': 'B', 'text': '12π.', 'file': None, 'isCorrect': False}, {'letter': 'C', 'text': '16π.', 'file': None, 'isCorrect': False}, {'letter': 'D', 'text': '32π.', 'file': None, 'isCorrect': False}, {'letter': 'E', 'text': '64π.', 'file': None, 'isCorrect': False}]",Difícil,Geometria Plana,"Áreas de Figuras Planas (Quadrados, Retângulos, Triângulos, Círculos)"
375,Questão 156 - ENEM 2015,156,matematica,2015,,[],D,"Efetuando o pagamento dessa forma, o valor, em reais, a ser pago ao banco na décima prestação é de","[{'letter': 'A', 'text': '2 075,00.', 'file': None, 'isCorrect': False}, {'letter': 'B', 'text': '2 093,00.', 'file': None, 'isCorrect': False}, {'letter': 'C', 'text': '2 138,00.', 'file': None, 'isCorrect': False}, {'letter': 'D', 'text': '2 255,00.', 'file': None, 'isCorrect': True}, {'letter': 'E', 'text': '2 300,00.', 'file': None, 'isCorrect': False}]",Média,Álgebra e Funções,Progressão Aritmética (PA) e Geométrica (PG)
376,Questão 157 - ENEM 2015,157,matematica,2015,"As exportações de soja do Brasil totalizaram 4,129 milhões de toneladas no mês de julho de 2012, e registraram um aumento em relação ao mês de julho de 2011, embora tenha havido uma baixa em relação ao mês de maio de 2012.

Disponível em: www.noticiasagricolas.com.br. Acesso em: 2 ago. 2012.",[],C,"A quantidade, em quilogramas, de soja exportada pelo Brasil no mês de julho de 2012 foi de","[{'letter': 'A', 'text': '4,129 x 10³', 'file': None, 'isCorrect': False}, {'letter': 'B', 'text': '4,129 x 106', 'file': None, 'isCorrect': False}, {'letter': 'C', 'text': '4,129 x 109', 'file': None, 'isCorrect': True}, {'letter': 'D', 'text': '4,129 x 1012', 'file': None, 'isCorrect': False}, {'letter': 'E', 'text': '4,129 x 1015', 'file': None, 'isCorrect': False}]",Fácil,Matemática Básica,Potenciação/Radiciação
377,Questão 158 - ENEM 2015,158,matematica,2015,"![](https://enem.dev/2015/questions/158/502bd419-a7b2-413c-92e6-01c5fee8ad38.png)

Uma enfermeira deve administrar um medicamento X a uma criança inconsciente, cuja dosagem de adulto é de 60 mg. A enfermeira não consegue descobrir onde está registrada a idade da criança no prontuário, mas identifica que, algumas horas antes, foi administrada a ela uma dose de 14 mg de um medicamento Y, cuja dosagem de adulto é 42 mg. Sabe-se que a dose da medicação Y administrada à criança estava correta.",['https://enem.dev/2015/questions/158/502bd419-a7b2-413c-92e6-01c5fee8ad38.png'],B,"Então, a enfermeira deverá ministrar uma dosagem do medicamento X, em miligramas, igual a","[{'letter': 'A', 'text': '15.', 'file': None, 'isCorrect': False}, {'letter': 'B', 'text': '20.', 'file': None, 'isCorrect': True}, {'letter': 'C', 'text': '30.', 'file': None, 'isCorrect': False}, {'letter': 'D', 'text': '36.', 'file': None, 'isCorrect': False}, {'letter': 'E', 'text': '40.', 'file': None, 'isCorrect': False}]",Fácil,Matemática Básica,Razão e Proporção
378,Questão 159 - ENEM 2015,159,matematica,2015,"Segundo dados apurados no Censo 2010, para uma população de 101,8 milhões de brasileiros com 10 anos ou mais de idade e que teve algum tipo de rendimento em 2010, a renda média mensal apurada foi de R$ 1 202,00. A soma dos rendimentos mensais dos 10% mais pobres correspondeu a apenas 1,1% do total de rendimentos dessa população considerada, enquanto que a soma dos rendimentos mensais dos 10% mais ricos correspondeu a 44,5% desse total.

Disponível em: www.estadao.com.br. Acesso em: 16 nov. 2011(adaptado).",[],E,"Qual foi a diferença, em reais, entre a renda média mensal de um brasileiro que estava na faixa dos 10% mais ricos e de um brasileiro que estava na faixa dos 10% mais pobres?","[{'letter': 'A', 'text': '240,40', 'file': None, 'isCorrect': False}, {'letter': 'B', 'text': '548,11', 'file': None, 'isCorrect': False}, {'letter': 'C', 'text': '1 723,67', 'file': None, 'isCorrect': False}, {'letter': 'D', 'text': '4 026,70', 'file': None, 'isCorrect': False}, {'letter': 'E', 'text': '5 216,68', 'file': None, 'isCorrect': True}]",Difícil,Matemática Básica,Porcentagem / Razão e Proporção
379,Questão 160 - ENEM 2015,160,matematica,2015,![](https://enem.dev/2015/questions/160/1efe6cb5-d767-4175-b0c3-39e98266f7cd.png),['https://enem.dev/2015/questions/160/1efe6cb5-d767-4175-b0c3-39e98266f7cd.png'],D,"A largura e o comprimento reais da pegada, em centímetros, são, respectivamente, iguais a","[{'letter': 'A', 'text': '4,9 e 7,6.', 'file': None, 'isCorrect': False}, {'letter': 'B', 'text': '8,6 e 9,8.', 'file': None, 'isCorrect': False}, {'letter': 'C', 'text': '14,2 e 15,4.', 'file': None, 'isCorrect': False}, {'letter': 'D', 'text': '26,4 e 40,8.', 'file': None, 'isCorrect': True}, {'letter': 'E', 'text': '27,5 e 42,5.', 'file': None, 'isCorrect': False}]",Média,Matemática Básica,Escala
380,Questão 161 - ENEM 2015,161,matematica,2015,"![](https://enem.dev/2015/questions/161/f840c071-3522-4f1a-986f-6456acba44c9.png)

Essa indústria recebeu a encomenda de uma malha de proteção solar para ser aplicada em um vidro retangular de 5 m de largura por 9 m de comprimento.",['https://enem.dev/2015/questions/161/f840c071-3522-4f1a-986f-6456acba44c9.png'],A,"A medida de d, em milímetros, para que a taxa de cobertura da malha seja de 75% é","[{'letter': 'A', 'text': '2', 'file': None, 'isCorrect': True}, {'letter': 'B', 'text': '1', 'file': None, 'isCorrect': False}, {'letter': 'C', 'text': '11/3', 'file': None, 'isCorrect': False}, {'letter': 'D', 'text': '4/3', 'file': None, 'isCorrect': False}, {'letter': 'E', 'text': '2/3', 'file': None, 'isCorrect': False}]",Difícil,Geometria Plana,Áreas de Figuras Planas
381,Questão 162 - ENEM 2015,162,matematica,2015,,[],E,"Atendendo o pedido do arquiteto, o carpinteiro deverá produzir","[{'letter': 'A', 'text': '105 peças.', 'file': None, 'isCorrect': False}, {'letter': 'B', 'text': '120 peças.', 'file': None, 'isCorrect': False}, {'letter': 'C', 'text': '210 peças.', 'file': None, 'isCorrect': False}, {'letter': 'D', 'text': '243 peças.', 'file': None, 'isCorrect': False}, {'letter': 'E', 'text': '420 peças.', 'file': None, 'isCorrect': True}]",Média,Matemática Básica,Razão e Proporção
382,Questão 163 - ENEM 2015,163,matematica,2015,"![](https://enem.dev/2015/questions/163/eb67eda1-2354-45e8-a0a6-d6834a7bcf73.png)

Para controle das aplicações, definiu-se a unidade de insulina como 0,01 mL. Antes de cada aplicação, é necessário descartar 2 unidades de insulina, de forma a retirar possíveis bolhas de ar.

A um paciente foram prescritas duas aplicações diárias: 10 unidades de insulina pela manhã e 10 à noite.",['https://enem.dev/2015/questions/163/eb67eda1-2354-45e8-a0a6-d6834a7bcf73.png'],A,Qual o número máximo de aplicações por refil que o paciente poderá utilizar com a dosagem prescrita?,"[{'letter': 'A', 'text': '25', 'file': None, 'isCorrect': True}, {'letter': 'B', 'text': '15', 'file': None, 'isCorrect': False}, {'letter': 'C', 'text': '13', 'file': None, 'isCorrect': False}, {'letter': 'D', 'text': '12', 'file': None, 'isCorrect': False}, {'letter': 'E', 'text': '8', 'file': None, 'isCorrect': False}]",Média,Matemática Básica,Razão e Proporção
383,Questão 164 - ENEM 2015,164,matematica,2015,"![](https://enem.dev/2015/questions/164/143503ba-442f-4e6e-b47f-56b581a76e04.png)

Disponível em: www.gebh.net. Acesso em: 30 out. 2013 (adaptado).",['https://enem.dev/2015/questions/164/143503ba-442f-4e6e-b47f-56b581a76e04.png'],A,O número de formas distintas de se acomodar a família nesse voo é calculado por,"[{'letter': 'A', 'text': None, 'file': 'https://enem.dev/2015/questions/164/0869442c-5c3e-44b3-b332-405996495c75.png', 'isCorrect': True}, {'letter': 'B', 'text': None, 'file': 'https://enem.dev/2015/questions/164/9300da4b-9267-4ae3-86bb-2ff393573382.png', 'isCorrect': False}, {'letter': 'C', 'text': None, 'file': 'https://enem.dev/2015/questions/164/a2f657c8-2181-405d-8964-6929347b8647.png', 'isCorrect': False}, {'letter': 'D', 'text': None, 'file': 'https://enem.dev/2015/questions/164/d4c33e90-1fde-4706-814b-0cb3afbe24ca.png', 'isCorrect': False}, {'letter': 'E', 'text': None, 'file': 'https://enem.dev/2015/questions/164/e060a6cb-eecc-42c4-813e-99f1d3f9ebe3.png', 'isCorrect': False}]",Difícil,Combinatória e Trigonometria,Princípio Fundamental da Contagem
384,Questão 165 - ENEM 2015,165,matematica,2015,"![](https://enem.dev/2015/questions/165/0cf3eb67-f1f6-4a40-89fc-106ba00c5769.png)

O parque aquático já conta com uma piscina em formato retangular com dimensões 50 m x 24 m.

O proprietário quer que a área ocupada pela nova piscina seja menor que a ocupada pela piscina já existente.

Considere 3,0 como aproximação para π.",['https://enem.dev/2015/questions/165/0cf3eb67-f1f6-4a40-89fc-106ba00c5769.png'],B,"O maior valor possível para R, em metros, deverá ser","[{'letter': 'A', 'text': '16.', 'file': None, 'isCorrect': False}, {'letter': 'B', 'text': '28.', 'file': None, 'isCorrect': True}, {'letter': 'C', 'text': '29.', 'file': None, 'isCorrect': False}, {'letter': 'D', 'text': '31.', 'file': None, 'isCorrect': False}, {'letter': 'E', 'text': '49.', 'file': None, 'isCorrect': False}]",Média,Geometria Plana,"Áreas de Figuras Planas (Quadrados, Retângulos, Círculos)"
385,Questão 166 - ENEM 2015,166,matematica,2015,,[],D,Qual o tipo de garrafa escolhida pela paciente?,"[{'letter': 'A', 'text': 'I', 'file': None, 'isCorrect': False}, {'letter': 'B', 'text': 'II', 'file': None, 'isCorrect': False}, {'letter': 'C', 'text': 'III', 'file': None, 'isCorrect': False}, {'letter': 'D', 'text': 'IV', 'file': None, 'isCorrect': True}, {'letter': 'E', 'text': 'V', 'file': None, 'isCorrect': False}]",Média,Geometria Espacial,"Volume e Área de Prismas, Cilindros, Cones, Pirâmides e Esferas"
386,Questão 167 - ENEM 2015,167,matematica,2015,"![](https://enem.dev/2015/questions/167/2268b8ec-e5a5-4ef4-a721-38486fd4acf2.png)

Após os cortes, a folha é aberta e a bandeirinha está pronta.",['https://enem.dev/2015/questions/167/2268b8ec-e5a5-4ef4-a721-38486fd4acf2.png'],E,A figura que representa a forma da bandeirinha pronta é,"[{'letter': 'A', 'text': None, 'file': 'https://enem.dev/2015/questions/167/c7707187-1dcc-4b79-a0fd-3cba4e4d8212.png', 'isCorrect': False}, {'letter': 'B', 'text': None, 'file': 'https://enem.dev/2015/questions/167/06cc78fe-8ad4-4f23-b6b6-02d727814700.png', 'isCorrect': False}, {'letter': 'C', 'text': None, 'file': 'https://enem.dev/2015/questions/167/fd296280-879a-4951-8cd0-b3fee6644669.png', 'isCorrect': False}, {'letter': 'D', 'text': None, 'file': 'https://enem.dev/2015/questions/167/45aeea48-7e4c-4504-8020-4593e5c6e39f.png', 'isCorrect': False}, {'letter': 'E', 'text': None, 'file': 'https://enem.dev/2015/questions/167/101bffec-b1af-4f17-a229-1a494e3f403e.png', 'isCorrect': True}]",Fácil,Geometria Plana,Áreas de Figuras Planas
387,Questão 168 - ENEM 2015,168,matematica,2015,,[],D,A probabilidade de o entrevistador ser entendido e ter sua pergunta oralmente respondida em inglês é,"[{'letter': 'A', 'text': '23,7%', 'file': None, 'isCorrect': False}, {'letter': 'B', 'text': '30,0%', 'file': None, 'isCorrect': False}, {'letter': 'C', 'text': '44,1%', 'file': None, 'isCorrect': False}, {'letter': 'D', 'text': '65,7%', 'file': None, 'isCorrect': True}, {'letter': 'E', 'text': '90,0%', 'file': None, 'isCorrect': False}]",Média,Estatística e Probabilidade,Probabilidade Simples e Condicional
388,Questão 169 - ENEM 2015,169,matematica,2015,![](https://enem.dev/2015/questions/169/fed74b1c-7354-40bc-8c64-834a528c49d7.png),['https://enem.dev/2015/questions/169/fed74b1c-7354-40bc-8c64-834a528c49d7.png'],C,"De acordo com os gráficos, a quantidade de embalagens PET recicladas destinadas à produção de tecidos e malhas, em kton, é mais aproximada de","[{'letter': 'A', 'text': '16,0.', 'file': None, 'isCorrect': False}, {'letter': 'B', 'text': '22,9.', 'file': None, 'isCorrect': False}, {'letter': 'C', 'text': '32,0.', 'file': None, 'isCorrect': True}, {'letter': 'D', 'text': '84,6.', 'file': None, 'isCorrect': False}, {'letter': 'E', 'text': '106,6.', 'file': None, 'isCorrect': False}]",Fácil,Estatística e Probabilidade,Análise de Gráficos/Tabelas
389,Questão 170 - ENEM 2015,170,matematica,2015,![](https://enem.dev/2015/questions/170/8e79e15b-e750-434f-9cba-7ae74d55e746.png),['https://enem.dev/2015/questions/170/8e79e15b-e750-434f-9cba-7ae74d55e746.png'],B,A ordem de classificação final desse concurso é,"[{'letter': 'A', 'text': 'A, B, C, E, D.', 'file': None, 'isCorrect': False}, {'letter': 'B', 'text': 'B, A, C, E, D.', 'file': None, 'isCorrect': True}, {'letter': 'C', 'text': 'C, B, E, A, D.', 'file': None, 'isCorrect': False}, {'letter': 'D', 'text': 'C, B, E, D, A.', 'file': None, 'isCorrect': False}, {'letter': 'E', 'text': 'E, C, D, B, A.', 'file': None, 'isCorrect': False}]",Fácil,Matemática Básica,Operações com Frações
390,Questão 171 - ENEM 2015,171,matematica,2015,"Utilize 3,0 como aproximação para π.",[],D,"O índice pluviométrico da região, durante o período do temporal, em milímetros, é de","[{'letter': 'A', 'text': '10,8.', 'file': None, 'isCorrect': False}, {'letter': 'B', 'text': '12,0.', 'file': None, 'isCorrect': False}, {'letter': 'C', 'text': '32,4.', 'file': None, 'isCorrect': False}, {'letter': 'D', 'text': '108,0.', 'file': None, 'isCorrect': True}, {'letter': 'E', 'text': '324,0.', 'file': None, 'isCorrect': False}]",Média,Geometria Espacial,"Volume e Área de Prismas, Cilindros, Cones, Pirâmides e Esferas / Unidades de Medida e Vazão"
391,Questão 172 - ENEM 2015,172,matematica,2015,"![](https://enem.dev/2015/questions/172/d163cf5f-97a0-47e9-a6ab-c11c84e0e5c9.png)

Os estudos indicam que o novo ponto _T_ deverá ser instalado, nesse percurso, entre as paradas já existentes _P_ e _Q_, de modo que as distâncias percorridas pelo ônibus entre os pontos _P_ e _T_ e entre os pontos _T_ e _Q_ sejam iguais.",['https://enem.dev/2015/questions/172/d163cf5f-97a0-47e9-a6ab-c11c84e0e5c9.png'],E,"De acordo com os dados, as coordenadas do novo ponto de parada são","[{'letter': 'A', 'text': '(290 ; 20).', 'file': None, 'isCorrect': False}, {'letter': 'B', 'text': '(410 ; 0).', 'file': None, 'isCorrect': False}, {'letter': 'C', 'text': '(410 ; 20).', 'file': None, 'isCorrect': False}, {'letter': 'D', 'text': '(440 ; 0).', 'file': None, 'isCorrect': False}, {'letter': 'E', 'text': '(440 ; 20).', 'file': None, 'isCorrect': True}]",Fácil,Matemática Básica,Razão e Proporção
392,Questão 173 - ENEM 2015,173,matematica,2015,,[],C,"Se as lentes forem adquiridas nessa loja, a espessura escolhida será, em milímetros, de","[{'letter': 'A', 'text': '2,099.', 'file': None, 'isCorrect': False}, {'letter': 'B', 'text': '2,96.', 'file': None, 'isCorrect': False}, {'letter': 'C', 'text': '3,021.', 'file': None, 'isCorrect': True}, {'letter': 'D', 'text': '3,07.', 'file': None, 'isCorrect': False}, {'letter': 'E', 'text': '3,10', 'file': None, 'isCorrect': False}]",Média,Matemática Básica,Razão e Proporção
393,Questão 174 - ENEM 2015,174,matematica,2015,![](https://enem.dev/2015/questions/174/9ac3cd8a-2315-450e-96c0-25cb9cd65cdd.png),['https://enem.dev/2015/questions/174/9ac3cd8a-2315-450e-96c0-25cb9cd65cdd.png'],D,"Quando o estudante obtém o maior número possível de bactérias, a temperatura no interior da estufa está classificada como","[{'letter': 'A', 'text': 'Muito baixa.', 'file': None, 'isCorrect': False}, {'letter': 'B', 'text': 'Baixa.', 'file': None, 'isCorrect': False}, {'letter': 'C', 'text': 'Média.', 'file': None, 'isCorrect': False}, {'letter': 'D', 'text': 'Alta.', 'file': None, 'isCorrect': True}, {'letter': 'E', 'text': 'Muito alta.', 'file': None, 'isCorrect': False}]",Fácil,Estatística e Probabilidade,Análise de Gráficos/Tabelas
394,Questão 175 - ENEM 2015,175,matematica,2015,"![](https://enem.dev/2015/questions/175/6b6ae3c5-95b1-4a21-94b8-59bf5c0c470d.png)

Considere que o volume aproximado dessa bola é dado por _V_ = 4_ab_².",['https://enem.dev/2015/questions/175/6b6ae3c5-95b1-4a21-94b8-59bf5c0c470d.png'],B,"O volume dessa bola, em função apenas de b, é dado por","[{'letter': 'A', 'text': '8b³', 'file': None, 'isCorrect': False}, {'letter': 'B', 'text': '6b³', 'file': None, 'isCorrect': True}, {'letter': 'C', 'text': '5b³', 'file': None, 'isCorrect': False}, {'letter': 'D', 'text': '4b³', 'file': None, 'isCorrect': False}, {'letter': 'E', 'text': '2b³', 'file': None, 'isCorrect': False}]",Média,Geometria Espacial,"Volume e Área de Prismas, Cilindros, Cones, Pirâmides e Esferas"
395,Questão 176 - ENEM 2015,176,matematica,2015,,[],B,"Com base nos elementos apresentados, o gráfico que melhor representa a relação entre o valor mensal pago nesse plano e o número de ligações feitas é:","[{'letter': 'A', 'text': None, 'file': 'https://enem.dev/2015/questions/176/da13c004-584e-4012-b169-1476f28c2c75.png', 'isCorrect': False}, {'letter': 'B', 'text': None, 'file': 'https://enem.dev/2015/questions/176/4322623b-4209-4b90-8340-47b80a683345.png', 'isCorrect': True}, {'letter': 'C', 'text': None, 'file': 'https://enem.dev/2015/questions/176/eeef388a-087d-4d11-8eb7-3ca5656db005.png', 'isCorrect': False}, {'letter': 'D', 'text': None, 'file': 'https://enem.dev/2015/questions/176/a37b0cd6-80b8-40ba-b31d-4c81364e63e7.png', 'isCorrect': False}, {'letter': 'E', 'text': None, 'file': 'https://enem.dev/2015/questions/176/737b6f37-f58a-43c5-99e0-0dea2e316b4b.png', 'isCorrect': False}]",Média,Álgebra e Funções,Equações e Funções de 1º Grau
396,Questão 177 - ENEM 2015,177,ciencias-humanas,2015,![](https://enem.dev/2015/questions/177/b816c051-5903-47d1-9b6d-4a005c997bb1.png),['https://enem.dev/2015/questions/177/b816c051-5903-47d1-9b6d-4a005c997bb1.png'],B,"A dose diária, em miligramas, que esse felino deverá receber é de","[{'letter': 'A', 'text': '0,624.', 'file': None, 'isCorrect': False}, {'letter': 'B', 'text': '52,0.', 'file': None, 'isCorrect': True}, {'letter': 'C', 'text': '156,0.', 'file': None, 'isCorrect': False}, {'letter': 'D', 'text': '750,0.', 'file': None, 'isCorrect': False}, {'letter': 'E', 'text': '1 201,9.', 'file': None, 'isCorrect': False}]",Fácil,Matemática Básica,Regra de Três
397,Questão 178 - ENEM 2015,178,matematica,2015,,[],E,"Para que os objetivos da família sejam atingidos, a capacidade mínima, em litros, do reservatório a ser construído deve ser","[{'letter': 'A', 'text': '16.', 'file': None, 'isCorrect': False}, {'letter': 'B', 'text': '800.', 'file': None, 'isCorrect': False}, {'letter': 'C', 'text': '1 600.', 'file': None, 'isCorrect': False}, {'letter': 'D', 'text': '8 000.', 'file': None, 'isCorrect': False}, {'letter': 'E', 'text': '16 000.', 'file': None, 'isCorrect': True}]",Média,Geometria Espacial,Volume e Área de Prismas / Unidades de Medida e Vazão
398,Questão 179 - ENEM 2015,179,ciencias-humanas,2015,,[],E,"Comparando-se essas probabilidades, obtém-se","[{'letter': 'A', 'text': 'P(I) < P(III) < P(II)', 'file': None, 'isCorrect': False}, {'letter': 'B', 'text': 'P(II) < P(I) < P(III)', 'file': None, 'isCorrect': False}, {'letter': 'C', 'text': 'P(I) < P(II) = P(III)', 'file': None, 'isCorrect': False}, {'letter': 'D', 'text': 'P(I) = P(II) < P(III)', 'file': None, 'isCorrect': False}, {'letter': 'E', 'text': 'P(I) = P(II) = P(III)', 'file': None, 'isCorrect': True}]",Difícil,Estatística e Probabilidade,Probabilidade Simples e Condicional
399,Questão 180 - ENEM 2015,180,matematica,2015,"![](https://enem.dev/2015/questions/180/0718a550-0f5e-4d3b-bdf2-13c39ca515af.png)

onde _x_ representa o mês do ano, sendo _x_ = 1 associado ao mês de janeiro, _x_ = 2 ao mês de fevereiro, e assim sucessivamente, até _x_ = 12 associado ao mês de dezembro.",['https://enem.dev/2015/questions/180/0718a550-0f5e-4d3b-bdf2-13c39ca515af.png'],D,"Na safra, o mês de produção máxima desse produto é","[{'letter': 'A', 'text': 'Janeiro.', 'file': None, 'isCorrect': False}, {'letter': 'B', 'text': 'Abril.', 'file': None, 'isCorrect': False}, {'letter': 'C', 'text': 'Junho.', 'file': None, 'isCorrect': False}, {'letter': 'D', 'text': 'Julho.', 'file': None, 'isCorrect': True}, {'letter': 'E', 'text': 'Outubro.', 'file': None, 'isCorrect': False}]",Fácil,Estatística e Probabilidade,Análise de Gráficos/Tabelas
400,Questão 136 - ENEM 2014,136,matematica,2014,"![](https://enem.dev/2014/questions/136/48b68b51-310d-4654-b637-5fece87a050f.png)

Suponha que a taxa de desemprego oculto do mês de dezembro de 2012 tenha sido a metade da mesma taxa em junho de 2012 e que a taxa de desemprego total em dezembro de 2012 seja igual a essa taxa em dezembro de 2011.

Disponível em: dieese.org.br. Acesso em: 1 ago. 2012 (fragmento).",['https://enem.dev/2014/questions/136/48b68b51-310d-4654-b637-5fece87a050f.png'],E,"Nesse caso, a taxa de desemprego aberto de dezembro de 2012 teria sido, em termos percentuais, de","[{'letter': 'A', 'text': '1,1.', 'file': None, 'isCorrect': False}, {'letter': 'B', 'text': '3,5.', 'file': None, 'isCorrect': False}, {'letter': 'C', 'text': '4,5.', 'file': None, 'isCorrect': False}, {'letter': 'D', 'text': '6,8.', 'file': None, 'isCorrect': False}, {'letter': 'E', 'text': '7,9.', 'file': None, 'isCorrect': True}]",Média,Estatística e Probabilidade,Análise de Gráficos/Tabelas
401,Questão 137 - ENEM 2014,137,matematica,2014,"![](https://enem.dev/2014/questions/137/40cf73c4-388a-4323-84f9-62bdaccf835b.png)

Suponha que a variação percentual relativa na taxa de fecundidade no período de 2000 a 2010 se repita no período de 2010 a 2020.",['https://enem.dev/2014/questions/137/40cf73c4-388a-4323-84f9-62bdaccf835b.png'],C,"Nesse caso, em 2020 a taxa de fecundidade no Brasil estará mais próxima de","[{'letter': 'A', 'text': '1,14.', 'file': None, 'isCorrect': False}, {'letter': 'B', 'text': '1,42.', 'file': None, 'isCorrect': False}, {'letter': 'C', 'text': '1,52.', 'file': None, 'isCorrect': True}, {'letter': 'D', 'text': '1,70.', 'file': None, 'isCorrect': False}, {'letter': 'E', 'text': '1,80.', 'file': None, 'isCorrect': False}]",Média,Matemática Básica,Porcentagem
402,Questão 138 - ENEM 2014,138,matematica,2014,"![](https://enem.dev/2014/questions/138/3fe2669a-4174-4db9-a85e-cee6c877f765.png)

Os resultados obtidos permitiram que estados, municípios e o governo federal estabelecessem as regiões prioritárias do país para a intensificação das campanhas de doação de sangue.

A campanha deveria ser intensificada nas regiões em que o percentual de doadores por habitantes fosse menor ou igual ao do país.

Disponível em: http://bvsms.saude.gov.br. Acesso em: 2 ago. 2013 (adaptado).",['https://enem.dev/2014/questions/138/3fe2669a-4174-4db9-a85e-cee6c877f765.png'],B,As regiões brasileiras onde foram intensificadas campanhas na época são,"[{'letter': 'A', 'text': 'Norte, Centro-Oeste e Sul.', 'file': None, 'isCorrect': False}, {'letter': 'B', 'text': 'Norte, Nordeste e Sudeste.', 'file': None, 'isCorrect': True}, {'letter': 'C', 'text': 'Nordeste, Norte e Sul.', 'file': None, 'isCorrect': False}, {'letter': 'D', 'text': 'Nordeste, Sudeste e Sul.', 'file': None, 'isCorrect': False}, {'letter': 'E', 'text': 'Centro-Oeste, Sul e Sudeste.', 'file': None, 'isCorrect': False}]",Fácil,Estatística e Probabilidade,Análise de Gráficos/Tabelas
403,Questão 139 - ENEM 2014,139,matematica,2014,,[],D,A razão entre a largura da nova porta e a largura da porta anterior é,"[{'letter': 'A', 'text': '1/8', 'file': None, 'isCorrect': False}, {'letter': 'B', 'text': '7/8', 'file': None, 'isCorrect': False}, {'letter': 'C', 'text': '8/7', 'file': None, 'isCorrect': False}, {'letter': 'D', 'text': '8/9', 'file': None, 'isCorrect': True}, {'letter': 'E', 'text': '9/8', 'file': None, 'isCorrect': False}]",Fácil,Matemática Básica,Razão e Proporção
404,Questão 140 - ENEM 2014,140,matematica,2014,![](https://enem.dev/2014/questions/140/4c998d12-4067-468b-8789-037afc8b6503.png),['https://enem.dev/2014/questions/140/4c998d12-4067-468b-8789-037afc8b6503.png'],C,"Se cada brasileiro adotar o consumo de água indicado no quadro, mantendo o mesmo consumo nas demais atividades, então economizará diariamente, em média, em litros de água,","[{'letter': 'A', 'text': '30,0.', 'file': None, 'isCorrect': False}, {'letter': 'B', 'text': '69,6.', 'file': None, 'isCorrect': False}, {'letter': 'C', 'text': '100,4.', 'file': None, 'isCorrect': True}, {'letter': 'D', 'text': '130,4.', 'file': None, 'isCorrect': False}, {'letter': 'E', 'text': '170,0.', 'file': None, 'isCorrect': False}]",Fácil,Matemática Básica,Operações com Frações / Razão e Proporção
405,Questão 141 - ENEM 2014,141,matematica,2014,![](https://enem.dev/2014/questions/141/ed992f8e-53a4-461c-8d93-6d5c402836e3.png),['https://enem.dev/2014/questions/141/ed992f8e-53a4-461c-8d93-6d5c402836e3.png'],D,"Segundo o edital de seleção, o candidato aprovado será aquele para o qual a mediana das notas obtidas por ele nas quatro disciplinas for a maior. O candidato aprovado será","[{'letter': 'A', 'text': 'K.', 'file': None, 'isCorrect': False}, {'letter': 'B', 'text': 'L.', 'file': None, 'isCorrect': False}, {'letter': 'C', 'text': 'M.', 'file': None, 'isCorrect': False}, {'letter': 'D', 'text': 'N.', 'file': None, 'isCorrect': True}, {'letter': 'E', 'text': 'P.', 'file': None, 'isCorrect': False}]",Fácil,Estatística e Probabilidade,Mediana / Análise de Tabelas
406,Questão 142 - ENEM 2014,142,matematica,2014,"![](https://enem.dev/2014/questions/142/3a321f8b-9e36-433f-9664-4f989a797ed8.png)

Considere um silo de 2 m de altura, 6 m de largura de topo e 20 m de comprimento. Para cada metro de altura do silo, a largura do topo tem 0,5 m a mais do que a largura do fundo. Após a silagem, 1 tonelada de forragem ocupa 2 m3 desse tipo de silo.

EMBRAPA. **Gado de corte**. Disponível em: www.cnpgc.embrapa.br. Acesso em: 1 ago. 2012 (adaptado).",['https://enem.dev/2014/questions/142/3a321f8b-9e36-433f-9664-4f989a797ed8.png'],A,"Após a silagem, a quantidade máxima de forragem que cabe no silo, em toneladas, é","[{'letter': 'A', 'text': '110.', 'file': None, 'isCorrect': True}, {'letter': 'B', 'text': '125.', 'file': None, 'isCorrect': False}, {'letter': 'C', 'text': '130.', 'file': None, 'isCorrect': False}, {'letter': 'D', 'text': '220.', 'file': None, 'isCorrect': False}, {'letter': 'E', 'text': '260.', 'file': None, 'isCorrect': False}]",Difícil,Geometria Espacial,Volume e Área de Prismas / Unidades de Medida e Vazão
407,Questão 143 - ENEM 2014,143,matematica,2014,"![](https://enem.dev/2014/questions/143/7bcb5fac-8918-4e78-8ef7-d6e64ee5a6a4.png)

No topo da escultura foi ligada uma torneira que verte água, para dentro dela, com vazão constante.",['https://enem.dev/2014/questions/143/7bcb5fac-8918-4e78-8ef7-d6e64ee5a6a4.png'],D,O gráfico que expressa a altura (h) da água na escultura em função do tempo (t) decorrido é:,"[{'letter': 'A', 'text': None, 'file': 'https://enem.dev/2014/questions/143/4d7826cb-921c-4dff-97ce-81149babd82f.png', 'isCorrect': False}, {'letter': 'B', 'text': None, 'file': 'https://enem.dev/2014/questions/143/2d316985-fd36-476a-bbe0-7afe7e3b023f.png', 'isCorrect': False}, {'letter': 'C', 'text': None, 'file': 'https://enem.dev/2014/questions/143/8e77cb3b-c40c-4d99-99ed-8570710b158b.png', 'isCorrect': False}, {'letter': 'D', 'text': None, 'file': 'https://enem.dev/2014/questions/143/34491019-1b0e-408f-8215-32a73523f426.png', 'isCorrect': True}, {'letter': 'E', 'text': None, 'file': 'https://enem.dev/2014/questions/143/98ea7324-d1b1-4850-8c7e-e38c23efd1f6.png', 'isCorrect': False}]",Média,Geometria Espacial,"Volume e Área de Prismas, Cilindros, Cones, Pirâmides e Esferas"
408,Questão 144 - ENEM 2014,144,matematica,2014,,[],E,Qual deverá ser a forma do adesivo?,"[{'letter': 'A', 'text': None, 'file': 'https://enem.dev/2014/questions/144/44526171-b101-4a97-acc1-054ba72d0fa7.png', 'isCorrect': False}, {'letter': 'B', 'text': None, 'file': 'https://enem.dev/2014/questions/144/a2d14544-a249-440f-b625-70e5ac48098c.png', 'isCorrect': False}, {'letter': 'C', 'text': None, 'file': 'https://enem.dev/2014/questions/144/1cb65586-4441-4648-95ca-f2d2d2219c50.png', 'isCorrect': False}, {'letter': 'D', 'text': None, 'file': 'https://enem.dev/2014/questions/144/d9792780-c879-4c1d-921c-dd1b1ac88884.png', 'isCorrect': False}, {'letter': 'E', 'text': None, 'file': 'https://enem.dev/2014/questions/144/fda755b2-ba2a-4f7f-84a5-6a29fb07e1e0.png', 'isCorrect': True}]",Fácil,Geometria Espacial,Projeção Ortogonal
409,Questão 145 - ENEM 2014,145,matematica,2014,,[],A,A expressão da função y = f(x) a ser utilizada pelo professor é,"[{'letter': 'A', 'text': None, 'file': 'https://enem.dev/2014/questions/145/fb982b59-0d4c-4072-a3f3-0d07ba073215.png', 'isCorrect': True}, {'letter': 'B', 'text': None, 'file': 'https://enem.dev/2014/questions/145/b3e30fe0-d8fb-4cca-abc7-8d2723b68bcc.png', 'isCorrect': False}, {'letter': 'C', 'text': None, 'file': 'https://enem.dev/2014/questions/145/e22c424c-ede8-4fc6-9030-a7293c0164df.png', 'isCorrect': False}, {'letter': 'D', 'text': None, 'file': 'https://enem.dev/2014/questions/145/f987fd5b-b6b5-44ae-a434-054759e16220.png', 'isCorrect': False}, {'letter': 'E', 'text': None, 'file': 'https://enem.dev/2014/questions/145/764cd798-3b7c-4607-9287-1364cfc323dc.png', 'isCorrect': False}]",Média,Álgebra e Funções,Equações e Funções de 1º e 2º Grau
410,Questão 146 - ENEM 2014,146,matematica,2014,,[],E,"O número de divisores de N, diferentes de N, é","[{'letter': 'A', 'text': 'X. y. z', 'file': None, 'isCorrect': False}, {'letter': 'B', 'text': '(x+ 1).(y + 1)', 'file': None, 'isCorrect': False}, {'letter': 'C', 'text': 'X . y . z - 1', 'file': None, 'isCorrect': False}, {'letter': 'D', 'text': '(x + 1).(y + 1).z', 'file': None, 'isCorrect': False}, {'letter': 'E', 'text': '(x + 1).(y + 1).(z + 1) - 1', 'file': None, 'isCorrect': True}]",Média,Matemática Básica,Potenciação/Radiciação
411,Questão 147 - ENEM 2014,147,matematica,2014,![](https://enem.dev/2014/questions/147/7d03f38b-d6bf-4e4a-821c-ff2c6d13f8e0.png),['https://enem.dev/2014/questions/147/7d03f38b-d6bf-4e4a-821c-ff2c6d13f8e0.png'],A,A quantidade máxima de triângulos não congruentes dois a dois que podem ser construídos é,"[{'letter': 'A', 'text': '3.', 'file': None, 'isCorrect': True}, {'letter': 'B', 'text': '5.', 'file': None, 'isCorrect': False}, {'letter': 'C', 'text': '6.', 'file': None, 'isCorrect': False}, {'letter': 'D', 'text': '8.', 'file': None, 'isCorrect': False}, {'letter': 'E', 'text': '10.', 'file': None, 'isCorrect': False}]",Difícil,Combinatória e Trigonometria,Princípio Fundamental da Contagem
412,Questão 148 - ENEM 2014,148,matematica,2014,"![](https://enem.dev/2014/questions/148/925f6a93-dd23-47d0-9176-6aa8754c38dd.png)

Na figura, considere o plano cartesiano que contém a trajetória do assento do balanço, no qual a origem está localizada no topo do suporte do balanço, o eixo _X_ é paralelo ao chão do parque, e o eixo _Y_ tem orientação positiva para cima.",['https://enem.dev/2014/questions/148/925f6a93-dd23-47d0-9176-6aa8754c38dd.png'],D,A curva determinada pela trajetória do assento do balanço é parte do gráfico da função,"[{'letter': 'A', 'text': None, 'file': 'https://enem.dev/2014/questions/148/b3d12a51-2044-42f4-9140-e1f94db0869a.png', 'isCorrect': False}, {'letter': 'B', 'text': None, 'file': 'https://enem.dev/2014/questions/148/a6615a80-066b-48bb-b21f-e7afe60a2bb8.png', 'isCorrect': False}, {'letter': 'C', 'text': None, 'file': 'https://enem.dev/2014/questions/148/b27e051a-39e5-4a70-a1fa-416e9ede79de.png', 'isCorrect': False}, {'letter': 'D', 'text': None, 'file': 'https://enem.dev/2014/questions/148/94b0c3ef-ada7-4aff-8d8e-7f0f5e4b0328.png', 'isCorrect': True}, {'letter': 'E', 'text': None, 'file': 'https://enem.dev/2014/questions/148/03e71b23-821a-4ec1-b825-ea5526695497.png', 'isCorrect': False}]",Média,Álgebra e Funções,Equações e Funções de 2º Grau
413,Questão 149 - ENEM 2014,149,matematica,2014,,[],B,Qual é o tempo mínimo para que todos passem pelas catracas?,"[{'letter': 'A', 'text': '1 hora.', 'file': None, 'isCorrect': False}, {'letter': 'B', 'text': '1 hora e 15 minutos.', 'file': None, 'isCorrect': True}, {'letter': 'C', 'text': '5 horas.', 'file': None, 'isCorrect': False}, {'letter': 'D', 'text': '6 horas.', 'file': None, 'isCorrect': False}, {'letter': 'E', 'text': '6 horas e 15 minutos.', 'file': None, 'isCorrect': False}]",Média,Matemática Básica,Razão e Proporção
414,Questão 150 - ENEM 2014,150,matematica,2014,![](https://enem.dev/2014/questions/150/d2daa25c-0942-4c50-b2a5-6ec82f5bcd4e.png),['https://enem.dev/2014/questions/150/d2daa25c-0942-4c50-b2a5-6ec82f5bcd4e.png'],E,"O maior valor possível para x, em centímetros, para que a caixa permaneça dentro dos padrões permitidos pela Anac é:","[{'letter': 'A', 'text': '25.', 'file': None, 'isCorrect': False}, {'letter': 'B', 'text': '33.', 'file': None, 'isCorrect': False}, {'letter': 'C', 'text': '42.', 'file': None, 'isCorrect': False}, {'letter': 'D', 'text': '45.', 'file': None, 'isCorrect': False}, {'letter': 'E', 'text': '49.', 'file': None, 'isCorrect': True}]",Média,Matemática Básica,Razão e Proporção
415,Questão 151 - ENEM 2014,151,matematica,2014,"![](https://enem.dev/2014/questions/151/f01eefec-e89d-4de0-881e-3bf1249199ff.png)

Será produzida uma nova lata, com os mesmos formato e volume, de tal modo que as dimensões de sua base sejam 25% maiores que as da lata atual.",['https://enem.dev/2014/questions/151/f01eefec-e89d-4de0-881e-3bf1249199ff.png'],D,"Para obter a altura da nova lata, a altura da lata atual deve ser reduzida em","[{'letter': 'A', 'text': '14,4%', 'file': None, 'isCorrect': False}, {'letter': 'B', 'text': '20,0%', 'file': None, 'isCorrect': False}, {'letter': 'C', 'text': '32,0%', 'file': None, 'isCorrect': False}, {'letter': 'D', 'text': '36,0%', 'file': None, 'isCorrect': True}, {'letter': 'E', 'text': '64,0%', 'file': None, 'isCorrect': False}]",Difícil,Geometria Espacial,Volume e Área de Prismas
416,Questão 152 - ENEM 2014,152,matematica,2014,,[],B,"Se o volume de esgoto gerado permanecer o mesmo e a meta dessa campanha se concretizar, o percentual de esgoto tratado passará a ser","[{'letter': 'A', 'text': '72%', 'file': None, 'isCorrect': False}, {'letter': 'B', 'text': '68%', 'file': None, 'isCorrect': True}, {'letter': 'C', 'text': '64%', 'file': None, 'isCorrect': False}, {'letter': 'D', 'text': '54%', 'file': None, 'isCorrect': False}, {'letter': 'E', 'text': '18%', 'file': None, 'isCorrect': False}]",Média,Matemática Básica,Porcentagem
417,Questão 153 - ENEM 2014,153,matematica,2014,![](https://enem.dev/2014/questions/153/3938c0bb-0e7b-4093-a8cc-36fc3213211a.png),['https://enem.dev/2014/questions/153/3938c0bb-0e7b-4093-a8cc-36fc3213211a.png'],B,Qual deve ser o aumento na receita da empresa para que o lucro mensal em 2014 seja o mesmo de 2013?,"[{'letter': 'A', 'text': 'R$ 114 285,00', 'file': None, 'isCorrect': False}, {'letter': 'B', 'text': 'R$ 130 000,00', 'file': None, 'isCorrect': True}, {'letter': 'C', 'text': 'R$ 160 000,00', 'file': None, 'isCorrect': False}, {'letter': 'D', 'text': 'R$ 210 000,00', 'file': None, 'isCorrect': False}, {'letter': 'E', 'text': 'R$ 213 333,00', 'file': None, 'isCorrect': False}]",Média,Matemática Básica,Porcentagem
418,Questão 154 - ENEM 2014,154,matematica,2014,,[],D,Qual desses jogadores apresentou maior desempenho?,"[{'letter': 'A', 'text': 'I', 'file': None, 'isCorrect': False}, {'letter': 'B', 'text': 'II', 'file': None, 'isCorrect': False}, {'letter': 'C', 'text': 'III', 'file': None, 'isCorrect': False}, {'letter': 'D', 'text': 'IV', 'file': None, 'isCorrect': True}, {'letter': 'E', 'text': 'V', 'file': None, 'isCorrect': False}]",Fácil,Estatística e Probabilidade,Análise de Gráficos/Tabelas
419,Questão 155 - ENEM 2014,155,matematica,2014,![](https://enem.dev/2014/questions/155/d051c23d-cdd3-4ec4-9957-a9aa1a9bd0c4.png),['https://enem.dev/2014/questions/155/d051c23d-cdd3-4ec4-9957-a9aa1a9bd0c4.png'],A,A menor nota que o candidato II deverá obter na prova final de química para vencer a competição é,"[{'letter': 'A', 'text': '18.', 'file': None, 'isCorrect': True}, {'letter': 'B', 'text': '19.', 'file': None, 'isCorrect': False}, {'letter': 'C', 'text': '22.', 'file': None, 'isCorrect': False}, {'letter': 'D', 'text': '25.', 'file': None, 'isCorrect': False}, {'letter': 'E', 'text': '26.', 'file': None, 'isCorrect': False}]",Média,Estatística e Probabilidade,Média (Aritmética/Ponderada)
420,Questão 156 - ENEM 2014,156,matematica,2014,,[],E,"O volume real do armário, em centímetros cúbicos, será","[{'letter': 'A', 'text': '6.', 'file': None, 'isCorrect': False}, {'letter': 'B', 'text': '600.', 'file': None, 'isCorrect': False}, {'letter': 'C', 'text': '6 000.', 'file': None, 'isCorrect': False}, {'letter': 'D', 'text': '60 000.', 'file': None, 'isCorrect': False}, {'letter': 'E', 'text': '6 000 000.', 'file': None, 'isCorrect': True}]",Média,Geometria Espacial,Volume e Área de Prismas / Unidades de Medida
421,Questão 157 - ENEM 2014,157,matematica,2014,"![](https://enem.dev/2014/questions/157/0036f173-2e12-4c90-9b1b-9eb2fb4de45b.png)

Para quantificar os sapatos pela cor, os donos representaram a cor branca pelo número 0 e a cor preta pelo número 1. Sabe-se que a média da distribuição desses zeros e uns é igual a 0,45.

Os donos da loja decidiram que a numeração dos sapatos com maior número de reclamações e a cor com maior número de reclamações não serão mais vendidas.",['https://enem.dev/2014/questions/157/0036f173-2e12-4c90-9b1b-9eb2fb4de45b.png'],A,"A loja encaminhou um ofício ao fornecedor dos sapatos, explicando que não serão mais encomendados os sapatos de cor","[{'letter': 'A', 'text': 'Branca e os de número 38.', 'file': None, 'isCorrect': True}, {'letter': 'B', 'text': 'Branca e os de número 37.', 'file': None, 'isCorrect': False}, {'letter': 'C', 'text': 'Branca e os de número 36.', 'file': None, 'isCorrect': False}, {'letter': 'D', 'text': 'Preta e os de número 38.', 'file': None, 'isCorrect': False}, {'letter': 'E', 'text': 'Preta e os de número 37.', 'file': None, 'isCorrect': False}]",Média,Estatística e Probabilidade,Média (Aritmética/Ponderada) / Análise de Gráficos/Tabelas
422,Questão 158 - ENEM 2014,158,matematica,2014,"![](https://enem.dev/2014/questions/158/f3fb8087-ffc9-4624-9550-cb84254ac99f.png)

BENSEÑOR, I. M.; LOTUFO, P. A. **Epidemologia**: abordagem prática.

São Paulo: Sarvier, 2011 (adaptado).",['https://enem.dev/2014/questions/158/f3fb8087-ffc9-4624-9550-cb84254ac99f.png'],E,"Conforme o quadro do teste proposto, a sensibilidade dele é de","[{'letter': 'A', 'text': '47,5%.', 'file': None, 'isCorrect': False}, {'letter': 'B', 'text': '85,0%.', 'file': None, 'isCorrect': False}, {'letter': 'C', 'text': '86,3%.', 'file': None, 'isCorrect': False}, {'letter': 'D', 'text': '94,4%.', 'file': None, 'isCorrect': False}, {'letter': 'E', 'text': '95,0%.', 'file': None, 'isCorrect': True}]",Fácil,Estatística e Probabilidade,Análise de Gráficos/Tabelas
423,Questão 159 - ENEM 2014,159,matematica,2014,,[],C,O número máximo de mudas que essa pessoa poderá plantar no espaço disponível é,"[{'letter': 'A', 'text': '4.', 'file': None, 'isCorrect': False}, {'letter': 'B', 'text': '8.', 'file': None, 'isCorrect': False}, {'letter': 'C', 'text': '9.', 'file': None, 'isCorrect': True}, {'letter': 'D', 'text': '12.', 'file': None, 'isCorrect': False}, {'letter': 'E', 'text': '20.', 'file': None, 'isCorrect': False}]",Média,Geometria Plana,Áreas de Figuras Planas
424,Questão 160 - ENEM 2014,160,matematica,2014,![](https://enem.dev/2014/questions/160/11f9c9a3-5c62-4447-a760-38bc9e08fad7.png),['https://enem.dev/2014/questions/160/11f9c9a3-5c62-4447-a760-38bc9e08fad7.png'],C,"A figura que melhor representa a projeção ortogonal, sobre o piso da casa (plano), do caminho percorrido pela mão dessa pessoa é:","[{'letter': 'A', 'text': None, 'file': 'https://enem.dev/2014/questions/160/142a57c8-6522-4336-a5a0-05764ab1ebcb.png', 'isCorrect': False}, {'letter': 'B', 'text': None, 'file': 'https://enem.dev/2014/questions/160/919d8e0f-3413-404e-9860-6026cf5673fa.png', 'isCorrect': False}, {'letter': 'C', 'text': None, 'file': 'https://enem.dev/2014/questions/160/9f27ec03-1133-457b-96f5-3889bb9c7f0a.png', 'isCorrect': True}, {'letter': 'D', 'text': None, 'file': 'https://enem.dev/2014/questions/160/7d666080-f366-4e80-8841-c44ed37580d3.png', 'isCorrect': False}, {'letter': 'E', 'text': None, 'file': 'https://enem.dev/2014/questions/160/440c2296-9aec-4eeb-a029-7cdf4cb320c2.png', 'isCorrect': False}]",Média,Geometria Espacial,Projeção Ortogonal
425,Questão 161 - ENEM 2014,161,matematica,2014,![](https://enem.dev/2014/questions/161/46f3d644-43b0-4dfc-9d1e-e688725abdaa.png),['https://enem.dev/2014/questions/161/46f3d644-43b0-4dfc-9d1e-e688725abdaa.png'],B,"Levando-se em consideração os experimentos feitos, o reagente que atende às expectativas do pesquisador é o","[{'letter': 'A', 'text': '1.', 'file': None, 'isCorrect': False}, {'letter': 'B', 'text': '2.', 'file': None, 'isCorrect': True}, {'letter': 'C', 'text': '3.', 'file': None, 'isCorrect': False}, {'letter': 'D', 'text': '4.', 'file': None, 'isCorrect': False}, {'letter': 'E', 'text': '5.', 'file': None, 'isCorrect': False}]",Fácil,Estatística e Probabilidade,Análise de Gráficos/Tabelas
426,Questão 162 - ENEM 2014,162,matematica,2014,"_Valor do kWh (com tributos)_ x _consumo (em kWh) + Cosip_

O valor da Cosip é fixo em cada faixa de consumo.  O quadro mostra o valor cobrado para algumas faixas.

![](https://enem.dev/2014/questions/162/9f6d3bb3-95ac-44b3-88c3-7b0fe6d9d2f6.png)

Suponha que, em uma residência, todo mês o consumo seja de 150 kWh, e o valor do kWh (com tributos) seja de R$ 0,50. O morador dessa residência pretende diminuir seu consumo mensal de energia elétrica com o objetivo de reduzir o custo total da conta em pelo menos 10%.",['https://enem.dev/2014/questions/162/9f6d3bb3-95ac-44b3-88c3-7b0fe6d9d2f6.png'],C,"Qual deve ser o consumo máximo, em kWh, dessa residência para produzir a redução pretendida pelo morador?","[{'letter': 'A', 'text': '134,1', 'file': None, 'isCorrect': False}, {'letter': 'B', 'text': '135,0', 'file': None, 'isCorrect': False}, {'letter': 'C', 'text': '137,1', 'file': None, 'isCorrect': True}, {'letter': 'D', 'text': '138,6', 'file': None, 'isCorrect': False}, {'letter': 'E', 'text': '143,1', 'file': None, 'isCorrect': False}]",Média,Matemática Básica,Porcentagem / Operações com Frações
427,Questão 163 - ENEM 2014,163,matematica,2014,,[],B,De quantas formas distintas a estratégia desse cliente poderá ser posta em prática?,"[{'letter': 'A', 'text': None, 'file': 'https://enem.dev/2014/questions/163/d5d5048f-7ee3-40c6-b96b-ba9980dc7d05.png', 'isCorrect': False}, {'letter': 'B', 'text': None, 'file': 'https://enem.dev/2014/questions/163/41b3be85-5bb9-46db-9a3b-867bd95c514a.png', 'isCorrect': True}, {'letter': 'C', 'text': None, 'file': 'https://enem.dev/2014/questions/163/c02a3e9d-3cd7-4b47-91d5-d99aa1ee7b5d.png', 'isCorrect': False}, {'letter': 'D', 'text': None, 'file': 'https://enem.dev/2014/questions/163/2940ac08-b920-4111-9d2c-1d107c65df28.png', 'isCorrect': False}, {'letter': 'E', 'text': None, 'file': 'https://enem.dev/2014/questions/163/17d5d462-0b07-4324-9f98-61f36a9f808c.png', 'isCorrect': False}]",Difícil,Combinatória e Trigonometria,Combinação
428,Questão 164 - ENEM 2014,164,matematica,2014,,[],B,A probabilidade de o teste terminar na quinta pergunta é,"[{'letter': 'A', 'text': '0,02048.', 'file': None, 'isCorrect': False}, {'letter': 'B', 'text': '0,08192.', 'file': None, 'isCorrect': True}, {'letter': 'C', 'text': '0,24000.', 'file': None, 'isCorrect': False}, {'letter': 'D', 'text': '0,40960.', 'file': None, 'isCorrect': False}, {'letter': 'E', 'text': '0,49152.', 'file': None, 'isCorrect': False}]",Difícil,Estatística e Probabilidade,Probabilidade Simples e Condicional
429,Questão 165 - ENEM 2014,165,matematica,2014,"![](https://enem.dev/2014/questions/165/b6b29eae-3d2d-447e-8ebf-a7e7c23b4e8f.png)

As medições de velocidade deixariam de ocorrer de maneira instantânea, ao se passar pelo radar, e seriam feitas a partir da velocidade média no trecho, considerando o tempo gasto no percurso entre um radar e outro. Sabe-se que a velocidade média é calculada como sendo a razão entre a distância percorrida e o tempo gasto para percorrê-la. O teste realizado mostrou que o tempo que permite uma condução segura de deslocamento no percurso entre os dois radares deveria ser de, no mínimo, 1 minuto e 24 segundos. Com isso, a CET precisa instalar uma placa antes do primeiro radar informando a velocidade média máxima permitida nesse trecho da via. O valor a ser exibido na placa deve ser o maior possível, entre os que atendem às condições de condução segura observadas.

Disponível em: www1.folha.uol.com.br. Acesso em: 11 jan. 2014 (adaptado).",['https://enem.dev/2014/questions/165/b6b29eae-3d2d-447e-8ebf-a7e7c23b4e8f.png'],C,A placa de sinalização que informa a velocidade que atende a essas condições é,"[{'letter': 'A', 'text': None, 'file': 'https://enem.dev/2014/questions/165/f4a4d1b9-83d7-4a83-947e-98fb97f81fbc.bmp', 'isCorrect': False}, {'letter': 'B', 'text': None, 'file': 'https://enem.dev/2014/questions/165/37cfc841-1368-4c3e-9518-13619ab55123.bmp', 'isCorrect': False}, {'letter': 'C', 'text': None, 'file': 'https://enem.dev/2014/questions/165/c18ced6c-5bd6-4ec4-b375-e136f68d1416.bmp', 'isCorrect': True}, {'letter': 'D', 'text': None, 'file': 'https://enem.dev/2014/questions/165/9fb1f2ca-3cfc-4eb1-83a5-0dd17ccc96cd.bmp', 'isCorrect': False}, {'letter': 'E', 'text': None, 'file': 'https://enem.dev/2014/questions/165/f3c38b54-c09a-429b-ba43-e4e735a5c9f0.bmp', 'isCorrect': False}]",Média,Matemática Básica,Razão e Proporção
430,Questão 166 - ENEM 2014,166,matematica,2014,"![](https://enem.dev/2014/questions/166/9eb6c121-ac40-452b-b439-1b2261d6e950.png)

Essa pessoa pretende gastar exatamente R$ 30,00 por mês com telefone.",['https://enem.dev/2014/questions/166/9eb6c121-ac40-452b-b439-1b2261d6e950.png'],C,"Dos planos telefônicos apresentados, qual é o mais vantajoso, em tempo de chamada, para o gasto previsto para essa pessoa?","[{'letter': 'A', 'text': 'A', 'file': None, 'isCorrect': False}, {'letter': 'B', 'text': 'B', 'file': None, 'isCorrect': False}, {'letter': 'C', 'text': 'C', 'file': None, 'isCorrect': True}, {'letter': 'D', 'text': 'D', 'file': None, 'isCorrect': False}, {'letter': 'E', 'text': 'E', 'file': None, 'isCorrect': False}]",Média,Álgebra e Funções,Equações e Funções de 1º Grau
431,Questão 167 - ENEM 2014,167,matematica,2014,Use 3 como valor aproximado para π.,[],E,"A redução do volume da pílula, em milímetros cúbicos, após a reprogramação da máquina, será igual a","[{'letter': 'A', 'text': '168.', 'file': None, 'isCorrect': False}, {'letter': 'B', 'text': '304.', 'file': None, 'isCorrect': False}, {'letter': 'C', 'text': '306.', 'file': None, 'isCorrect': False}, {'letter': 'D', 'text': '378.', 'file': None, 'isCorrect': False}, {'letter': 'E', 'text': '514.', 'file': None, 'isCorrect': True}]",Média,Geometria Espacial,"Volume e Área de Prismas, Cilindros, Cones, Pirâmides e Esferas"
432,Questão 168 - ENEM 2014,168,matematica,2014,"O Brasil é um país com uma vantagem econômica clara no terreno dos recursos naturais, dispondo de uma das maiores áreas com vocação agrícola do mundo. Especialistas calculam que, dos 853 milhões de hectares do país, as cidades, as reservas indígenas e as áreas de preservação, incluindo florestas e mananciais, cubram por volta de 470 milhões de hectares. Aproximadamente 280 milhões se destinam à agropecuária, 200 milhões para pastagens e 80 milhões para a agricultura, somadas as lavouras anuais e as perenes, como o café e a fruticultura.

FORTES, G. Recuperação de pastagens é alternativa para ampliar cultivos. **Folha de S. Paulo**, 30 out. 2011.",[],D,"De acordo com os dados apresentados, o percentual correspondente à área utilizada para agricultura em relação à área do território brasileiro é mais próximo de","[{'letter': 'A', 'text': '32,8%', 'file': None, 'isCorrect': False}, {'letter': 'B', 'text': '28,6%', 'file': None, 'isCorrect': False}, {'letter': 'C', 'text': '10,7%', 'file': None, 'isCorrect': False}, {'letter': 'D', 'text': '9,4%', 'file': None, 'isCorrect': True}, {'letter': 'E', 'text': '8,0%', 'file': None, 'isCorrect': False}]",Fácil,Matemática Básica,Porcentagem
433,Questão 169 - ENEM 2014,169,matematica,2014,"![](https://enem.dev/2014/questions/169/b44d9617-dc63-4685-b986-350085211e6d.png)

Deseja-se reproduzi-la numa folha de papel retangular com 42 cm de comprimento e 30 cm de altura, deixando livres 3 cm em cada margem, conforme a Figura 2.

![](https://enem.dev/2014/questions/169/763670f1-6c10-4db7-bc89-5871441c12b6.png)

A reprodução da gravura deve ocupar o máximo possível da região disponível, mantendo-se as proporções da Figura 1

PRADO, A. C. **Superinteressante**, ed. 301, fev. 2012 (adaptado).","['https://enem.dev/2014/questions/169/b44d9617-dc63-4685-b986-350085211e6d.png', 'https://enem.dev/2014/questions/169/763670f1-6c10-4db7-bc89-5871441c12b6.png']",D,A escala da gravura reproduzida na folha de papel é,"[{'letter': 'A', 'text': '1 : 3.', 'file': None, 'isCorrect': False}, {'letter': 'B', 'text': '1 : 4.', 'file': None, 'isCorrect': False}, {'letter': 'C', 'text': '1 : 20.', 'file': None, 'isCorrect': False}, {'letter': 'D', 'text': '1 : 25.', 'file': None, 'isCorrect': True}, {'letter': 'E', 'text': '1 : 32.', 'file': None, 'isCorrect': False}]",Média,Matemática Básica,Escala
434,Questão 170 - ENEM 2014,170,matematica,2014,"![](https://enem.dev/2014/questions/170/3ce1ab6e-11a1-45d0-a43f-cf84e9fc4e79.png)

Em seguida, retira-se o cilindro de madeira do meio do papel enrolado, finalizando a confecção do diploma. Considere que a espessura da folha de papel original seja desprezível.",['https://enem.dev/2014/questions/170/3ce1ab6e-11a1-45d0-a43f-cf84e9fc4e79.png'],D,"Qual é a medida, em centímetros, do lado da folha de papel usado na confecção do diploma?","[{'letter': 'A', 'text': 'Π d', 'file': None, 'isCorrect': False}, {'letter': 'B', 'text': '2π d', 'file': None, 'isCorrect': False}, {'letter': 'C', 'text': '4π d', 'file': None, 'isCorrect': False}, {'letter': 'D', 'text': '5π d', 'file': None, 'isCorrect': True}, {'letter': 'E', 'text': '10π d', 'file': None, 'isCorrect': False}]",Média,Geometria Espacial,"Volume e Área de Prismas, Cilindros, Cones, Pirâmides e Esferas"
435,Questão 171 - ENEM 2014,171,matematica,2014,,[],C,"No caso de carga máxima, as cargas recebidas pelos três pontos de sustentação serão, respectivamente,","[{'letter': 'A', 'text': '1,8 t; 8,4 t; 1,8 t.', 'file': None, 'isCorrect': False}, {'letter': 'B', 'text': '3,0 t; 6,0 t; 3,0 t.', 'file': None, 'isCorrect': False}, {'letter': 'C', 'text': '2,4 t; 7,2 t; 2,4 t.', 'file': None, 'isCorrect': True}, {'letter': 'D', 'text': '3,6 t; 4,8 t; 3,6 t.', 'file': None, 'isCorrect': False}, {'letter': 'E', 'text': '4,2 t; 3,6 t; 4,2 t.', 'file': None, 'isCorrect': False}]",Difícil,Álgebra e Funções,Equações e Funções de 1º e 2º Grau
436,Questão 172 - ENEM 2014,172,matematica,2014,"![](https://enem.dev/2014/questions/172/d8842865-9aae-47ac-87d3-7eb78f57f384.png)

Disponível em: www.culturaperuana.com.br. Acesse em: 13 dez. 2012.",['https://enem.dev/2014/questions/172/d8842865-9aae-47ac-87d3-7eb78f57f384.png'],C,"O número da representação do quipus da Figura 2, em base decimal, é","[{'letter': 'A', 'text': '364.', 'file': None, 'isCorrect': False}, {'letter': 'B', 'text': '463.', 'file': None, 'isCorrect': False}, {'letter': 'C', 'text': '3 064.', 'file': None, 'isCorrect': True}, {'letter': 'D', 'text': '3 640.', 'file': None, 'isCorrect': False}, {'letter': 'E', 'text': '4 603.', 'file': None, 'isCorrect': False}]",Média,Matemática Básica,Potenciação/Radiciação
437,Questão 173 - ENEM 2014,173,matematica,2014,,[],E,"Qual é o valor, em metros quadrados, da área coberta pelo terreno da piscina?","[{'letter': 'A', 'text': '8', 'file': None, 'isCorrect': False}, {'letter': 'B', 'text': '80', 'file': None, 'isCorrect': False}, {'letter': 'C', 'text': '800', 'file': None, 'isCorrect': False}, {'letter': 'D', 'text': '8 000', 'file': None, 'isCorrect': False}, {'letter': 'E', 'text': '80 000', 'file': None, 'isCorrect': True}]",Fácil,Geometria Plana,Áreas de Figuras Planas
438,Questão 174 - ENEM 2014,174,matematica,2014,"O secretário de saúde comprará recipientes de um mesmo tipo, de modo a instalar 20 deles em cada escola, abastecidos com álcool em gel na sua capacidade máxima, de forma a utilizar todo o gel dos galões de uma só vez.",[],C,Que tipo de recipiente o secretário de saúde deve comprar?,"[{'letter': 'A', 'text': 'I', 'file': None, 'isCorrect': False}, {'letter': 'B', 'text': 'II', 'file': None, 'isCorrect': False}, {'letter': 'C', 'text': 'III', 'file': None, 'isCorrect': True}, {'letter': 'D', 'text': 'IV', 'file': None, 'isCorrect': False}, {'letter': 'E', 'text': 'V', 'file': None, 'isCorrect': False}]",Média,Geometria Espacial,"Volume e Área de Prismas, Cilindros, Cones, Pirâmides e Esferas"
439,Questão 175 - ENEM 2014,175,matematica,2014,,[],A,"De acordo com as informações, o intervalo das porcentagens que representam a variação total possível de P é","[{'letter': 'A', 'text': '[35 ; 63].', 'file': None, 'isCorrect': True}, {'letter': 'B', 'text': '[40 ; 63].', 'file': None, 'isCorrect': False}, {'letter': 'C', 'text': '[50 ; 70].', 'file': None, 'isCorrect': False}, {'letter': 'D', 'text': '[50 ; 90].', 'file': None, 'isCorrect': False}, {'letter': 'E', 'text': '[70 ; 90].', 'file': None, 'isCorrect': False}]",Difícil,Matemática Básica,Porcentagem
440,Questão 176 - ENEM 2014,176,matematica,2014,![](https://enem.dev/2014/questions/176/26bc065f-aefd-4edc-9fec-d2a1027ddf48.png),['https://enem.dev/2014/questions/176/26bc065f-aefd-4edc-9fec-d2a1027ddf48.png'],A,Em que dia dessa semana a quantidade total de bactérias nesse ambiente de cultura foi máxima?,"[{'letter': 'A', 'text': 'Terça-feira.', 'file': None, 'isCorrect': True}, {'letter': 'B', 'text': 'Quarta-feira.', 'file': None, 'isCorrect': False}, {'letter': 'C', 'text': 'Quinta-feira.', 'file': None, 'isCorrect': False}, {'letter': 'D', 'text': 'Sexta-feira.', 'file': None, 'isCorrect': False}, {'letter': 'E', 'text': 'Domingo.', 'file': None, 'isCorrect': False}]",Fácil,Estatística e Probabilidade,Análise de Gráficos/Tabelas
441,Questão 177 - ENEM 2014,177,matematica,2014,![](https://enem.dev/2014/questions/177/0a4df606-c0a5-4bac-b988-67ea996fa475.png),['https://enem.dev/2014/questions/177/0a4df606-c0a5-4bac-b988-67ea996fa475.png'],B,Quantos minutos essa torneira levará para encher completamente o restante do depósito?,"[{'letter': 'A', 'text': '8', 'file': None, 'isCorrect': False}, {'letter': 'B', 'text': '10', 'file': None, 'isCorrect': True}, {'letter': 'C', 'text': '16', 'file': None, 'isCorrect': False}, {'letter': 'D', 'text': '18', 'file': None, 'isCorrect': False}, {'letter': 'E', 'text': '24', 'file': None, 'isCorrect': False}]",Média,Geometria Espacial,Volume e Área de Prismas / Unidades de Medida e Vazão
442,Questão 178 - ENEM 2014,178,matematica,2014,,[],A,Qual deve ser a ação desse proprietário para que ele atinja o seu objetivo?,"[{'letter': 'A', 'text': 'Retirar 16 células.', 'file': None, 'isCorrect': True}, {'letter': 'B', 'text': 'Retirar 40 células.', 'file': None, 'isCorrect': False}, {'letter': 'C', 'text': 'Acrescentar 5 células.', 'file': None, 'isCorrect': False}, {'letter': 'D', 'text': 'Acrescentar 20 células.', 'file': None, 'isCorrect': False}, {'letter': 'E', 'text': 'Acrescentar 40 células.', 'file': None, 'isCorrect': False}]",Média,Matemática Básica,Razão e Proporção
443,Questão 179 - ENEM 2014,179,matematica,2014,,[],B,A quantia que essa pessoa levava semanalmente para fazer a compra era,"[{'letter': 'A', 'text': 'R$ 166,00.', 'file': None, 'isCorrect': False}, {'letter': 'B', 'text': 'R$ 156,00.', 'file': None, 'isCorrect': True}, {'letter': 'C', 'text': 'R$ 84,00.', 'file': None, 'isCorrect': False}, {'letter': 'D', 'text': 'R$ 46,00.', 'file': None, 'isCorrect': False}, {'letter': 'E', 'text': 'R$ 24,00.', 'file': None, 'isCorrect': False}]",Média,Matemática Básica,Razão e Proporção
444,Questão 180 - ENEM 2014,180,matematica,2014,,[],D,"Para que o executivo chegue à cidade A no horário correto e admitindo que não haja atrasos, ele deve pegar um voo saindo da cidade B, em horário local de B, no máximo à(s)","[{'letter': 'A', 'text': '16h.', 'file': None, 'isCorrect': False}, {'letter': 'B', 'text': '10h.', 'file': None, 'isCorrect': False}, {'letter': 'C', 'text': '7h.', 'file': None, 'isCorrect': False}, {'letter': 'D', 'text': '4h.', 'file': None, 'isCorrect': True}, {'letter': 'E', 'text': '1h.', 'file': None, 'isCorrect': False}]",Média,Matemática Básica,Razão e Proporção
445,Questão 136 - ENEM 2013,136,matematica,2013,![](https://enem.dev/2013/questions/136/2b7178ab-7991-4b9d-9232-a6f9dadd475c.png),['https://enem.dev/2013/questions/136/2b7178ab-7991-4b9d-9232-a6f9dadd475c.png'],E,"Utilizando 0,26 como valor aproximado para a tangente de 15° e duas casas decimais nas operações, descobre-se que a área da base desse prédio ocupa na avenida um espaço","[{'letter': 'A', 'text': 'Menor que 100 m²', 'file': None, 'isCorrect': False}, {'letter': 'B', 'text': 'Entre 100 m² e 300 m²', 'file': None, 'isCorrect': False}, {'letter': 'C', 'text': 'Entre 300 m² e 500 m²', 'file': None, 'isCorrect': False}, {'letter': 'D', 'text': 'Entre 500 m² e 700 m²', 'file': None, 'isCorrect': False}, {'letter': 'E', 'text': 'Maior que 700 m²', 'file': None, 'isCorrect': True}]",Média,Combinatória e Trigonometria,Razões Trigonométricas no Triângulo Retângulo
446,Questão 137 - ENEM 2013,137,matematica,2013,![](https://enem.dev/2013/questions/137/53209063-0069-498a-9bb1-2a6e28fcbaec.png),['https://enem.dev/2013/questions/137/53209063-0069-498a-9bb1-2a6e28fcbaec.png'],B,"Utilizando um novo critério, essa banca avaliadora resolveu descartar a maior e a menor notas atribuídas ao professor. A nova média, em relação à média anterior, é","[{'letter': 'A', 'text': '0,25 ponto maior.', 'file': None, 'isCorrect': False}, {'letter': 'B', 'text': '1,00 ponto maior.', 'file': None, 'isCorrect': True}, {'letter': 'C', 'text': '1,00 ponto menor.', 'file': None, 'isCorrect': False}, {'letter': 'D', 'text': '1,25 ponto maior.', 'file': None, 'isCorrect': False}, {'letter': 'E', 'text': '2,00 pontos menor.', 'file': None, 'isCorrect': False}]",Média,Estatística e Probabilidade,Média (Aritmética/Ponderada)
447,Questão 138 - ENEM 2013,138,matematica,2013,,[],A,O coeficiente de melhora da alteração recomendada é:,"[{'letter': 'A', 'text': None, 'file': 'https://enem.dev/2013/questions/138/5d194d75-3537-44ca-a717-a3a797eab3be.bmp', 'isCorrect': True}, {'letter': 'B', 'text': None, 'file': 'https://enem.dev/2013/questions/138/a67a68da-6453-497a-8e78-0c33a1c20fb5.bmp', 'isCorrect': False}, {'letter': 'C', 'text': None, 'file': 'https://enem.dev/2013/questions/138/2854e931-9b7c-441c-9652-567df9eee479.bmp', 'isCorrect': False}, {'letter': 'D', 'text': None, 'file': 'https://enem.dev/2013/questions/138/aaa5d51e-8cdf-479e-bc3e-a1d2332e4d55.bmp', 'isCorrect': False}, {'letter': 'E', 'text': None, 'file': 'https://enem.dev/2013/questions/138/e3ac6ce3-9ba0-4cf0-b0d7-bdc11bca203c.bmp', 'isCorrect': False}]",Média,Matemática Básica,Razão e Proporção
448,Questão 139 - ENEM 2013,139,matematica,2013,,[],C,"Qual foi o valor mais aproximado do total de água desperdiçada nesse período, em litros?","[{'letter': 'A', 'text': '0,2', 'file': None, 'isCorrect': False}, {'letter': 'B', 'text': '1,2', 'file': None, 'isCorrect': False}, {'letter': 'C', 'text': '1,4', 'file': None, 'isCorrect': True}, {'letter': 'D', 'text': '12,9', 'file': None, 'isCorrect': False}, {'letter': 'E', 'text': '64,8', 'file': None, 'isCorrect': False}]",Média,Geometria Espacial,Unidades de Medida e Vazão
449,Questão 140 - ENEM 2013,140,matematica,2013,![](https://enem.dev/2013/questions/140/085223cd-1821-447a-a43f-41a21e311320.png),['https://enem.dev/2013/questions/140/085223cd-1821-447a-a43f-41a21e311320.png'],D,"Os tipos de arroz, feijão, soja e milho que devem ser escolhidos pelo comerciante são, respectivamente,","[{'letter': 'A', 'text': 'A, A, A, A.', 'file': None, 'isCorrect': False}, {'letter': 'B', 'text': 'A, B, A, B.', 'file': None, 'isCorrect': False}, {'letter': 'C', 'text': 'A, B, B, A.', 'file': None, 'isCorrect': False}, {'letter': 'D', 'text': 'B, A, A, B.', 'file': None, 'isCorrect': True}, {'letter': 'E', 'text': 'B, B, B, B.', 'file': None, 'isCorrect': False}]",Média,Estatística e Probabilidade,Análise de Gráficos/Tabelas
450,Questão 141 - ENEM 2013,141,matematica,2013,![](https://enem.dev/2013/questions/141/3cf638d1-7d15-4696-b092-de676c4e6701.png),['https://enem.dev/2013/questions/141/3cf638d1-7d15-4696-b092-de676c4e6701.png'],C,"Utilize 1,7 como aproximação para √3
O valor de R, em centímetros, é igual a","[{'letter': 'A', 'text': '64,0', 'file': None, 'isCorrect': False}, {'letter': 'B', 'text': '65,5', 'file': None, 'isCorrect': False}, {'letter': 'C', 'text': '74,0', 'file': None, 'isCorrect': True}, {'letter': 'D', 'text': '81,0', 'file': None, 'isCorrect': False}, {'letter': 'E', 'text': '91,0', 'file': None, 'isCorrect': False}]",Média,Combinatória e Trigonometria,Razões Trigonométricas no Triângulo Retângulo
451,Questão 142 - ENEM 2013,142,matematica,2013,![](https://enem.dev/2013/questions/142/504c21b5-da46-4660-bd8d-bc6e547bf243.png),['https://enem.dev/2013/questions/142/504c21b5-da46-4660-bd8d-bc6e547bf243.png'],D,"Após a análise dos dados, o produtor avaliou que a vaca mais eficiente é a","[{'letter': 'A', 'text': 'Malhada', 'file': None, 'isCorrect': False}, {'letter': 'B', 'text': 'Mamona', 'file': None, 'isCorrect': False}, {'letter': 'C', 'text': 'Maravilha', 'file': None, 'isCorrect': False}, {'letter': 'D', 'text': 'Mateira', 'file': None, 'isCorrect': True}, {'letter': 'E', 'text': 'Mimosa', 'file': None, 'isCorrect': False}]",Fácil,Matemática Básica,Razão e Proporção
452,Questão 143 - ENEM 2013,143,matematica,2013,![](https://enem.dev/2013/questions/143/99ee084f-6759-467b-b6fc-c898787ae9c4.png),['https://enem.dev/2013/questions/143/99ee084f-6759-467b-b6fc-c898787ae9c4.png'],E,Quantos quilômetros esse aluno percorreu na fase de implantação do programa?,"[{'letter': 'A', 'text': '4', 'file': None, 'isCorrect': False}, {'letter': 'B', 'text': '8', 'file': None, 'isCorrect': False}, {'letter': 'C', 'text': '16', 'file': None, 'isCorrect': False}, {'letter': 'D', 'text': '20', 'file': None, 'isCorrect': False}, {'letter': 'E', 'text': '40', 'file': None, 'isCorrect': True}]",Fácil,Matemática Básica,Escala
453,Questão 144 - ENEM 2013,144,matematica,2013,![](https://enem.dev/2013/questions/144/f2d1f08e-1240-4175-ab48-38b49a301a01.png),['https://enem.dev/2013/questions/144/f2d1f08e-1240-4175-ab48-38b49a301a01.png'],C,"Analisando os dados percentuais do gráfico, qual a diferença entre o maior e o menor centro em crescimento no polo das indústrias?","[{'letter': 'A', 'text': '75,28', 'file': None, 'isCorrect': False}, {'letter': 'B', 'text': '64,09', 'file': None, 'isCorrect': False}, {'letter': 'C', 'text': '56,95', 'file': None, 'isCorrect': True}, {'letter': 'D', 'text': '45,76', 'file': None, 'isCorrect': False}, {'letter': 'E', 'text': '30,07', 'file': None, 'isCorrect': False}]",Fácil,Estatística e Probabilidade,Análise de Gráficos/Tabelas
454,Questão 145 - ENEM 2013,145,matematica,2013,![](https://enem.dev/2013/questions/145/e171ead9-f89c-4f21-9cf2-198bc5f20f4f.png),['https://enem.dev/2013/questions/145/e171ead9-f89c-4f21-9cf2-198bc5f20f4f.png'],A,A razão que representa a quantidade de cadeiras reservadas do setor 3 em relação ao total de cadeiras desse mesmo setor é,"[{'letter': 'A', 'text': '17/10', 'file': None, 'isCorrect': True}, {'letter': 'B', 'text': '17/53', 'file': None, 'isCorrect': False}, {'letter': 'C', 'text': '53/70', 'file': None, 'isCorrect': False}, {'letter': 'D', 'text': '53/17', 'file': None, 'isCorrect': False}, {'letter': 'E', 'text': '70/17', 'file': None, 'isCorrect': False}]",Fácil,Matemática Básica,Razão e Proporção
455,Questão 146 - ENEM 2013,146,matematica,2013,![](https://enem.dev/2013/questions/146/573a432a-fdf5-4f17-8e42-d8337154d0aa.png),['https://enem.dev/2013/questions/146/573a432a-fdf5-4f17-8e42-d8337154d0aa.png'],A,"A loja sorteará um brinde entre os compradores do produto A e outro brinde entre os compradores do produto B.
Qual a probabilidade de que os dois sorteados tenham feito suas compras em fevereiro de 2012?","[{'letter': 'A', 'text': '1/20', 'file': None, 'isCorrect': True}, {'letter': 'B', 'text': '3/242', 'file': None, 'isCorrect': False}, {'letter': 'C', 'text': '5/22', 'file': None, 'isCorrect': False}, {'letter': 'D', 'text': '6/25', 'file': None, 'isCorrect': False}, {'letter': 'E', 'text': '7/15', 'file': None, 'isCorrect': False}]",Difícil,Estatística e Probabilidade,Probabilidade Simples e Condicional
456,Questão 147 - ENEM 2013,147,matematica,2013,![](https://enem.dev/2013/questions/147/3167f5c3-7c37-42fc-9abf-e5b01abc1bea.png),['https://enem.dev/2013/questions/147/3167f5c3-7c37-42fc-9abf-e5b01abc1bea.png'],C,A quantidade mínima de rolos que deve ser comprada para cercar esse terreno é,"[{'letter': 'A', 'text': '6', 'file': None, 'isCorrect': False}, {'letter': 'B', 'text': '7', 'file': None, 'isCorrect': False}, {'letter': 'C', 'text': '8', 'file': None, 'isCorrect': True}, {'letter': 'D', 'text': '11', 'file': None, 'isCorrect': False}, {'letter': 'E', 'text': '12', 'file': None, 'isCorrect': False}]",Média,Geometria Plana,Áreas de Figuras Planas
457,Questão 148 - ENEM 2013,148,matematica,2013,"Um dos grandes problemas enfrentados nas rodovias brasileiras é o excesso de carga transportada pelos caminhões. Dimensionado para o tráfego dentro dos limites legais de carga, o piso das estradas se deteriora com o peso excessivo dos caminhões. Além disso, o excesso de carga interfere na capacidade de frenagem  
e no funcionamento da suspensão do veículo, causas frequentes de acidentes.

Ciente dessa responsabilidade e com base na experiência adquirida com pesagens, um caminhoneiro sabe que seu caminhão pode carregar, no máximo, 1 500 telhas ou 1 200 tijolos.",[],D,"Considerando esse caminhão carregado com 900 telhas, quantos tijolos, no máximo, podem ser acrescentados à carga de modo a não ultrapassar a carga máxima do caminhão?","[{'letter': 'A', 'text': '300 tijolos', 'file': None, 'isCorrect': False}, {'letter': 'B', 'text': '360 tijolos', 'file': None, 'isCorrect': False}, {'letter': 'C', 'text': '400 tijolos', 'file': None, 'isCorrect': False}, {'letter': 'D', 'text': '480 tijolos', 'file': None, 'isCorrect': True}, {'letter': 'E', 'text': '600 tijolos', 'file': None, 'isCorrect': False}]",Média,Matemática Básica,Razão e Proporção
458,Questão 149 - ENEM 2013,149,matematica,2013,![](https://enem.dev/2013/questions/149/8fe1bcbf-df0c-4081-b00d-efa0564e5fd6.png),['https://enem.dev/2013/questions/149/8fe1bcbf-df0c-4081-b00d-efa0564e5fd6.png'],D,"A quantidade total de arroz, em toneladas, que deverá ser produzida no período de 2012 a 2021 será de","[{'letter': 'A', 'text': '497,25.', 'file': None, 'isCorrect': False}, {'letter': 'B', 'text': '500,85.', 'file': None, 'isCorrect': False}, {'letter': 'C', 'text': '502,87.', 'file': None, 'isCorrect': False}, {'letter': 'D', 'text': '558,75.', 'file': None, 'isCorrect': True}, {'letter': 'E', 'text': '563,25.', 'file': None, 'isCorrect': False}]",Média,Álgebra e Funções,Progressão Aritmética (PA) e Geométrica (PG)
459,Questão 150 - ENEM 2013,150,matematica,2013,"Numa escola com 1 200 alunos foi realizada uma pesquisa sobre o conhecimento desses em duas línguas estrangeiras, inglês e espanhol.

Nessa pesquisa constatou-se que 600 alunos falam inglês, 500 falam espanhol e 300 não falam qualquer um desses idiomas.",[],A,"Escolhendo-se um aluno dessa escola ao acaso e sabendo-se que ele não fala inglês, qual a probabilidade de que esse aluno fale espanhol?","[{'letter': 'A', 'text': '1/2', 'file': None, 'isCorrect': True}, {'letter': 'B', 'text': '5/8', 'file': None, 'isCorrect': False}, {'letter': 'C', 'text': '1/4', 'file': None, 'isCorrect': False}, {'letter': 'D', 'text': '5/6', 'file': None, 'isCorrect': False}, {'letter': 'E', 'text': '5/14', 'file': None, 'isCorrect': False}]",Difícil,Estatística e Probabilidade,Probabilidade Simples e Condicional
460,Questão 151 - ENEM 2013,151,matematica,2013,"Durante uma aula de Matemática, o professor sugere aos alunos que seja fixado um sistema de coordenadas cartesianas (x, y) e representa na lousa a descrição de cinco conjuntos algébricos, I, II, III, IV e V, como se segue:

I — é a circunferência de equação x2 + y2 = 9;  
II — é a parábola de equação y = − x2 − 1, com x variando de −1 a 1;  
III — é o quadrado formado pelos vértices (−2, 1), (−1, 1), (−1, 2) e (−2, 2);  
IV — é o quadrado formado pelos vértices (1, 1), (2, 1), (2, 2) e (1, 2);  
V — é o ponto (0, 0).

A seguir, o professor representa corretamente os cinco conjuntos sobre uma mesma malha quadriculada, composta de quadrados com lados medindo uma unidade de comprimento, cada, obtendo uma figura.",[],E,Qual destas figuras foi desenhada pelo professor?,"[{'letter': 'A', 'text': None, 'file': 'https://enem.dev/2013/questions/151/f9eb65fe-85e3-44ee-8a08-76815609cfaf.png', 'isCorrect': False}, {'letter': 'B', 'text': None, 'file': 'https://enem.dev/2013/questions/151/e55374e0-5345-4883-b02b-0501bb462716.png', 'isCorrect': False}, {'letter': 'C', 'text': None, 'file': 'https://enem.dev/2013/questions/151/e0329894-ff51-4113-9a03-73a775fec7e7.png', 'isCorrect': False}, {'letter': 'D', 'text': None, 'file': 'https://enem.dev/2013/questions/151/7ffe259a-2172-4ab1-b921-c91fd35989fa.png', 'isCorrect': False}, {'letter': 'E', 'text': None, 'file': 'https://enem.dev/2013/questions/151/d362f4ac-dda0-4c50-9c5b-8cd7582bfe09.png', 'isCorrect': True}]",Média,Álgebra e Funções,Equações e Funções de 1º e 2º Grau
461,Questão 152 - ENEM 2013,152,ciencias-humanas,2013,"![](https://enem.dev/2013/questions/152/71519410-35b4-4dde-b1af-d908a8fa58cf.png)

A função real que expressa a parábola, no plano cartesiano da figura, é dada pela lei ![](https://enem.dev/2013/questions/152/85174ec3-b696-45a5-afb4-1ad4fe440d34.png) onde C é a medida da altura do líquido contido na taça,  em centímetros. Sabe-se que o ponto V, na figura, representa o vértice da parábola, localizado sobre o eixo x.","['https://enem.dev/2013/questions/152/71519410-35b4-4dde-b1af-d908a8fa58cf.png', 'https://enem.dev/2013/questions/152/85174ec3-b696-45a5-afb4-1ad4fe440d34.png']",E,"Nessas condições, a altura do líquido contido na taça, em centímetros, é","[{'letter': 'A', 'text': '1', 'file': None, 'isCorrect': False}, {'letter': 'B', 'text': '2', 'file': None, 'isCorrect': False}, {'letter': 'C', 'text': '4', 'file': None, 'isCorrect': False}, {'letter': 'D', 'text': '5', 'file': None, 'isCorrect': False}, {'letter': 'E', 'text': '6', 'file': None, 'isCorrect': True}]",Média,Álgebra e Funções,Equações e Funções de 1º e 2º Grau
462,Questão 153 - ENEM 2013,153,matematica,2013,"Muitos processos fisiológicos e bioquímicos, tais como batimentos cardíacos e taxa de respiração, apresentam escalas construídas a partir da relação entre superfície e massa (ou volume) do animal. Uma dessas escalas, por exemplo, considera que “o cubo da área S da superfície de um mamífero é proporcional ao quadrado de sua massa M”.

HUGHES-HALLETT, D. et al. Cálculo e aplicações. São Paulo: Edgard Blücher, 1999 (adaptado).",[],D,"Isso é equivalente a dizer que, para uma constante k > 0, a área S pode ser escrita em função de M por meio da expressão:","[{'letter': 'A', 'text': None, 'file': 'https://enem.dev/2013/questions/153/34ca8439-c1eb-4c1b-85fa-47f889e16848.png', 'isCorrect': False}, {'letter': 'B', 'text': None, 'file': 'https://enem.dev/2013/questions/153/ad127eb1-01b2-4805-84d0-1e76fd73f986.png', 'isCorrect': False}, {'letter': 'C', 'text': None, 'file': 'https://enem.dev/2013/questions/153/6329c3a6-1980-48c6-9ba7-e67ae5bfe240.png', 'isCorrect': False}, {'letter': 'D', 'text': None, 'file': 'https://enem.dev/2013/questions/153/5c98fa2b-6a4a-4bef-bf66-7b418f8b0431.png', 'isCorrect': True}, {'letter': 'E', 'text': None, 'file': 'https://enem.dev/2013/questions/153/26be7b7d-a85f-4cc8-99c6-2ac12524ba80.png', 'isCorrect': False}]",Média,Álgebra e Funções,Equações e Funções de 1º e 2º Grau
463,Questão 154 - ENEM 2013,154,matematica,2013,"![](https://enem.dev/2013/questions/154/38290d8c-ee46-47f1-aaed-8518bc60fe1a.png)

onde m1 e m2 correspondem às massas dos corpos, _d_ à distância entre eles, _G_ à constante universal da gravitação e _F_ à força que um corpo exerce sobre o outro.

O esquema representa as trajetórias circulares de cinco satélites, de mesma massa, orbitando a Terra.

![](https://enem.dev/2013/questions/154/e34b89e1-90df-47ef-bc5d-2eea3ebb4e65.png)","['https://enem.dev/2013/questions/154/38290d8c-ee46-47f1-aaed-8518bc60fe1a.png', 'https://enem.dev/2013/questions/154/e34b89e1-90df-47ef-bc5d-2eea3ebb4e65.png']",B,Qual gráfico expressa as intensidades das forças que a Terra exerce sobre cada satélite em função do tempo?,"[{'letter': 'A', 'text': None, 'file': 'https://enem.dev/2013/questions/154/f711d5a2-7042-4918-86ec-97bcff750472.png', 'isCorrect': False}, {'letter': 'B', 'text': None, 'file': 'https://enem.dev/2013/questions/154/5e803db9-7db7-41b2-acdc-549a1dd0b2dd.png', 'isCorrect': True}, {'letter': 'C', 'text': None, 'file': 'https://enem.dev/2013/questions/154/88dc6559-bbfa-41fd-bc11-973ddfc7d4e3.png', 'isCorrect': False}, {'letter': 'D', 'text': None, 'file': 'https://enem.dev/2013/questions/154/d404d377-17c5-4e8f-a946-965528114b43.png', 'isCorrect': False}, {'letter': 'E', 'text': None, 'file': 'https://enem.dev/2013/questions/154/4c8643e0-20cf-4d31-ae07-25365020362b.png', 'isCorrect': False}]",Média,Álgebra e Funções,Equações e Funções de 1º e 2º Grau
464,Questão 155 - ENEM 2013,155,ciencias-humanas,2013,"Uma indústria tem um reservatório de água com capacidade para 900 m³. Quando há necessidade de limpeza do reservatório, toda a água precisa ser escoada. O escoamento da água é feito por seis ralos, e dura 6 horas quando o reservatório está cheio. Esta indústria construirá um novo reservatório, com capacidade de 500 m³, cujo escoamento da água deverá ser realizado em 4 horas, quando o reservatório estiver cheio. Os ralos utilizados no novo reservatório deverão ser idênticos aos do já existente.",[],C,A quantidade de ralos do novo reservatório deverá ser igual a,"[{'letter': 'A', 'text': '2', 'file': None, 'isCorrect': False}, {'letter': 'B', 'text': '4', 'file': None, 'isCorrect': False}, {'letter': 'C', 'text': '5', 'file': None, 'isCorrect': True}, {'letter': 'D', 'text': '8', 'file': None, 'isCorrect': False}, {'letter': 'E', 'text': '9', 'file': None, 'isCorrect': False}]",Média,Matemática Básica,Regra de Três
465,Questão 156 - ENEM 2013,156,matematica,2013,"Uma fábrica de fórmicas produz placas quadradas de lados de medida igual a _y_  centímetros. Essas placas são vendidas em caixas com _N_ unidades e, na caixa, é  
especificada a área máxima _S_ que pode ser coberta pelas _N_ placas.

Devido a uma demanda do mercado por placas maiores, a fábrica triplicou a medida dos lados de suas placas e conseguiu reuni-las em uma nova caixa, de tal forma que a área coberta _S_ não fosse alterada.",[],A,"A quantidade X, de placas do novo modelo, em cada nova caixa será igual a:","[{'letter': 'A', 'text': 'N/9', 'file': None, 'isCorrect': True}, {'letter': 'B', 'text': 'N/6', 'file': None, 'isCorrect': False}, {'letter': 'C', 'text': 'N/3', 'file': None, 'isCorrect': False}, {'letter': 'D', 'text': '3N', 'file': None, 'isCorrect': False}, {'letter': 'E', 'text': '9N', 'file': None, 'isCorrect': False}]",Média,Matemática Básica,Razão e Proporção
466,Questão 157 - ENEM 2013,157,matematica,2013,"![](https://enem.dev/2013/questions/157/05b2dd08-a2a1-45ea-a618-540da89c4bd3.png)

Considere 3 como valor aproximado para π",['https://enem.dev/2013/questions/157/05b2dd08-a2a1-45ea-a618-540da89c4bd3.png'],A,"Para satisfazer as condições dadas, o raio máximo da ilha de lazer r, em metros, estará mais próximo de","[{'letter': 'A', 'text': '1,6', 'file': None, 'isCorrect': True}, {'letter': 'B', 'text': '1,7', 'file': None, 'isCorrect': False}, {'letter': 'C', 'text': '2,0', 'file': None, 'isCorrect': False}, {'letter': 'D', 'text': '3,0', 'file': None, 'isCorrect': False}, {'letter': 'E', 'text': '3,8', 'file': None, 'isCorrect': False}]",Média,Geometria Plana,"Áreas de Figuras Planas (Quadrados, Retângulos, Triângulos, Círculos)"
467,Questão 158 - ENEM 2013,158,matematica,2013,"O contribuinte que vende mais de R$ 20 mil de ações em Bolsa de Valores em um mês deverá pagar Imposto de Renda. O pagamento para a Receita Federal consistirá em 15% do lucro obtido com a venda das ações.

Disponível em: www1.folha.uol.com.br. Acesso em: 26 abr. 2010 (adaptado).",[],B,Um contribuinte que vende por R$ 34 mil um lote de ações que custou R$ 26 mil terá de pagar de Imposto de Renda à Receita Federal o valor de:,"[{'letter': 'A', 'text': 'R$ 900,00.', 'file': None, 'isCorrect': False}, {'letter': 'B', 'text': 'R$ 1 200,00.', 'file': None, 'isCorrect': True}, {'letter': 'C', 'text': 'R$ 2 100,00.', 'file': None, 'isCorrect': False}, {'letter': 'D', 'text': 'R$ 3 900,00.', 'file': None, 'isCorrect': False}, {'letter': 'E', 'text': 'R$ 5 100,00.', 'file': None, 'isCorrect': False}]",Fácil,Matemática Básica,Porcentagem
468,Questão 159 - ENEM 2013,159,matematica,2013,"Para se construir um contrapiso, é comum, na constituição do concreto, se utilizar cimento, areia e brita, na seguinte proporção: 1 parte de cimento, 4 partes de  
areia e 2 partes de brita. Para construir o contrapiso de uma garagem, uma construtora encomendou um caminhão betoneira com 14 m³ de concreto.",[],B,"Qual é o volume de cimento, em m³, na carga de concreto trazido pela betoneira?","[{'letter': 'A', 'text': '1,75', 'file': None, 'isCorrect': False}, {'letter': 'B', 'text': '2,00', 'file': None, 'isCorrect': True}, {'letter': 'C', 'text': '2,33', 'file': None, 'isCorrect': False}, {'letter': 'D', 'text': '4,00', 'file': None, 'isCorrect': False}, {'letter': 'E', 'text': '8,00', 'file': None, 'isCorrect': False}]",Fácil,Matemática Básica,Razão e Proporção
469,Questão 160 - ENEM 2013,160,matematica,2013,![](https://enem.dev/2013/questions/160/c7425191-f428-4a64-bb30-70e95b899200.png),['https://enem.dev/2013/questions/160/c7425191-f428-4a64-bb30-70e95b899200.png'],B,O empresário decidiu comprar a empresa,"[{'letter': 'A', 'text': 'F', 'file': None, 'isCorrect': False}, {'letter': 'B', 'text': 'G', 'file': None, 'isCorrect': True}, {'letter': 'C', 'text': 'H', 'file': None, 'isCorrect': False}, {'letter': 'D', 'text': 'M', 'file': None, 'isCorrect': False}, {'letter': 'E', 'text': 'P', 'file': None, 'isCorrect': False}]",Média,Estatística e Probabilidade,Análise de Gráficos/Tabelas
470,Questão 161 - ENEM 2013,161,matematica,2013,"![](https://enem.dev/2013/questions/161/71e7f83b-c1a9-4a5f-af6f-5060240c73b6.png)

Disponível em: www.correios.com.br. Acesso em: 2 ago. 2012 (adaptado).",['https://enem.dev/2013/questions/161/71e7f83b-c1a9-4a5f-af6f-5060240c73b6.png'],D,"O valor total gasto, em reais, para postar essas cartas é de","[{'letter': 'A', 'text': '8,35', 'file': None, 'isCorrect': False}, {'letter': 'B', 'text': '12,50', 'file': None, 'isCorrect': False}, {'letter': 'C', 'text': '14,40', 'file': None, 'isCorrect': False}, {'letter': 'D', 'text': '15,35', 'file': None, 'isCorrect': True}, {'letter': 'E', 'text': '18,05', 'file': None, 'isCorrect': False}]",Fácil,Matemática Básica,Operações com Frações / Análise de Tabelas
471,Questão 162 - ENEM 2013,162,matematica,2013,![](https://enem.dev/2013/questions/162/7abe2076-bc00-4223-af44-4a621459fc52.png),['https://enem.dev/2013/questions/162/7abe2076-bc00-4223-af44-4a621459fc52.png'],C,"O valor mediano da diária, em reais, para o quarto padrão de casal nessa cidade, é","[{'letter': 'A', 'text': '300,00.', 'file': None, 'isCorrect': False}, {'letter': 'B', 'text': '345,00.', 'file': None, 'isCorrect': False}, {'letter': 'C', 'text': '350,00.', 'file': None, 'isCorrect': True}, {'letter': 'D', 'text': '375,00.', 'file': None, 'isCorrect': False}, {'letter': 'E', 'text': '400,00.', 'file': None, 'isCorrect': False}]",Fácil,Estatística e Probabilidade,Mediana
472,Questão 163 - ENEM 2013,163,matematica,2013,"Para aumentar as vendas no início do ano, uma loja de departamentos remarcou os preços de seus produtos 20% abaixo do preço original. Quando chegam ao caixa, os clientes que possuem o cartão fidelidade da loja têm direito a um desconto adicional de 10% sobre o valor total de suas compras.

Um cliente deseja comprar um produto que custava R$ 50,00 antes da remarcação de preços. Ele não possui o cartão fidelidade da loja.",[],E,"Caso esse cliente possuísse o cartão fidelidade da loja, a economia adicional que obteria ao efetuar a compra, em reais, seria de","[{'letter': 'A', 'text': '15,00', 'file': None, 'isCorrect': False}, {'letter': 'B', 'text': '14,00', 'file': None, 'isCorrect': False}, {'letter': 'C', 'text': '10,00', 'file': None, 'isCorrect': False}, {'letter': 'D', 'text': '5,00', 'file': None, 'isCorrect': False}, {'letter': 'E', 'text': '4,00', 'file': None, 'isCorrect': True}]",Fácil,Matemática Básica,Porcentagem
473,Questão 164 - ENEM 2013,164,matematica,2013,![](https://enem.dev/2013/questions/164/b06811f8-91ea-46e6-8a0f-048141c9045b.png),['https://enem.dev/2013/questions/164/b06811f8-91ea-46e6-8a0f-048141c9045b.png'],E,A imagem que representa a nova figura é:,"[{'letter': 'A', 'text': None, 'file': 'https://enem.dev/2013/questions/164/b5085673-e1d4-4a75-814a-b152fc1a4d1f.png', 'isCorrect': False}, {'letter': 'B', 'text': None, 'file': 'https://enem.dev/2013/questions/164/2a001806-1238-495f-a0eb-249c4a6268be.png', 'isCorrect': False}, {'letter': 'C', 'text': None, 'file': 'https://enem.dev/2013/questions/164/2859b7a7-e785-4510-8915-4d9bf93c5794.png', 'isCorrect': False}, {'letter': 'D', 'text': None, 'file': 'https://enem.dev/2013/questions/164/264bc2c7-61bc-4194-bf03-fc3aa8a2caec.png', 'isCorrect': False}, {'letter': 'E', 'text': None, 'file': 'https://enem.dev/2013/questions/164/c419ee0c-1323-40b2-9161-666cae5345d2.png', 'isCorrect': True}]",Fácil,Geometria Espacial,Projeção Ortogonal
474,Questão 165 - ENEM 2013,165,matematica,2013,![](https://enem.dev/2013/questions/165/2d41f715-77e6-4676-a0d0-89a5eca34887.png),['https://enem.dev/2013/questions/165/2d41f715-77e6-4676-a0d0-89a5eca34887.png'],B,"Com base nas informações fornecidas, quantas joias diferentes, nesse formato, o artesão poderá obter?","[{'letter': 'A', 'text': '6', 'file': None, 'isCorrect': False}, {'letter': 'B', 'text': '12', 'file': None, 'isCorrect': True}, {'letter': 'C', 'text': '18', 'file': None, 'isCorrect': False}, {'letter': 'D', 'text': '24', 'file': None, 'isCorrect': False}, {'letter': 'E', 'text': '36', 'file': None, 'isCorrect': False}]",Fácil,Combinatória e Trigonometria,Princípio Fundamental da Contagem
475,Questão 166 - ENEM 2013,166,matematica,2013,"Considere 0,3 como aproximação para log10 2.",[],E,"Qual o tempo necessário, em anos, para que uma quantidade de massa do césio-137 se reduza a 10% da quantidade inicial?","[{'letter': 'A', 'text': '27', 'file': None, 'isCorrect': False}, {'letter': 'B', 'text': '36', 'file': None, 'isCorrect': False}, {'letter': 'C', 'text': '50', 'file': None, 'isCorrect': False}, {'letter': 'D', 'text': '54', 'file': None, 'isCorrect': False}, {'letter': 'E', 'text': '100', 'file': None, 'isCorrect': True}]",Difícil,Álgebra e Funções,Funções Exponenciais e Logarítmicas
476,Questão 167 - ENEM 2013,167,matematica,2013,"Disponível em: www.arq.ufsc.br. Acesso em: 3 mar. 2012.

Suponha que uma peça, quando moldada em argila, possuía uma base retangular cujos lados mediam 30 cm e 15 cm. Após o cozimento, esses lados foram reduzidos em 20%.",[],C,"Em relação à área original, a área da base dessa peça, após o cozimento, ficou reduzida em","[{'letter': 'A', 'text': '4%', 'file': None, 'isCorrect': False}, {'letter': 'B', 'text': '20%', 'file': None, 'isCorrect': False}, {'letter': 'C', 'text': '36%', 'file': None, 'isCorrect': True}, {'letter': 'D', 'text': '64%', 'file': None, 'isCorrect': False}, {'letter': 'E', 'text': '96%', 'file': None, 'isCorrect': False}]",Média,Matemática Básica,Porcentagem
477,Questão 168 - ENEM 2013,168,matematica,2013,![](https://enem.dev/2013/questions/168/a837d05f-4fe2-4d97-8542-fbcea6679fe9.png),['https://enem.dev/2013/questions/168/a837d05f-4fe2-4d97-8542-fbcea6679fe9.png'],B,"O desempenho conjunto dessas máquinas, em setembro, pode ser classificado como","[{'letter': 'A', 'text': 'Excelente.', 'file': None, 'isCorrect': False}, {'letter': 'B', 'text': 'Bom.', 'file': None, 'isCorrect': True}, {'letter': 'C', 'text': 'Regular.', 'file': None, 'isCorrect': False}, {'letter': 'D', 'text': 'Ruim.', 'file': None, 'isCorrect': False}, {'letter': 'E', 'text': 'Péssimo.', 'file': None, 'isCorrect': False}]",Fácil,Estatística e Probabilidade,Análise de Gráficos/Tabelas
478,Questão 169 - ENEM 2013,169,matematica,2013,"![](https://enem.dev/2013/questions/169/4edf5f0f-1c12-4b0b-a004-77d4d4835645.png)

Cinco apostadores, cada um com R$ 500,00 para apostar, fizeram as seguintes opções:

Arthur: 250 cartelas com 6 números escolhidos;

Bruno: 41 cartelas com 7 números escolhidos e 4 cartelas com 6 números escolhidos;

Caio: 12 cartelas com 8 números escolhidos e 10 cartelas com 6 números escolhidos;

Douglas: 4 cartelas com 9 números escolhidos;

Eduardo: 2 cartelas com 10 números escolhidos.",['https://enem.dev/2013/questions/169/4edf5f0f-1c12-4b0b-a004-77d4d4835645.png'],A,Os dois apostadores com maiores probabilidades de serem premiados são,"[{'letter': 'A', 'text': 'Caio e Eduardo.', 'file': None, 'isCorrect': True}, {'letter': 'B', 'text': 'Arthur e Eduardo.', 'file': None, 'isCorrect': False}, {'letter': 'C', 'text': 'Bruno e Caio.', 'file': None, 'isCorrect': False}, {'letter': 'D', 'text': 'Arthur e Bruno.', 'file': None, 'isCorrect': False}, {'letter': 'E', 'text': 'Douglas e Eduardo.', 'file': None, 'isCorrect': False}]",Difícil,Combinatória e Trigonometria,Combinação
479,Questão 170 - ENEM 2013,170,matematica,2013,"Nos Estados Unidos a unidade de medida de volume mais utilizada em latas de refrigerante é a onça fluida (fl oz), que equivale a aproximadamente 2,95 centilitros (cL).

Sabe-se que o centilitro é a centésima parte do litro e que a lata de refrigerante usualmente comercializada no Brasil tem capacidade de 355 mL.",[],C,"Assim, a medida do volume da lata de refrigerante de 355 mL, em onça fluida (fl oz), é mais próxima de","[{'letter': 'A', 'text': '0,83', 'file': None, 'isCorrect': False}, {'letter': 'B', 'text': '1,20', 'file': None, 'isCorrect': False}, {'letter': 'C', 'text': '12,03', 'file': None, 'isCorrect': True}, {'letter': 'D', 'text': '104,73', 'file': None, 'isCorrect': False}, {'letter': 'E', 'text': '120,34', 'file': None, 'isCorrect': False}]",Média,Matemática Básica,Razão e Proporção / Unidades de Medida
480,Questão 171 - ENEM 2013,171,matematica,2013,,[],B,Qual é a expressão que representa a relação entre X e Y,"[{'letter': 'A', 'text': '5X − 3Y + 15 = 0', 'file': None, 'isCorrect': False}, {'letter': 'B', 'text': '5X − 2Y + 10 = 0', 'file': None, 'isCorrect': True}, {'letter': 'C', 'text': '3X − 3Y + 15 = 0', 'file': None, 'isCorrect': False}, {'letter': 'D', 'text': '3X − 2Y + 15 = 0', 'file': None, 'isCorrect': False}, {'letter': 'E', 'text': '3X − 2Y + 10 = 0', 'file': None, 'isCorrect': False}]",Média,Álgebra e Funções,Equações e Funções de 1º e 2º Grau
481,Questão 172 - ENEM 2013,172,matematica,2013,"A temperatura T de um forno (em graus centígrados) é reduzida por um sistema a partir do instante de seu desligamento (t = 0) e varia de acordo com a expressão ![](https://enem.dev/2013/questions/172/d05feb96-582b-4f24-8173-87c59a15ee16.png)com t em minutos. Por motivos de segurança, a trava do forno só é liberada para  
abertura quando o forno atinge a temperatura de 39 ºC.",['https://enem.dev/2013/questions/172/d05feb96-582b-4f24-8173-87c59a15ee16.png'],D,"Qual o tempo mínimo de espera, em minutos, após se desligar o forno, para que a porta possa ser aberta?","[{'letter': 'A', 'text': '19,0', 'file': None, 'isCorrect': False}, {'letter': 'B', 'text': '19,8', 'file': None, 'isCorrect': False}, {'letter': 'C', 'text': '20,0', 'file': None, 'isCorrect': False}, {'letter': 'D', 'text': '38,0', 'file': None, 'isCorrect': True}, {'letter': 'E', 'text': '39,0', 'file': None, 'isCorrect': False}]",Difícil,Álgebra e Funções,Funções Exponenciais e Logarítmicas
482,Questão 173 - ENEM 2013,173,matematica,2013,"O ciclo de atividade magnética do Sol tem um período de 11 anos. O início do primeiro ciclo registrado se deu no começo de 1755 e se estendeu até o final de 1765. Desde então, todos os ciclos de atividade magnética do Sol têm sido registrados.

Disponível em: http://g1.globo.com. Acesso em: 27 fev. 2013.",[],A,"No ano de 2101, o Sol estará no ciclo de atividade magnética de número","[{'letter': 'A', 'text': '32', 'file': None, 'isCorrect': True}, {'letter': 'B', 'text': '34', 'file': None, 'isCorrect': False}, {'letter': 'C', 'text': '33', 'file': None, 'isCorrect': False}, {'letter': 'D', 'text': '35', 'file': None, 'isCorrect': False}, {'letter': 'E', 'text': '31', 'file': None, 'isCorrect': False}]",Média,Álgebra e Funções,Progressão Aritmética (PA) e Geométrica (PG)
483,Questão 174 - ENEM 2013,174,matematica,2013,"![](https://enem.dev/2013/questions/174/058b1a19-673e-41e2-864f-585fb4405de3.png)

Há interesse em estimar o número de vezes que foi ampliada a área correspondente a esse estado no mapa do Brasil.",['https://enem.dev/2013/questions/174/058b1a19-673e-41e2-864f-585fb4405de3.png'],D,Esse número é,"[{'letter': 'A', 'text': 'Menor que 10.', 'file': None, 'isCorrect': False}, {'letter': 'B', 'text': 'Maior que 10 e menor que 20.', 'file': None, 'isCorrect': False}, {'letter': 'C', 'text': 'Maior que 20 e menor que 30.', 'file': None, 'isCorrect': False}, {'letter': 'D', 'text': 'Maior que 30 e menor que 40.', 'file': None, 'isCorrect': True}, {'letter': 'E', 'text': 'Maior que 40.', 'file': None, 'isCorrect': False}]",Média,Matemática Básica,Escala
484,Questão 175 - ENEM 2013,175,matematica,2013,"![](https://enem.dev/2013/questions/175/eb855bec-d0a6-4b05-b8d8-fcff4deae0a7.png)

A torre deve estar situada em um local equidistante das três antenas.",['https://enem.dev/2013/questions/175/eb855bec-d0a6-4b05-b8d8-fcff4deae0a7.png'],E,O local adequado para a construção dessa torre corresponde ao ponto de coordenadas,"[{'letter': 'A', 'text': '(65 ; 35).', 'file': None, 'isCorrect': False}, {'letter': 'B', 'text': '(53 ; 30).', 'file': None, 'isCorrect': False}, {'letter': 'C', 'text': '(45 ; 35).', 'file': None, 'isCorrect': False}, {'letter': 'D', 'text': '(50 ; 20).', 'file': None, 'isCorrect': False}, {'letter': 'E', 'text': '(50 ; 30).', 'file': None, 'isCorrect': True}]",Difícil,Geometria Plana,Áreas de Figuras Planas
485,Questão 176 - ENEM 2013,176,matematica,2013,"![](https://enem.dev/2013/questions/176/38cb8424-5409-40d1-bed1-ccff111fb5ea.png)

Nela identifica-se a representação de duas figuras geométricas tridimensionais.",['https://enem.dev/2013/questions/176/38cb8424-5409-40d1-bed1-ccff111fb5ea.png'],D,Essas figuras são,"[{'letter': 'A', 'text': 'Um tronco de cone e um cilindro.', 'file': None, 'isCorrect': False}, {'letter': 'B', 'text': 'Um cone e um cilindro.', 'file': None, 'isCorrect': False}, {'letter': 'C', 'text': 'Um tronco de pirâmide e um cilindro.', 'file': None, 'isCorrect': False}, {'letter': 'D', 'text': 'Dois troncos de cone.', 'file': None, 'isCorrect': True}, {'letter': 'E', 'text': 'Dois cilindros.', 'file': None, 'isCorrect': False}]",Fácil,Geometria Espacial,"Volume e Área de Prismas, Cilindros, Cones, Pirâmides e Esferas"
486,Questão 177 - ENEM 2013,177,matematica,2013,![](https://enem.dev/2013/questions/177/1c2ff438-889a-4dcc-8cd6-cf02757f4b17.png),['https://enem.dev/2013/questions/177/1c2ff438-889a-4dcc-8cd6-cf02757f4b17.png'],C,"Dos países com notas abaixo da média nesse exame, aquele que apresenta maior quantidade de horas de estudo é","[{'letter': 'A', 'text': 'Finlândia.', 'file': None, 'isCorrect': False}, {'letter': 'B', 'text': 'Holanda.', 'file': None, 'isCorrect': False}, {'letter': 'C', 'text': 'Israel.', 'file': None, 'isCorrect': True}, {'letter': 'D', 'text': 'México.', 'file': None, 'isCorrect': False}, {'letter': 'E', 'text': 'Rússia.', 'file': None, 'isCorrect': False}]",Fácil,Estatística e Probabilidade,Análise de Gráficos/Tabelas
487,Questão 178 - ENEM 2013,178,matematica,2013,![](https://enem.dev/2013/questions/178/402e3690-ae8e-4967-a6fb-169619428b3a.png),['https://enem.dev/2013/questions/178/402e3690-ae8e-4967-a6fb-169619428b3a.png'],D,"Considere que AC = 7/5 BD e que l é a medida de um dos lados da base da bandeja.
Qual deve ser o menor valor da razão lBD para que uma bandeja tenha capacidade de portar exatamente quatro copos de uma só vez?","[{'letter': 'A', 'text': '2', 'file': None, 'isCorrect': False}, {'letter': 'B', 'text': '14/5', 'file': None, 'isCorrect': False}, {'letter': 'C', 'text': '4', 'file': None, 'isCorrect': False}, {'letter': 'D', 'text': '24/5', 'file': None, 'isCorrect': True}, {'letter': 'E', 'text': '28/5', 'file': None, 'isCorrect': False}]",Difícil,Geometria Espacial,Volume e Área de Prismas / Projeção Ortogonal
488,Questão 179 - ENEM 2013,179,matematica,2013,![](https://enem.dev/2013/questions/179/b89b41c4-9cdd-4858-8d4d-69e4efbcf1cc.png),['https://enem.dev/2013/questions/179/b89b41c4-9cdd-4858-8d4d-69e4efbcf1cc.png'],C,Qual deve ser o valor do comprimento da haste EF?,"[{'letter': 'A', 'text': '1 m', 'file': None, 'isCorrect': False}, {'letter': 'B', 'text': '2 m', 'file': None, 'isCorrect': False}, {'letter': 'C', 'text': '2,4 m', 'file': None, 'isCorrect': True}, {'letter': 'D', 'text': '3 m', 'file': None, 'isCorrect': False}, {'letter': 'E', 'text': '2√6 m', 'file': None, 'isCorrect': False}]",Média,Geometria Plana,Semelhança de Triângulos
489,Questão 180 - ENEM 2013,180,ciencias-humanas,2013,![](https://enem.dev/2013/questions/180/a6d3cee1-2e6e-4bdd-974c-c780c2c728fe.png),['https://enem.dev/2013/questions/180/a6d3cee1-2e6e-4bdd-974c-c780c2c728fe.png'],B,"A projeção ortogonal da trajetória dos pontos A e B, sobre o plano do chão da gangorra, quando esta se encontra em movimento, é:","[{'letter': 'A', 'text': None, 'file': 'https://enem.dev/2013/questions/180/5f055a9a-02d4-407f-902e-2cd84cc48d79.png', 'isCorrect': False}, {'letter': 'B', 'text': None, 'file': 'https://enem.dev/2013/questions/180/9bfc7c28-1185-4e30-9ffc-69d21face5be.png', 'isCorrect': True}, {'letter': 'C', 'text': None, 'file': 'https://enem.dev/2013/questions/180/6ef2ba9b-8d80-4410-bd58-f099aa5028b0.png', 'isCorrect': False}, {'letter': 'D', 'text': None, 'file': 'https://enem.dev/2013/questions/180/3588a09e-40a9-4788-9112-be037a50227c.png', 'isCorrect': False}, {'letter': 'E', 'text': None, 'file': 'https://enem.dev/2013/questions/180/fc9505d9-3e46-403f-9665-1650f7767ec6.png', 'isCorrect': False}]",Média,Geometria Espacial,Projeção Ortogonal
490,Questão 136 - ENEM 2012,136,matematica,2012,"O esporte de alta competição da atualidade produziu uma questão ainda sem resposta: Qual é o limite do corpo humano? O maratonista original, o grego da lenda, morreu de fadiga por ter corrido 42 quilômetros. O americano Dean Karnazes, cruzando sozinho as planícies da Califórnia, conseguiu correr dez vezes mais em 75 horas.  
Um professor de Educação Física, ao discutir com a turma o texto sobre a capacidade do maratonista americano, desenhou na lousa uma pista reta de 60 centímetros, que representaria o percurso referido.

_Disponível em: http://veja.abril.com.br. Acesso em: 25 jun. 2011 (adaptado)._",[],D,"Se o percurso de Dean Karnazes fosse também em uma pista reta, qual seria a escala entre a pista feita pelo professor e a percorrida pelo atleta?","[{'letter': 'A', 'text': '1:700', 'file': None, 'isCorrect': False}, {'letter': 'B', 'text': '1:7 000', 'file': None, 'isCorrect': False}, {'letter': 'C', 'text': '1:70 000', 'file': None, 'isCorrect': False}, {'letter': 'D', 'text': '1:700 000', 'file': None, 'isCorrect': True}, {'letter': 'E', 'text': '1:7 000 000', 'file': None, 'isCorrect': False}]",Média,Matemática Básica,Escala
491,Questão 137 - ENEM 2012,137,matematica,2012,"![](https://enem.dev/2012/questions/137/5720ed4d-1330-4139-8e45-4161901d1ed3.png)

Dobrando-se o raio de duas das circunferências centradas em vértices opostos do losango e ainda mantendo-se a configuração das tangências, obtém-se uma situação conforme ilustrada pela Figura 2.

![](https://enem.dev/2012/questions/137/232bcbe6-caaa-44af-a96a-317187b14850.png)","['https://enem.dev/2012/questions/137/5720ed4d-1330-4139-8e45-4161901d1ed3.png', 'https://enem.dev/2012/questions/137/232bcbe6-caaa-44af-a96a-317187b14850.png']",E,"O perímetro do losango da Figura 2, quando comparado ao perímetro do losango da Figura 1, teve um aumento de","[{'letter': 'A', 'text': '300%.', 'file': None, 'isCorrect': False}, {'letter': 'B', 'text': '200%.', 'file': None, 'isCorrect': False}, {'letter': 'C', 'text': '150%.', 'file': None, 'isCorrect': False}, {'letter': 'D', 'text': '100%.', 'file': None, 'isCorrect': False}, {'letter': 'E', 'text': '50%.', 'file': None, 'isCorrect': True}]",Média,Geometria Plana,"Áreas de Figuras Planas (Quadrados, Retângulos, Triângulos, Círculos)"
492,Questão 138 - ENEM 2012,138,matematica,2012,,[],B,"Sabendo-se que um deles levou 50 laranjas a mais no segundo trajeto, qual a quantidade de laranjas que José, Carlos e Paulo, nessa ordem, transportaram na segunda parte do trajeto?","[{'letter': 'A', 'text': '600, 550, 350', 'file': None, 'isCorrect': False}, {'letter': 'B', 'text': '300, 300, 150', 'file': None, 'isCorrect': True}, {'letter': 'C', 'text': '300, 250, 200', 'file': None, 'isCorrect': False}, {'letter': 'D', 'text': '200, 200, 100', 'file': None, 'isCorrect': False}, {'letter': 'E', 'text': '100, 100, 50', 'file': None, 'isCorrect': False}]",Média,Matemática Básica,Razão e Proporção
493,Questão 139 - ENEM 2012,139,matematica,2012,"O gráfico a seguir apresenta o resultado da enquete.

![](https://enem.dev/2012/questions/139/d676f9b1-2c82-461a-9863-f38aacafed80.png)

O administrador do _blog_ irá sortear um livro entre os visitantes que opinaram na postagem “Contos de Halloween”.",['https://enem.dev/2012/questions/139/d676f9b1-2c82-461a-9863-f38aacafed80.png'],D,"Sabendo que nenhum visitante votou mais de uma vez, a probabilidade de uma pessoa escolhida ao acaso entre as que opinaram ter assinalado que o conto “Contos de Halloween” é “Chato” é mais aproximada por","[{'letter': 'A', 'text': '0,09.', 'file': None, 'isCorrect': False}, {'letter': 'B', 'text': '0,12.', 'file': None, 'isCorrect': False}, {'letter': 'C', 'text': '0,14.', 'file': None, 'isCorrect': False}, {'letter': 'D', 'text': '0,15.', 'file': None, 'isCorrect': True}, {'letter': 'E', 'text': '0,18.', 'file': None, 'isCorrect': False}]",Fácil,Estatística e Probabilidade,Análise de Gráficos/Tabelas / Probabilidade Simples e Condicional
494,Questão 140 - ENEM 2012,140,ciencias-humanas,2012,"Arthur deseja comprar um terreno de Cléber, que lhe oferece as seguintes possibilidades de pagamento:

• Opção 1: Pagar à vista, por R$ 55 000,00;

• Opção 2: Pagar a prazo, dando uma entrada de R$ 30 000,00, e mais uma prestação de R$ 26 000,00 para dali a 6 meses.

• Opção 3: Pagar a prazo, dando uma entrada de R$ 20 000,00, mais uma prestação de R$ 20 000,00, para dali a 6 meses e outra de R$ 18 000,00 para dali a 12 meses da data da compra.

• Opção 4: Pagar a prazo dando uma entrada de R$ 15 000,00 e o restante em 1 ano da data da compra, pagando R$ 39 000,00.

• Opção 5: pagar a prazo, dali a um ano, o valor de R$ 60 000,00.

Arthur tem o dinheiro para pagar à vista, mas avalia se não seria melhor aplicar o dinheiro do valor à vista (ou até um valor menor) em um investimento, com rentabilidade de 10% ao semestre, resgatando os valores à medida que as prestações da opção escolhida fossem vencendo.",[],D,"Após avaliar a situação do ponto de vista financeiro e das condições apresentadas, Arthur concluiu que era mais vantajoso financeiramente escolher a opção:","[{'letter': 'A', 'text': '1.', 'file': None, 'isCorrect': False}, {'letter': 'B', 'text': '2.', 'file': None, 'isCorrect': False}, {'letter': 'C', 'text': '3.', 'file': None, 'isCorrect': False}, {'letter': 'D', 'text': '4.', 'file': None, 'isCorrect': True}, {'letter': 'E', 'text': '5.', 'file': None, 'isCorrect': False}]",Difícil,Matemática Básica,Porcentagem / Operações com Frações
495,Questão 141 - ENEM 2012,141,matematica,2012,![](https://enem.dev/2012/questions/141/e150aff4-41c0-4f6b-9a19-232d978fc497.png),['https://enem.dev/2012/questions/141/e150aff4-41c0-4f6b-9a19-232d978fc497.png'],E,"Nestas condições, a área perdida do forro, após a primeira lavagem, será expressa por","[{'letter': 'A', 'text': '2xy', 'file': None, 'isCorrect': False}, {'letter': 'B', 'text': '15 − 3x', 'file': None, 'isCorrect': False}, {'letter': 'C', 'text': '15 − 5y', 'file': None, 'isCorrect': False}, {'letter': 'D', 'text': '−5y − 3x', 'file': None, 'isCorrect': False}, {'letter': 'E', 'text': '5y + 3x − xy', 'file': None, 'isCorrect': True}]",Média,Geometria Plana,Áreas de Figuras Planas
496,Questão 142 - ENEM 2012,142,matematica,2012,"A capacidade mínima, em BTU/h, de um aparelho de ar-condicionado, para ambientes sem exposição ao sol, pode ser determinada da seguinte forma:

• 600 BTU/h por m2 , considerando-se até duas pessoas no ambiente;

• para cada pessoa adicional nesse ambiente, acrescentar 600 BTU/h;

• acrescentar mais 600 BTU/h para cada equipamento eletroeletrônico em funcionamento no ambiente.

Será instalado um aparelho de ar-condicionado em uma sala, sem exposição ao sol, de dimensões 4 m x 5 m, em que permaneçam quatro pessoas e possua um aparelho de televisão em funcionamento.",[],D,"A capacidade mínima, em BTU/h, desse aparelho de arcondicionado deve ser","[{'letter': 'A', 'text': '12 000.', 'file': None, 'isCorrect': False}, {'letter': 'B', 'text': '12 600.', 'file': None, 'isCorrect': False}, {'letter': 'C', 'text': '13 200.', 'file': None, 'isCorrect': False}, {'letter': 'D', 'text': '13 800.', 'file': None, 'isCorrect': True}, {'letter': 'E', 'text': '15 000.', 'file': None, 'isCorrect': False}]",Fácil,Matemática Básica,Razão e Proporção
497,Questão 143 - ENEM 2012,143,matematica,2012,![](https://enem.dev/2012/questions/143/29dbd2b9-ef4e-4af8-8de5-2a651c4935c4.png),['https://enem.dev/2012/questions/143/29dbd2b9-ef4e-4af8-8de5-2a651c4935c4.png'],A,A expressão que traduz a resistência S dessa viga de madeira é,"[{'letter': 'A', 'text': None, 'file': 'https://enem.dev/2012/questions/143/fef35e1c-c502-4670-9b8c-cb591dce50d8.png', 'isCorrect': True}, {'letter': 'B', 'text': None, 'file': 'https://enem.dev/2012/questions/143/887c79e5-b54f-4164-84df-4b6150b6b726.png', 'isCorrect': False}, {'letter': 'C', 'text': None, 'file': 'https://enem.dev/2012/questions/143/ea36520c-f0fd-4346-824f-8027c18a169c.png', 'isCorrect': False}, {'letter': 'D', 'text': None, 'file': 'https://enem.dev/2012/questions/143/c637c2e1-f94b-4d64-a420-d27b03a11fdc.png', 'isCorrect': False}, {'letter': 'E', 'text': None, 'file': 'https://enem.dev/2012/questions/143/dd92ffbd-5cc1-48a6-9d20-5d948d58abd5.png', 'isCorrect': False}]",Difícil,Álgebra e Funções,Equações e Funções de 1º e 2º Grau
498,Questão 144 - ENEM 2012,144,matematica,2012,"O diretor de uma escola convidou os 280 alunos de terceiro ano a participarem de uma brincadeira. Suponha que existem 5 objetos e 6 personagens numa casa de 9 cômodos; um dos personagens esconde um dos objetos em um dos cômodos da casa. O objetivo da brincadeira é adivinhar qual objeto foi escondido por qual personagem e em qual cômodo da casa o objeto foi escondido.

Todos os alunos decidiram participar. A cada vez um aluno é sorteado e dá a sua resposta. As respostas devem ser sempre distintas das anteriores, e um mesmo aluno não pode ser sorteado mais de uma vez. Se a resposta do aluno estiver correta, ele é declarado vencedor e a brincadeira é encerrada.",[],A,O diretor sabe que algum aluno acertará a resposta porque há,"[{'letter': 'A', 'text': '10 alunos a mais do que possíveis respostas distintas.', 'file': None, 'isCorrect': True}, {'letter': 'B', 'text': '20 alunos a mais do que possíveis respostas distintas.', 'file': None, 'isCorrect': False}, {'letter': 'C', 'text': '119 alunos a mais do que possíveis respostas distintas.', 'file': None, 'isCorrect': False}, {'letter': 'D', 'text': '260 alunos a mais do que possíveis respostas distintas.', 'file': None, 'isCorrect': False}, {'letter': 'E', 'text': '270 alunos a mais do que possíveis respostas distintas.', 'file': None, 'isCorrect': False}]",Difícil,Combinatória e Trigonometria,Princípio Fundamental da Contagem
499,Questão 145 - ENEM 2012,145,matematica,2012,![](https://enem.dev/2012/questions/145/6e2e626f-d7f8-4615-bd32-13151f6cc0be.png),['https://enem.dev/2012/questions/145/6e2e626f-d7f8-4615-bd32-13151f6cc0be.png'],D,Qual é a árvore que apresenta a maior altura real?,"[{'letter': 'A', 'text': 'I', 'file': None, 'isCorrect': False}, {'letter': 'B', 'text': 'II', 'file': None, 'isCorrect': False}, {'letter': 'C', 'text': 'III', 'file': None, 'isCorrect': False}, {'letter': 'D', 'text': 'IV', 'file': None, 'isCorrect': True}, {'letter': 'E', 'text': 'V', 'file': None, 'isCorrect': False}]",Fácil,Matematica Básica,Escala
500,Questão 146 - ENEM 2012,146,matematica,2012,"![](https://enem.dev/2012/questions/146/f3712744-381c-4ed8-8f20-86b3e9a52be9.png)

Uma jogada consiste em:

1º) o jogador apresenta um palpite sobre a cor da bola que será retirada por ele da urna 2;

2º) ele retira, aleatoriamente, uma bola da urna 1 e a coloca na urna 2, misturando-a com as que lá estão;

3º) em seguida ele retira, também aleatoriamente, uma bola da urna 2;

4º) se a cor da última bola retirada for a mesma do palpite inicial, ele ganha o jogo.",['https://enem.dev/2012/questions/146/f3712744-381c-4ed8-8f20-86b3e9a52be9.png'],E,Qual cor deve ser escolhida pelo jogador para que ele tenha a maior probabilidade de ganhar?,"[{'letter': 'A', 'text': 'Azul.', 'file': None, 'isCorrect': False}, {'letter': 'B', 'text': 'Amarela.', 'file': None, 'isCorrect': False}, {'letter': 'C', 'text': 'Branca.', 'file': None, 'isCorrect': False}, {'letter': 'D', 'text': 'Verde.', 'file': None, 'isCorrect': False}, {'letter': 'E', 'text': 'Vermelha.', 'file': None, 'isCorrect': True}]",Difícil,Estatística e Probabilidade,Probabilidade Simples e Condicional
501,Questão 147 - ENEM 2012,147,matematica,2012,![](https://enem.dev/2012/questions/147/04304914-c660-44ee-a7a0-ee9be4ae9d9c.png),['https://enem.dev/2012/questions/147/04304914-c660-44ee-a7a0-ee9be4ae9d9c.png'],D,"Considerando as informações indicadas na figura, o consumo total de água registrado nesse hidrômetro, em litros, é igual a","[{'letter': 'A', 'text': '3 534,85.', 'file': None, 'isCorrect': False}, {'letter': 'B', 'text': '3 544,20.', 'file': None, 'isCorrect': False}, {'letter': 'C', 'text': '3 534 850,00.', 'file': None, 'isCorrect': False}, {'letter': 'D', 'text': '3 534 859,35.', 'file': None, 'isCorrect': True}, {'letter': 'E', 'text': '3 534 850,39.', 'file': None, 'isCorrect': False}]",Fácil,Matemática Básica,Unidades de Medida e Vazão
